AXCT2030720d-267c-4352-a317-aa59f6c905b5
HFFTYFRTYPE:samsung SM-S921B 16 Client:xctrack FlightId:019f55e3-9393-7889-9028-4997ed9aa774
HFRFWFIRMWAREVERSION:0.9.12.6 LIVE:UNKNOWN
HFPLTPILOTINCHARGE:Theo Laplasse
HOSITSite:Planpraz
HFCCLCOMPETITIONCLASS:FAI-3 (PG)
HFGTYGLIDERTYPE:ADVANCE Theta ULS
HODTM100GPSDATUM:WGS-84
HFALPALTPRESSURE:ISA
HFALG:GEO
HFDTEDATE:120726,00
I023636LAD3737LOD
LXCTDEVICE eyJhcHAiOnsibmFtZSI6IlhDVHJhY2siLCJ2ZXJzaW9uQ29kZSI6OTEyNjAsInZlc
LXCTDEVICE nNpb25OYW1lIjoiMC45LjEyLjYifSwiZGV2aWNlIjp7ImJ1aWxkSWQiOiJCUDRBLj
LXCTDEVICE I1MTIwNS4wMDYiLCJjcHVBQkkiOiJhcm02NC12OGEiLCJkZXZRdWV1ZUJ1aWxkIjo
LXCTDEVICE iZjIzYWFmMTQ4ZTVmYTBjYzBhMDUwM2VhODE2NTk3YzliYzQ4MDgwZCIsImRldmlj
LXCTDEVICE ZVN0cmluZyI6InNhbXN1bmcgU00tUzkyMUIgMTYiLCJkaXNwbGF5Ijp7ImgiOjIzN
LXCTDEVICE DAsIm1tIjoxOC44OTc2MzgsInciOjEwODB9LCJmaW5nZXJwcmludCI6InNhbXN1bm
LXCTDEVICE cvZTFzeGVlYS9lMXM6MTYvQlA0QS4yNTEyMDUuMDA2L1M5MjFCWFhTRkRaRjI6dXN
LXCTDEVICE lci9yZWxlYXNlLWtleXMiLCJoYXJkd2FyZSI6InM1ZTk5NDUiLCJtYW51ZmFjdHVy
LXCTDEVICE ZXIiOiJzYW1zdW5nIiwibWVtb3J5Ijp7ImFkdmVydGlzZWRNZW0iOjg1ODk5MzQ1O
LXCTDEVICE TIsImF2YWlsTWVtIjoxODQ5Mjc4NDY0LCJmb3JlZ3JvdW5kQXBwVGhyZXNob2xkIj
LXCTDEVICE oxMzg0MTIwMzIsImxvd01lbW9yeSI6ZmFsc2UsInRocmVzaG9sZCI6NDA4OTQ0NjQ
LXCTDEVICE wLCJ0b3RhbE1lbSI6NzU3NDgyMjkxMn0sIm1vZGVsIjoiU00tUzkyMUIiLCJwcm9k
LXCTDEVICE dWN0IjoiZTFzeGVlYSJ9LCJkZXZpY2VJZCI6IjIwMzA3MjBkLTI2N2MtNDM1Mi1hM
LXCTDEVICE zE3LWFhNTlmNmM5MDViNSIsIm9zIjp7InNkayI6MzYsInRpbWV6b25lIjoiRXVyb3
LXCTDEVICE BlL1BhcmlzIiwidHlwZSI6IkFuZHJvaWQiLCJ2ZXJzaW9uIjoiMTYifX0=
B1037364556191N00651066EA019080204164
B1037374556191N00651066EA019080204164
B1037384556191N00651066EA019080204164
B1037394556191N00651066EA019080204164
B1037404556191N00651066EA019080204164
B1037414556191N00651066EA019080204164
B1037424556191N00651066EA019080204164
B1037434556191N00651066EA019080204164
B1037444556191N00651066EA019080204164
B1037454556191N00651066EA019080204164
B1037464556191N00651066EA019080204164
B1037474556191N00651066EA019080204164
B1037484556191N00651066EA019080204164
B1037494556190N00651065EA019070204187
B1037504556189N00651064EA019070204158
B1037514556189N00651064EA019070204142
B1037524556190N00651064EA019070204123
B1037534556190N00651065EA019070204121
B1037544556189N00651066EA019060204260
B1037554556188N00651065EA019070204297
B1037564556187N00651065EA019080204105
B1037574556184N00651064EA019080203895
B1037584556181N00651064EA019080203670
B1037594556178N00651063EA019080203500
B1038004556173N00651061EA019070203644
B1038014556168N00651060EA019070203781
B1038024556165N00651060EA019070204012
B1038034556163N00651059EA019080204225
B1038044556162N00651057EA019090204304
B1038054556161N00651054EA019100204246
B1038064556160N00651050EA019110204063
B1038074556159N00651045EA019100204066
B1038084556158N00651039EA019100204046
B1038094556157N00651033EA019100204221
B1038104556156N00651028EA019100204450
B1038114556155N00651023EA019110204693
B1038124556155N00651018EA019130204859
B1038134556154N00651014EA019140204974
B1038144556154N00651010EA019160205003
B1038154556153N00651005EA019180205298
B1038164556154N00651001EA019190205331
B1038174556154N00650995EA019210205597
B1038184556155N00650989EA019230205579
B1038194556156N00650983EA019240205608
B1038204556156N00650978EA019250205810
B1038214556156N00650973EA019260206081
B1038224556157N00650969EA019270206051
B1038234556158N00650964EA019260205809
B1038244556158N00650959EA019250205617
B1038254556157N00650954EA019240205581
B1038264556156N00650948EA019230205328
B1038274556153N00650943EA019210205187
B1038284556151N00650939EA019190205020
B1038294556148N00650934EA019170205038
B1038304556145N00650930EA019160204966
B1038314556143N00650926EA019150204725
B1038324556141N00650922EA019140204624
B1038334556139N00650918EA019130204502
B1038344556136N00650913EA019120204375
B1038354556134N00650908EA019110204260
B1038364556132N00650902EA019100204221
B1038374556129N00650896EA019090204196
B1038384556128N00650891EA019090204115
B1038394556126N00650886EA019080203925
B1038404556123N00650881EA019070203773
B1038414556120N00650876EA019060203681
B1038424556117N00650870EA019050203587
B1038434556115N00650865EA019030203404
B1038444556112N00650859EA019020203339
B1038454556109N00650854EA019010203166
B1038464556106N00650849EA018990202957
B1038474556102N00650845EA018970202760
B1038484556098N00650840EA018960202779
B1038494556095N00650837EA018950202757
B1038504556092N00650834EA018940202541
B1038514556089N00650830EA018930202314
B1038524556085N00650825EA018910202055
B1038534556081N00650820EA018890201770
B1038544556077N00650814EA018870201551
B1038554556073N00650809EA018850201440
B1038564556069N00650803EA018830201459
B1038574556065N00650798EA018820201335
B1038584556060N00650793EA018820201390
B1038594556056N00650787EA018820201343
B1039004556052N00650781EA018820201326
B1039014556048N00650776EA018820201540
B1039024556045N00650772EA018840201840
B1039034556042N00650768EA018860202177
B1039044556040N00650765EA018880202318
B1039054556037N00650761EA018900202539
B1039064556034N00650757EA018930202715
B1039074556030N00650753EA018950203070
B1039084556027N00650747EA018980203358
B1039094556025N00650742EA019010203525
B1039104556023N00650737EA019040203732
B1039114556021N00650731EA019060203827
B1039124556018N00650725EA019090204065
B1039134556016N00650719EA019110204240
B1039144556015N00650712EA019120204614
B1039154556014N00650705EA019150204916
B1039164556013N00650699EA019170205103
B1039174556010N00650694EA019190205286
B1039184556007N00650690EA019210205363
B1039194556003N00650690EA019210205371
B1039204556000N00650692EA019220205481
B1039214556000N00650698EA019220205608
B1039224556000N00650704EA019230205884
B1039234556005N00650708EA019240206018
B1039244556010N00650711EA019250206225
B1039254556016N00650713EA019260206421
B1039264556021N00650714EA019280206661
B1039274556026N00650717EA019300206864
B1039284556030N00650722EA019320207086
B1039294556033N00650728EA019340207496
B1039304556034N00650734EA019370207742
B1039314556033N00650738EA019400207968
B1039324556030N00650740EA019420207950
B1039334556026N00650738EA019430207885
B1039344556024N00650733EA019420207803
B1039354556022N00650725EA019420207875
B1039364556024N00650716EA019420208127
B1039374556026N00650710EA019440208430
B1039384556027N00650704EA019460208830
B1039394556026N00650698EA019490209046
B1039404556024N00650692EA019520209120
B1039414556020N00650687EA019540209331
B1039424556016N00650684EA019570209557
B1039434556013N00650684EA019590209733
B1039444556011N00650685EA019620209992
B1039454556011N00650688EA019640210023
B1039464556011N00650693EA019660210120
B1039474556012N00650698EA019660210249
B1039484556015N00650704EA019660210286
B1039494556020N00650709EA019660210451
B1039504556024N00650712EA019670210749
B1039514556026N00650717EA019690210936
B1039524556026N00650722EA019700211002
B1039534556023N00650726EA019720211021
B1039544556018N00650728EA019730210960
B1039554556014N00650727EA019730211110
B1039564556010N00650724EA019740211424
B1039574556007N00650720EA019750211636
B1039584556004N00650717EA019770211795
B1039594556002N00650713EA019780211732
B1040004555999N00650707EA019790211727
B1040014555995N00650702EA019800211961
B1040024555992N00650698EA019820212140
B1040034555989N00650695EA019840212372
B1040044555987N00650692EA019850212385
B1040054555985N00650688EA019860212031
B1040064555981N00650682EA019850211757
B1040074555976N00650678EA019830211480
B1040084555971N00650673EA019810211265
B1040094555966N00650668EA019790211269
B1040104555961N00650664EA019770211297
B1040114555957N00650660EA019750211146
B1040124555952N00650657EA019740211195
B1040134555948N00650655EA019740211341
B1040144555944N00650652EA019750211634
B1040154555941N00650649EA019780211917
B1040164555938N00650646EA019800212086
B1040174555936N00650643EA019820212132
B1040184555933N00650638EA019840212138
B1040194555929N00650634EA019850212154
B1040204555925N00650631EA019850212200
B1040214555920N00650627EA019850212439
B1040224555916N00650625EA019860212620
B1040234555912N00650621EA019880212959
B1040244555909N00650618EA019900213127
B1040254555906N00650615EA019910213227
B1040264555902N00650612EA019930213387
B1040274555899N00650609EA019950213321
B1040284555895N00650605EA019960213516
B1040294555890N00650602EA019980213790
B1040304555886N00650597EA020000214189
B1040314555883N00650593EA020020214427
B1040324555880N00650589EA020050214717
B1040334555877N00650585EA020080214866
B1040344555874N00650580EA020100215088
B1040354555871N00650576EA020120215145
B1040364555867N00650572EA020130215220
B1040374555863N00650567EA020140215434
B1040384555860N00650562EA020150215605
B1040394555857N00650558EA020160215815
B1040404555854N00650555EA020180215900
B1040414555851N00650550EA020200216017
B1040424555848N00650545EA020210216129
B1040434555845N00650541EA020220216125
B1040444555842N00650536EA020240216348
B1040454555839N00650532EA020250216571
B1040464555837N00650527EA020260216632
B1040474555834N00650522EA020280216769
B1040484555832N00650518EA020290216922
B1040494555829N00650514EA020300217092
B1040504555827N00650509EA020320217259
B1040514555824N00650505EA020330217252
B1040524555821N00650500EA020340217242
B1040534555818N00650495EA020340217401
B1040544555814N00650490EA020340217641
B1040554555811N00650484EA020350217818
B1040564555807N00650479EA020370218193
B1040574555804N00650473EA020390218357
B1040584555800N00650468EA020410218492
B1040594555797N00650463EA020430218633
B1041004555793N00650458EA020450218884
B1041014555790N00650453EA020470218933
B1041024555786N00650447EA020500219148
B1041034555782N00650442EA020520219551
B1041044555778N00650436EA020550220070
B1041054555775N00650429EA020590220579
B1041064555772N00650425EA020620220966
B1041074555768N00650424EA020660221148
B1041084555764N00650427EA020700221242
B1041094555761N00650433EA020730221442
B1041104555762N00650442EA020750221980
B1041114555767N00650448EA020780222136
B1041124555773N00650452EA020790222235
B1041134555779N00650454EA020800222535
B1041144555785N00650455EA020810222850
B1041154555792N00650451EA020830223005
B1041164555796N00650444EA020850223067
B1041174555797N00650435EA020870223078
B1041184555795N00650429EA020870222824
B1041194555789N00650424EA020860222863
B1041204555784N00650419EA020860223025
B1041214555780N00650416EA020890223753
B1041224555777N00650414EA020930224383
B1041234555775N00650412EA020970224742
B1041244555773N00650408EA021020225026
B1041254555770N00650403EA021060225179
B1041264555768N00650398EA021090225304
B1041274555765N00650393EA021120225619
B1041284555761N00650393EA021150225954
B1041294555758N00650396EA021150225910
B1041304555755N00650401EA021140225859
B1041314555754N00650408EA021140225943
B1041324555754N00650414EA021140226060
B1041334555756N00650419EA021140225960
B1041344555759N00650424EA021140225891
B1041354555765N00650427EA021130225704
B1041364555771N00650428EA021120225831
B1041374555777N00650424EA021130226044
B1041384555780N00650417EA021130226284
B1041394555782N00650409EA021140226222
B1041404555780N00650401EA021150226490
B1041414555778N00650393EA021170226717
B1041424555774N00650387EA021190227184
B1041434555771N00650381EA021230227675
B1041444555768N00650374EA021270228087
B1041454555766N00650368EA021300228291
B1041464555765N00650361EA021340228275
B1041474555764N00650356EA021360228350
B1041484555762N00650350EA021380228379
B1041494555759N00650345EA021380228366
B1041504555756N00650340EA021370228302
B1041514555752N00650335EA021370228450
B1041524555749N00650330EA021370228513
B1041534555745N00650325EA021370228484
B1041544555742N00650319EA021370228217
B1041554555738N00650314EA021370228020
B1041564555734N00650308EA021360227902
B1041574555729N00650302EA021340227974
B1041584555725N00650297EA021330228054
B1041594555721N00650293EA021330228182
B1042004555718N00650289EA021340228231
B1042014555715N00650285EA021350228438
B1042024555711N00650286EA021370228783
B1042034555708N00650289EA021390229068
B1042044555706N00650293EA021420229305
B1042054555704N00650295EA021450229639
B1042064555702N00650296EA021480229824
B1042074555699N00650294EA021500229713
B1042084555695N00650289EA021490229402
B1042094555691N00650282EA021480229487
B1042104555689N00650277EA021480229607
B1042114555685N00650275EA021490229779
B1042124555682N00650276EA021490229843
B1042134555680N00650278EA021500230044
B1042144555679N00650281EA021510230068
B1042154555680N00650286EA021510229932
B1042164555683N00650290EA021510229895
B1042174555689N00650292EA021510229862
B1042184555695N00650290EA021510229848
B1042194555700N00650285EA021500229867
B1042204555703N00650276EA021500229790
B1042214555705N00650266EA021490229527
B1042224555702N00650257EA021480229491
B1042234555698N00650250EA021470229588
B1042244555694N00650248EA021470229744
B1042254555690N00650247EA021470229982
B1042264555686N00650245EA021490230295
B1042274555683N00650243EA021520230649
B1042284555680N00650241EA021550231263
B1042294555678N00650238EA021600231650
B1042304555677N00650234EA021640231903
B1042314555674N00650230EA021680232069
B1042324555671N00650227EA021720232253
B1042334555669N00650222EA021750232528
B1042344555668N00650218EA021780232615
B1042354555667N00650213EA021780232654
B1042364555667N00650207EA021780232679
B1042374555668N00650201EA021770232601
B1042384555668N00650193EA021770232779
B1042394555669N00650186EA021770232759
B1042404555669N00650180EA021780232844
B1042414555668N00650173EA021780232864
B1042424555666N00650166EA021780232998
B1042434555664N00650161EA021790233154
B1042444555661N00650157EA021800233282
B1042454555659N00650153EA021810233318
B1042464555656N00650150EA021820233432
B1042474555653N00650145EA021840233537
B1042484555650N00650140EA021850233557
B1042494555647N00650135EA021860233594
B1042504555645N00650128EA021870233796
B1042514555644N00650121EA021880234015
B1042524555641N00650115EA021900234479
B1042534555639N00650113EA021920234740
B1042544555636N00650112EA021950234825
B1042554555633N00650112EA021970234919
B1042564555630N00650114EA021980235005
B1042574555627N00650117EA022000235038
B1042584555626N00650123EA022000235017
B1042594555626N00650130EA021990235022
B1043004555627N00650137EA022000235351
B1043014555629N00650143EA022020235785
B1043024555633N00650149EA022040236050
B1043034555638N00650152EA022070236371
B1043044555645N00650153EA022090236301
B1043054555651N00650153EA022110236353
B1043064555657N00650155EA022120236200
B1043074555662N00650158EA022110236113
B1043084555664N00650164EA022110235986
B1043094555665N00650171EA022100235813
B1043104555661N00650174EA022100236094
B1043114555658N00650172EA022100236137
B1043124555655N00650166EA022100236240
B1043134555655N00650157EA022110236453
B1043144555657N00650149EA022120236840
B1043154555660N00650142EA022140237019
B1043164555662N00650137EA022160237280
B1043174555664N00650129EA022190237469
B1043184555665N00650121EA022210237539
B1043194555665N00650114EA022230237612
B1043204555662N00650108EA022250237758
B1043214555658N00650107EA022260237802
B1043224555654N00650108EA022260237813
B1043234555650N00650111EA022260237857
B1043244555647N00650117EA022260237892
B1043254555647N00650124EA022260237895
B1043264555651N00650132EA022250237701
B1043274555656N00650138EA022250237799
B1043284555664N00650142EA022260238248
B1043294555670N00650145EA022280238760
B1043304555674N00650147EA022310239180
B1043314555679N00650149EA022340239210
B1043324555683N00650151EA022370239298
B1043334555688N00650154EA022390239286
B1043344555693N00650160EA022410239395
B1043354555697N00650168EA022420239554
B1043364555697N00650176EA022430239750
B1043374555695N00650181EA022450240019
B1043384555691N00650184EA022470240468
B1043394555688N00650185EA022500240843
B1043404555685N00650184EA022530241245
B1043414555683N00650181EA022570241628
B1043424555682N00650177EA022610241923
B1043434555682N00650170EA022650242157
B1043444555686N00650163EA022680242104
B1043454555692N00650160EA022690242235
B1043464555700N00650163EA022680242113
B1043474555704N00650172EA022680242392
B1043484555705N00650180EA022690242757
B1043494555704N00650187EA022710243254
B1043504555702N00650191EA022740243699
B1043514555701N00650195EA022770244077
B1043524555700N00650200EA022810244494
B1043534555699N00650205EA022850244792
B1043544555699N00650209EA022900245125
B1043554555698N00650213EA022950245599
B1043564555699N00650219EA022990246012
B1043574555699N00650224EA023040246405
B1043584555698N00650228EA023090247018
B1043594555696N00650231EA023150247570
B1044004555694N00650230EA023190247723
B1044014555691N00650227EA023240248092
B1044024555689N00650220EA023250248167
B1044034555689N00650211EA023270248480
B1044044555694N00650203EA023290248840
B1044054555701N00650199EA023310249101
B1044064555708N00650201EA023340249215
B1044074555713N00650208EA023360249761
B1044084555716N00650215EA023390250317
B1044094555715N00650221EA023430251067
B1044104555713N00650224EA023480251580
B1044114555711N00650224EA023530251941
B1044124555709N00650222EA023580252152
B1044134555707N00650219EA023620252332
B1044144555704N00650216EA023660252539
B1044154555700N00650217EA023690252951
B1044164555697N00650218EA023720253416
B1044174555694N00650220EA023760253935
B1044184555692N00650222EA023800254422
B1044194555690N00650223EA023840254741
B1044204555687N00650224EA023880255091
B1044214555685N00650225EA023920255424
B1044224555682N00650226EA023950255862
B1044234555679N00650224EA023990256271
B1044244555677N00650219EA024030256550
B1044254555677N00650212EA024060256823
B1044264555680N00650206EA024080257089
B1044274555687N00650203EA024100257231
B1044284555694N00650202EA024110257536
B1044294555700N00650205EA024130257810
B1044304555704N00650209EA024150258038
B1044314555708N00650216EA024170258246
B1044324555710N00650224EA024200258569
B1044334555711N00650233EA024230258915
B1044344555710N00650240EA024260259533
B1044354555707N00650244EA024300260287
B1044364555704N00650245EA024350260877
B1044374555701N00650243EA024410261138
B1044384555698N00650240EA024460261634
B1044394555697N00650234EA024520262005
B1044404555697N00650227EA024570262392
B1044414555701N00650221EA024620262891
B1044424555708N00650218EA024670263219
B1044434555714N00650221EA024710263567
B1044444555720N00650228EA024740264124
B1044454555722N00650236EA024790264692
B1044464555721N00650242EA024830265157
B1044474555718N00650247EA024870265582
B1044484555715N00650248EA024920266003
B1044494555711N00650247EA024970266470
B1044504555709N00650242EA025010266716
B1044514555708N00650235EA025050267072
B1044524555711N00650226EA025070267337
B1044534555717N00650221EA025080267601
B1044544555723N00650219EA025100268183
B1044554555730N00650222EA025130268605
B1044564555734N00650229EA025170268932
B1044574555734N00650238EA025210269595
B1044584555733N00650246EA025250270152
B1044594555731N00650251EA025300270671
B1045004555728N00650253EA025350270981
B1045014555725N00650251EA025400271177
B1045024555722N00650249EA025440271465
B1045034555720N00650245EA025480271856
B1045044555720N00650239EA025510272138
B1045054555721N00650233EA025540272362
B1045064555725N00650225EA025550272608
B1045074555729N00650221EA025560273051
B1045084555735N00650219EA025590273511
B1045094555740N00650221EA025630273953
B1045104555745N00650227EA025670274200
B1045114555747N00650234EA025700274472
B1045124555748N00650242EA025740274777
B1045134555747N00650250EA025780275298
B1045144555746N00650255EA025820275601
B1045154555743N00650257EA025860275990
B1045164555740N00650257EA025890276271
B1045174555737N00650255EA025930276565
B1045184555735N00650251EA025960276828
B1045194555734N00650245EA025980277089
B1045204555735N00650238EA026000277388
B1045214555738N00650232EA026030277778
B1045224555743N00650228EA026060278015
B1045234555748N00650225EA026090278226
B1045244555753N00650224EA026110278582
B1045254555759N00650224EA026140278980
B1045264555765N00650226EA026170279124
B1045274555769N00650231EA026200279491
B1045284555773N00650237EA026220279632
B1045294555775N00650244EA026250279823
B1045304555776N00650251EA026260280112
B1045314555775N00650256EA026280280399
B1045324555774N00650261EA026310280686
B1045334555772N00650264EA026330280805
B1045344555768N00650265EA026350281091
B1045354555766N00650263EA026380281302
B1045364555763N00650259EA026400281574
B1045374555762N00650253EA026430281796
B1045384555763N00650247EA026450281933
B1045394555765N00650241EA026460282152
B1045404555769N00650235EA026480282377
B1045414555775N00650233EA026510282691
B1045424555782N00650232EA026530282866
B1045434555788N00650235EA026550283153
B1045444555792N00650239EA026570283295
B1045454555796N00650244EA026590283379
B1045464555799N00650251EA026600283632
B1045474555800N00650257EA026610283896
B1045484555801N00650263EA026630284164
B1045494555800N00650268EA026650284354
B1045504555798N00650272EA026670284466
B1045514555796N00650275EA026690284600
B1045524555793N00650276EA026710284824
B1045534555790N00650275EA026730285109
B1045544555787N00650273EA026750285221
B1045554555785N00650269EA026770285401
B1045564555784N00650263EA026790285642
B1045574555785N00650257EA026810285853
B1045584555788N00650251EA026820285949
B1045594555793N00650248EA026820285930
B1046004555799N00650245EA026830286023
B1046014555805N00650244EA026840286255
B1046024555811N00650245EA026850286422
B1046034555816N00650246EA026860286689
B1046044555822N00650248EA026880286989
B1046054555828N00650250EA026900287098
B1046064555835N00650252EA026910287117
B1046074555841N00650254EA026930287362
B1046084555847N00650255EA026950287597
B1046094555854N00650256EA026970287718
B1046104555860N00650258EA026980287830
B1046114555866N00650259EA027000288055
B1046124555872N00650260EA027020288158
B1046134555878N00650262EA027030288120
B1046144555883N00650262EA027020288096
B1046154555890N00650263EA027020287900
B1046164555896N00650263EA027010287868
B1046174555904N00650265EA027000287522
B1046184555912N00650268EA026980287380
B1046194555921N00650270EA026970287388
B1046204555929N00650273EA026960287497
B1046214555937N00650276EA026960287716
B1046224555943N00650280EA026970287857
B1046234555950N00650285EA026980287806
B1046244555956N00650291EA026990287794
B1046254555964N00650296EA026990287864
B1046264555972N00650299EA026990288092
B1046274555979N00650300EA027000288477
B1046284555985N00650302EA027020288644
B1046294555990N00650304EA027040288668
B1046304555995N00650307EA027050288588
B1046314556001N00650310EA027060288491
B1046324556008N00650312EA027050288264
B1046334556015N00650314EA027040288256
B1046344556021N00650316EA027040288244
B1046354556027N00650318EA027030288007
B1046364556032N00650321EA027010287790
B1046374556039N00650323EA026990287352
B1046384556046N00650325EA026970287112
B1046394556053N00650327EA026940287002
B1046404556059N00650329EA026920286939
B1046414556065N00650333EA026900286722
B1046424556071N00650337EA026880286605
B1046434556076N00650342EA026860286420
B1046444556081N00650346EA026850286254
B1046454556086N00650350EA026840285963
B1046464556092N00650354EA026820285536
B1046474556097N00650358EA026790285197
B1046484556103N00650362EA026760284781
B1046494556109N00650364EA026720284357
B1046504556114N00650366EA026680284086
B1046514556120N00650368EA026650283748
B1046524556125N00650372EA026610283596
B1046534556131N00650376EA026580283373
B1046544556137N00650379EA026560283254
B1046554556143N00650381EA026550283194
B1046564556150N00650382EA026550283053
B1046574556156N00650383EA026550282886
B1046584556163N00650387EA026540282774
B1046594556171N00650391EA026530282716
B1047004556178N00650394EA026530282918
B1047014556184N00650394EA026530283175
B1047024556190N00650393EA026540283142
B1047034556195N00650393EA026540283096
B1047044556201N00650394EA026540282999
B1047054556208N00650396EA026540282744
B1047064556215N00650396EA026530282421
B1047074556223N00650394EA026520282657
B1047084556230N00650394EA026520283244
B1047094556235N00650396EA026550283951
B1047104556238N00650397EA026580284377
B1047114556241N00650398EA026620284573
B1047124556245N00650397EA026650284488
B1047134556251N00650397EA026670284249
B1047144556257N00650399EA026680284285
B1047154556263N00650403EA026680284463
B1047164556268N00650406EA026680284737
B1047174556272N00650407EA026690284969
B1047184556277N00650408EA026700284954
B1047194556282N00650410EA026700284850
B1047204556288N00650412EA026700284709
B1047214556294N00650416EA026700284712
B1047224556301N00650417EA026700284804
B1047234556307N00650416EA026700285053
B1047244556313N00650414EA026710285256
B1047254556319N00650414EA026720285424
B1047264556324N00650416EA026740285545
B1047274556328N00650418EA026750285499
B1047284556333N00650421EA026760285361
B1047294556338N00650423EA026750285182
B1047304556345N00650425EA026740284907
B1047314556351N00650428EA026730285091
B1047324556358N00650430EA026730285279
B1047334556364N00650434EA026740285454
B1047344556370N00650437EA026750285505
B1047354556375N00650439EA026760285698
B1047364556381N00650441EA026770285898
B1047374556387N00650444EA026780285962
B1047384556393N00650447EA026800286002
B1047394556398N00650450EA026810286175
B1047404556404N00650454EA026820286141
B1047414556410N00650458EA026820286261
B1047424556417N00650462EA026830286305
B1047434556422N00650467EA026840286680
B1047444556427N00650471EA026850286945
B1047454556431N00650475EA026870287182
B1047464556436N00650478EA026900287260
B1047474556442N00650479EA026920287449
B1047484556448N00650482EA026940287533
B1047494556454N00650485EA026960287722
B1047504556459N00650488EA026980287883
B1047514556465N00650491EA026990287956
B1047524556471N00650494EA027000288127
B1047534556476N00650498EA027020288332
B1047544556481N00650502EA027030288525
B1047554556486N00650507EA027050288545
B1047564556491N00650512EA027050288660
B1047574556497N00650515EA027060288693
B1047584556504N00650516EA027060288738
B1047594556510N00650518EA027060288871
B1048004556516N00650521EA027070288771
B1048014556522N00650524EA027060288638
B1048024556527N00650528EA027060288497
B1048034556533N00650532EA027050288291
B1048044556540N00650534EA027030287933
B1048054556547N00650537EA027000287631
B1048064556554N00650540EA026980287424
B1048074556560N00650544EA026950287177
B1048084556567N00650549EA026920286834
B1048094556573N00650554EA026890286640
B1048104556579N00650558EA026860286562
B1048114556586N00650562EA026840286303
B1048124556592N00650566EA026820286158
B1048134556599N00650571EA026800285918
B1048144556605N00650577EA026790285840
B1048154556611N00650582EA026790285754
B1048164556616N00650588EA026780285692
B1048174556622N00650593EA026770285326
B1048184556627N00650598EA026760285164
B1048194556633N00650603EA026740284862
B1048204556639N00650608EA026710284634
B1048214556644N00650613EA026690284486
B1048224556650N00650618EA026660284230
B1048234556656N00650621EA026630283908
B1048244556661N00650625EA026610283797
B1048254556667N00650630EA026580283562
B1048264556673N00650635EA026560283343
B1048274556679N00650640EA026530283172
B1048284556686N00650644EA026530283136
B1048294556693N00650648EA026530283108
B1048304556699N00650653EA026530283021
B1048314556704N00650657EA026520282967
B1048324556710N00650662EA026510282722
B1048334556716N00650666EA026500282514
B1048344556722N00650670EA026490282420
B1048354556728N00650674EA026470282382
B1048364556734N00650679EA026460282146
B1048374556739N00650685EA026440282037
B1048384556744N00650691EA026420281830
B1048394556750N00650694EA026410281685
B1048404556757N00650697EA026390281483
B1048414556764N00650701EA026370281303
B1048424556769N00650707EA026350281141
B1048434556774N00650712EA026330280958
B1048444556780N00650718EA026310280722
B1048454556786N00650722EA026290280576
B1048464556793N00650726EA026270280334
B1048474556799N00650731EA026250280155
B1048484556805N00650737EA026230279925
B1048494556810N00650743EA026210279776
B1048504556816N00650748EA026200279678
B1048514556822N00650753EA026190279573
B1048524556828N00650757EA026180279385
B1048534556834N00650762EA026170279163
B1048544556840N00650767EA026160278965
B1048554556847N00650772EA026140278702
B1048564556853N00650776EA026120278543
B1048574556859N00650780EA026100278367
B1048584556865N00650785EA026080278136
B1048594556870N00650790EA026060278068
B1049004556875N00650795EA026050277969
B1049014556880N00650801EA026030277851
B1049024556885N00650806EA026020277638
B1049034556890N00650812EA026000277427
B1049044556895N00650818EA025980277208
B1049054556900N00650824EA025970277138
B1049064556905N00650830EA025950277093
B1049074556911N00650835EA025950277199
B1049084556917N00650841EA025960277356
B1049094556922N00650848EA025970277552
B1049104556927N00650855EA025990277804
B1049114556931N00650861EA026010278197
B1049124556937N00650867EA026040278360
B1049134556943N00650871EA026070278569
B1049144556949N00650877EA026090278873
B1049154556955N00650883EA026130279151
B1049164556960N00650887EA026160279490
B1049174556966N00650888EA026190279578
B1049184556971N00650890EA026220279890
B1049194556976N00650892EA026250280227
B1049204556980N00650897EA026280280615
B1049214556982N00650903EA026320281066
B1049224556984N00650911EA026360281331
B1049234556984N00650919EA026390281691
B1049244556983N00650926EA026420281704
B1049254556980N00650932EA026440281913
B1049264556976N00650936EA026450282143
B1049274556972N00650938EA026470282314
B1049284556967N00650939EA026480282590
B1049294556964N00650937EA026500282820
B1049304556961N00650933EA026520283089
B1049314556960N00650930EA026550283226
B1049324556959N00650927EA026570283472
B1049334556960N00650923EA026580283410
B1049344556961N00650918EA026580283384
B1049354556964N00650913EA026580283526
B1049364556967N00650909EA026580283737
B1049374556970N00650907EA026600284062
B1049384556974N00650906EA026620284239
B1049394556978N00650907EA026630284343
B1049404556983N00650909EA026650284400
B1049414556987N00650913EA026670284780
B1049424556992N00650918EA026700285165
B1049434556997N00650925EA026730285551
B1049444557002N00650931EA026760286026
B1049454557006N00650937EA026800286556
B1049464557010N00650942EA026850286995
B1049474557015N00650946EA026890287353
B1049484557020N00650950EA026940287644
B1049494557025N00650954EA026980287934
B1049504557029N00650958EA027010288142
B1049514557033N00650961EA027040288201
B1049524557036N00650963EA027040288283
B1049534557040N00650965EA027030288177
B1049544557044N00650968EA027030288284
B1049554557048N00650972EA027030288261
B1049564557052N00650975EA027030288337
B1049574557055N00650979EA027040288384
B1049584557059N00650983EA027040288224
B1049594557063N00650986EA027040288209
B1050004557067N00650990EA027030288127
B1050014557071N00650994EA027020288069
B1050024557076N00651000EA027020288046
B1050034557081N00651006EA027010288018
B1050044557085N00651013EA027010288261
B1050054557090N00651018EA027020288517
B1050064557094N00651023EA027030288853
B1050074557098N00651027EA027060288984
B1050084557103N00651031EA027070289028
B1050094557107N00651038EA027090289174
B1050104557112N00651046EA027100289125
B1050114557117N00651053EA027120289401
B1050124557121N00651057EA027140289786
B1050134557126N00651061EA027160290046
B1050144557130N00651065EA027180290269
B1050154557134N00651071EA027200290357
B1050164557138N00651078EA027220290590
B1050174557143N00651083EA027240290851
B1050184557148N00651086EA027270291023
B1050194557152N00651088EA027290291238
B1050204557156N00651092EA027310291357
B1050214557160N00651098EA027300291276
B1050224557165N00651104EA027300291388
B1050234557171N00651109EA027300291555
B1050244557177N00651112EA027310291712
B1050254557182N00651115EA027330291918
B1050264557185N00651120EA027340292092
B1050274557189N00651125EA027360292155
B1050284557193N00651129EA027380292167
B1050294557198N00651132EA027390292053
B1050304557204N00651134EA027390292098
B1050314557211N00651137EA027390292268
B1050324557217N00651141EA027400292726
B1050334557222N00651145EA027420293222
B1050344557226N00651147EA027460293546
B1050354557229N00651150EA027490293872
B1050364557232N00651153EA027530293986
B1050374557236N00651158EA027560293972
B1050384557241N00651162EA027570293976
B1050394557247N00651166EA027570294061
B1050404557253N00651168EA027570294219
B1050414557257N00651170EA027580294489
B1050424557262N00651172EA027590294505
B1050434557265N00651174EA027600294757
B1050444557268N00651178EA027620294891
B1050454557272N00651182EA027630294871
B1050464557277N00651187EA027650295131
B1050474557282N00651191EA027670295456
B1050484557287N00651196EA027700295972
B1050494557292N00651199EA027730296358
B1050504557297N00651203EA027770296626
B1050514557302N00651208EA027800296811
B1050524557307N00651213EA027840297014
B1050534557312N00651218EA027870297327
B1050544557317N00651223EA027900297536
B1050554557322N00651229EA027930297810
B1050564557327N00651234EA027950297932
B1050574557332N00651239EA027960298172
B1050584557339N00651243EA027960298305
B1050594557344N00651247EA027980298584
B1051004557349N00651251EA028000298873
B1051014557354N00651254EA028020299046
B1051024557359N00651256EA028040299117
B1051034557364N00651259EA028050299101
B1051044557369N00651261EA028060299026
B1051054557374N00651265EA028050299074
B1051064557379N00651270EA028050299072
B1051074557384N00651274EA028040298959
B1051084557389N00651278EA028040298936
B1051094557394N00651281EA028040298928
B1051104557399N00651285EA028040298833
B1051114557404N00651288EA028030298988
B1051124557410N00651291EA028040299099
B1051134557416N00651294EA028040299168
B1051144557421N00651297EA028050299264
B1051154557426N00651300EA028060299115
B1051164557431N00651304EA028050298911
B1051174557436N00651307EA028040298796
B1051184557442N00651311EA028020298670
B1051194557448N00651313EA028010298619
B1051204557453N00651315EA028000298548
B1051214557458N00651317EA027990298448
B1051224557463N00651320EA027980298260
B1051234557469N00651322EA027960298015
B1051244557474N00651325EA027950297882
B1051254557480N00651328EA027930297662
B1051264557486N00651331EA027910297423
B1051274557491N00651334EA027890297266
B1051284557497N00651338EA027870297104
B1051294557502N00651342EA027850297073
B1051304557508N00651346EA027840296930
B1051314557514N00651349EA027830296658
B1051324557521N00651353EA027820296303
B1051334557527N00651356EA027790295978
B1051344557534N00651360EA027770295796
B1051354557542N00651364EA027740295542
B1051364557550N00651367EA027720295508
B1051374557556N00651371EA027700295546
B1051384557562N00651375EA027700295657
B1051394557568N00651379EA027700295549
B1051404557574N00651383EA027700295321
B1051414557580N00651387EA027690295022
B1051424557586N00651391EA027670294849
B1051434557593N00651396EA027650294607
B1051444557599N00651401EA027630294545
B1051454557605N00651406EA027610294543
B1051464557610N00651411EA027610294686
B1051474557616N00651416EA027610294705
B1051484557621N00651421EA027620294749
B1051494557626N00651427EA027620294862
B1051504557631N00651432EA027630294988
B1051514557636N00651438EA027640295083
B1051524557641N00651443EA027650295170
B1051534557646N00651447EA027660295154
B1051544557651N00651453EA027660295045
B1051554557656N00651459EA027650294988
B1051564557662N00651465EA027650294878
B1051574557669N00651470EA027640294809
B1051584557675N00651476EA027630294762
B1051594557681N00651481EA027630294769
B1052004557687N00651487EA027620294767
B1052014557693N00651492EA027620294781
B1052024557699N00651495EA027620294993
B1052034557705N00651498EA027630295045
B1052044557710N00651502EA027640295015
B1052054557714N00651507EA027650294974
B1052064557718N00651512EA027640294796
B1052074557722N00651518EA027640294591
B1052084557727N00651523EA027620294366
B1052094557732N00651529EA027600294175
B1052104557738N00651534EA027580294047
B1052114557743N00651539EA027560293995
B1052124557748N00651544EA027550293892
B1052134557753N00651549EA027540293864
B1052144557758N00651555EA027530293830
B1052154557763N00651560EA027530293953
B1052164557768N00651565EA027540294225
B1052174557773N00651569EA027560294428
B1052184557778N00651574EA027580294624
B1052194557782N00651578EA027600294785
B1052204557787N00651583EA027610294730
B1052214557792N00651587EA027620294709
B1052224557796N00651593EA027620294639
B1052234557800N00651600EA027620294773
B1052244557805N00651606EA027620294734
B1052254557809N00651611EA027620294899
B1052264557814N00651617EA027620294760
B1052274557819N00651621EA027620294609
B1052284557823N00651626EA027620294367
B1052294557828N00651632EA027600294090
B1052304557835N00651637EA027580293613
B1052314557841N00651642EA027560293398
B1052324557848N00651648EA027520293158
B1052334557855N00651655EA027500293001
B1052344557861N00651661EA027470292935
B1052354557866N00651667EA027440292785
B1052364557872N00651673EA027430292634
B1052374557877N00651679EA027410292395
B1052384557883N00651686EA027390292101
B1052394557888N00651693EA027370291814
B1052404557893N00651700EA027350291635
B1052414557899N00651707EA027320291315
B1052424557905N00651713EA027300291135
B1052434557911N00651719EA027270290950
B1052444557916N00651724EA027270290842
B1052454557920N00651729EA027270290792
B1052464557925N00651733EA027250290479
B1052474557931N00651738EA027230290027
B1052484557937N00651743EA027210289748
B1052494557943N00651749EA027180289634
B1052504557948N00651754EA027160289775
B1052514557953N00651758EA027150289733
B1052524557957N00651761EA027160289673
B1052534557961N00651765EA027150289397
B1052544557966N00651770EA027140289038
B1052554557971N00651776EA027110288777
B1052564557977N00651782EA027090288513
B1052574557982N00651787EA027070288537
B1052584557986N00651792EA027050288475
B1052594557990N00651797EA027030288357
B1053004557994N00651802EA027020288019
B1053014557998N00651808EA026990287837
B1053024558002N00651814EA026980287779
B1053034558007N00651821EA026960287633
B1053044558012N00651826EA026950287606
B1053054558016N00651832EA026960287790
B1053064558021N00651837EA026970287871
B1053074558025N00651842EA026980288095
B1053084558029N00651847EA026990288268
B1053094558032N00651853EA027010288488
B1053104558035N00651859EA027030288488
B1053114558038N00651865EA027040288557
B1053124558041N00651872EA027060288572
B1053134558045N00651879EA027060288684
B1053144558050N00651886EA027070288819
B1053154558053N00651894EA027080289270
B1053164558056N00651900EA027100289553
B1053174558058N00651906EA027120289703
B1053184558059N00651912EA027150289931
B1053194558061N00651918EA027170289903
B1053204558062N00651925EA027190290080
B1053214558064N00651932EA027210290135
B1053224558065N00651939EA027220290468
B1053234558067N00651947EA027240290670
B1053244558071N00651952EA027260290818
B1053254558076N00651957EA027280291175
B1053264558082N00651960EA027310291508
B1053274558086N00651963EA027330291885
B1053284558091N00651966EA027360292122
B1053294558095N00651968EA027390292253
B1053304558100N00651968EA027410292163
B1053314558106N00651965EA027400292163
B1053324558112N00651958EA027400292249
B1053334558115N00651951EA027410292683
B1053344558117N00651943EA027430293046
B1053354558117N00651937EA027450293301
B1053364558114N00651932EA027480293571
B1053374558111N00651929EA027510293864
B1053384558108N00651928EA027540294045
B1053394558105N00651930EA027570294279
B1053404558103N00651936EA027600294468
B1053414558103N00651944EA027620294527
B1053424558104N00651952EA027640294826
B1053434558107N00651958EA027670295264
B1053444558112N00651961EA027700295472
B1053454558117N00651960EA027720295599
B1053464558123N00651960EA027730295721
B1053474558127N00651958EA027740295989
B1053484558132N00651955EA027750296012
B1053494558135N00651949EA027760295901
B1053504558136N00651940EA027760295785
B1053514558135N00651931EA027760295996
B1053524558133N00651924EA027760296107
B1053534558129N00651920EA027770296357
B1053544558125N00651919EA027780296668
B1053554558122N00651921EA027800296841
B1053564558119N00651924EA027820297088
B1053574558118N00651929EA027850297214
B1053584558117N00651935EA027870297311
B1053594558118N00651941EA027890297507
B1054004558120N00651946EA027910297870
B1054014558125N00651948EA027940298033
B1054024558130N00651948EA027960298247
B1054034558135N00651945EA027990298679
B1054044558139N00651941EA028020298896
B1054054558143N00651935EA028040299045
B1054064558146N00651928EA028060299117
B1054074558147N00651921EA028080299277
B1054084558148N00651914EA028080299462
B1054094558148N00651907EA028100299672
B1054104558147N00651900EA028110299869
B1054114558144N00651895EA028130299870
B1054124558140N00651889EA028140300047
B1054134558136N00651885EA028150300344
B1054144558132N00651882EA028170300637
B1054154558128N00651881EA028200300931
B1054164558124N00651879EA028220301319
B1054174558120N00651879EA028260301518
B1054184558116N00651881EA028280301834
B1054194558112N00651885EA028310302088
B1054204558110N00651892EA028340302382
B1054214558110N00651899EA028370302514
B1054224558110N00651906EA028390302767
B1054234558111N00651913EA028400302967
B1054244558112N00651920EA028420303173
B1054254558114N00651925EA028440303416
B1054264558116N00651930EA028460303740
B1054274558119N00651933EA028490304006
B1054284558122N00651936EA028520304343
B1054294558126N00651938EA028550304632
B1054304558130N00651938EA028580305075
B1054314558135N00651936EA028620305363
B1054324558139N00651932EA028650305659
B1054334558143N00651927EA028680305904
B1054344558145N00651920EA028710306131
B1054354558146N00651912EA028740306413
B1054364558146N00651905EA028770306744
B1054374558146N00651898EA028800307039
B1054384558145N00651891EA028830307249
B1054394558143N00651884EA028850307487
B1054404558141N00651877EA028860307533
B1054414558137N00651870EA028870307782
B1054424558133N00651864EA028890308068
B1054434558129N00651860EA028910308442
B1054444558126N00651855EA028940308816
B1054454558123N00651851EA028970309212
B1054464558119N00651847EA029010309693
B1054474558116N00651844EA029050309853
B1054484558112N00651842EA029080310084
B1054494558108N00651842EA029110310249
B1054504558103N00651844EA029140310668
B1054514558099N00651845EA029180311136
B1054524558096N00651845EA029210311607
B1054534558093N00651845EA029250311929
B1054544558090N00651847EA029290312125
B1054554558087N00651850EA029320312335
B1054564558085N00651855EA029340312524
B1054574558084N00651861EA029340312676
B1054584558084N00651868EA029350312983
B1054594558085N00651874EA029360313287
B1055004558087N00651880EA029380313510
B1055014558089N00651882EA029410313805
B1055024558092N00651883EA029430313907
B1055034558095N00651885EA029460313922
B1055044558098N00651887EA029470313866
B1055054558102N00651891EA029470313953
B1055064558106N00651894EA029470314059
B1055074558110N00651897EA029470314239
B1055084558113N00651900EA029480314384
B1055094558117N00651902EA029500314482
B1055104558122N00651903EA029510314419
B1055114558126N00651905EA029510314446
B1055124558131N00651906EA029520314512
B1055134558136N00651905EA029530314635
B1055144558141N00651903EA029540314865
B1055154558146N00651899EA029550315086
B1055164558151N00651894EA029570315401
B1055174558154N00651887EA029600315714
B1055184558155N00651879EA029630316034
B1055194558154N00651871EA029660316330
B1055204558150N00651863EA029690316437
B1055214558145N00651859EA029710316655
B1055224558140N00651858EA029740316930
B1055234558135N00651859EA029770317399
B1055244558132N00651864EA029800317426
B1055254558130N00651870EA029810317526
B1055264558130N00651877EA029820317744
B1055274558132N00651883EA029830317961
B1055284558136N00651886EA029850318034
B1055294558141N00651888EA029860318221
B1055304558146N00651888EA029870318337
B1055314558151N00651888EA029890318640
B1055324558156N00651885EA029910318921
B1055334558160N00651879EA029930319228
B1055344558162N00651873EA029960319470
B1055354558163N00651865EA029980319540
B1055364558163N00651856EA030010319719
B1055374558161N00651849EA030040319972
B1055384558158N00651843EA030060320265
B1055394558154N00651840EA030080320431
B1055404558150N00651840EA030100320620
B1055414558145N00651842EA030120320858
B1055424558142N00651847EA030140321142
B1055434558140N00651851EA030170321499
B1055444558141N00651857EA030200321794
B1055454558144N00651862EA030220321923
B1055464558147N00651866EA030240322163
B1055474558152N00651868EA030270322425
B1055484558157N00651868EA030290322776
B1055494558163N00651866EA030320323021
B1055504558168N00651862EA030340323300
B1055514558171N00651856EA030370323547
B1055524558174N00651850EA030390323716
B1055534558176N00651844EA030410323870
B1055544558178N00651836EA030420323985
B1055554558180N00651828EA030430324209
B1055564558179N00651821EA030450324404
B1055574558176N00651815EA030470324703
B1055584558172N00651811EA030500325127
B1055594558168N00651810EA030530325505
B1056004558164N00651812EA030560325731
B1056014558161N00651815EA030590325968
B1056024558160N00651821EA030620326029
B1056034558161N00651829EA030640326331
B1056044558163N00651835EA030670326762
B1056054558166N00651838EA030700327197
B1056064558170N00651840EA030730327593
B1056074558175N00651841EA030760327721
B1056084558179N00651840EA030790327889
B1056094558185N00651840EA030790327811
B1056104558191N00651838EA030790328001
B1056114558196N00651835EA030800328374
B1056124558202N00651832EA030820328702
B1056134558206N00651829EA030850328990
B1056144558211N00651825EA030870329182
B1056154558216N00651821EA030900329280
B1056164558221N00651815EA030920329328
B1056174558225N00651809EA030930329327
B1056184558228N00651804EA030940329550
B1056194558231N00651798EA030950329627
B1056204558233N00651793EA030960329604
B1056214558234N00651787EA030960329647
B1056224558235N00651780EA030960329598
B1056234558237N00651773EA030960329651
B1056244558238N00651765EA030960329892
B1056254558239N00651757EA030970330075
B1056264558240N00651750EA030980330332
B1056274558240N00651743EA031010330492
B1056284558241N00651736EA031030330617
B1056294558240N00651730EA031050330754
B1056304558239N00651724EA031060330802
B1056314558237N00651718EA031080330920
B1056324558234N00651712EA031090331076
B1056334558231N00651707EA031100331177
B1056344558228N00651703EA031100331219
B1056354558224N00651700EA031110331269
B1056364558220N00651698EA031120331246
B1056374558216N00651697EA031120331321
B1056384558211N00651696EA031130331476
B1056394558207N00651697EA031140331666
B1056404558204N00651699EA031150331738
B1056414558201N00651703EA031150331788
B1056424558199N00651709EA031160331776
B1056434558199N00651716EA031160331722
B1056444558200N00651722EA031170331827
B1056454558202N00651728EA031170331987
B1056464558206N00651734EA031170331952
B1056474558211N00651739EA031170331903
B1056484558215N00651745EA031170331890
B1056494558220N00651751EA031170331999
B1056504558225N00651759EA031170332072
B1056514558230N00651766EA031170332232
B1056524558234N00651772EA031190332493
B1056534558239N00651777EA031200332666
B1056544558244N00651782EA031220332713
B1056554558248N00651787EA031230332661
B1056564558253N00651792EA031240332665
B1056574558258N00651797EA031240332698
B1056584558264N00651802EA031240332637
B1056594558269N00651807EA031230332562
B1057004558275N00651811EA031230332417
B1057014558280N00651816EA031220332275
B1057024558286N00651821EA031210332008
B1057034558291N00651828EA031190331931
B1057044558296N00651834EA031180331856
B1057054558302N00651840EA031170331709
B1057064558307N00651847EA031150331572
B1057074558313N00651853EA031140331286
B1057084558320N00651860EA031120330913
B1057094558326N00651867EA031090330602
B1057104558332N00651873EA031060330316
B1057114558337N00651879EA031040330199
B1057124558343N00651885EA031000329787
B1057134558349N00651890EA030970329399
B1057144558355N00651896EA030930329089
B1057154558361N00651903EA030900328833
B1057164558366N00651909EA030870328719
B1057174558370N00651916EA030860328771
B1057184558375N00651921EA030860328869
B1057194558379N00651926EA030870328993
B1057204558383N00651930EA030880328862
B1057214558387N00651934EA030880328609
B1057224558390N00651940EA030870328351
B1057234558395N00651944EA030850328177
B1057244558401N00651948EA030840328238
B1057254558406N00651952EA030830328479
B1057264558410N00651956EA030830328667
B1057274558413N00651960EA030840328771
B1057284558416N00651963EA030850328745
B1057294558419N00651967EA030860328503
B1057304558422N00651972EA030850328300
B1057314558426N00651976EA030840328204
B1057324558430N00651979EA030830328316
B1057334558434N00651981EA030830328449
B1057344558438N00651983EA030840328517
B1057354558441N00651986EA030840328473
B1057364558444N00651989EA030830328389
B1057374558448N00651994EA030820328013
B1057384558451N00651998EA030810327934
B1057394558455N00652002EA030800327903
B1057404558458N00652005EA030790327868
B1057414558461N00652009EA030780327773
B1057424558465N00652013EA030770327602
B1057434558468N00652017EA030760327422
B1057444558471N00652021EA030750327292
B1057454558475N00652024EA030730327169
B1057464558479N00652028EA030720327006
B1057474558482N00652033EA030700326921
B1057484558485N00652037EA030690326728
B1057494558488N00652042EA030680326626
B1057504558491N00652047EA030660326344
B1057514558495N00652051EA030640326136
B1057524558499N00652055EA030620325936
B1057534558503N00652059EA030600325725
B1057544558507N00652063EA030570325518
B1057554558510N00652067EA030560325438
B1057564558513N00652071EA030540325287
B1057574558517N00652075EA030520324965
B1057584558521N00652079EA030500324697
B1057594558526N00652084EA030470324357
B1058004558531N00652090EA030440324146
B1058014558535N00652096EA030420324172
B1058024558539N00652101EA030410324090
B1058034558543N00652105EA030410323988
B1058044558547N00652110EA030400323773
B1058054558551N00652114EA030390323555
B1058064558555N00652118EA030380323238
B1058074558559N00652123EA030360323050
B1058084558563N00652127EA030330322796
B1058094558568N00652132EA030310322542
B1058104558572N00652136EA030280322492
B1058114558577N00652140EA030270322311
B1058124558580N00652144EA030250322292
B1058134558584N00652148EA030230322159
B1058144558588N00652153EA030220321909
B1058154558591N00652158EA030210321836
B1058164558595N00652163EA030200321604
B1058174558598N00652168EA030180321483
B1058184558602N00652173EA030170321271
B1058194558606N00652178EA030150320954
B1058204558610N00652184EA030130320694
B1058214558615N00652190EA030110320423
B1058224558619N00652196EA030080320352
B1058234558623N00652201EA030060320173
B1058244558628N00652205EA030040319913
B1058254558632N00652209EA030020319762
B1058264558636N00652213EA030000319496
B1058274558640N00652218EA029970319198
B1058284558644N00652224EA029940318894
B1058294558649N00652230EA029920318702
B1058304558652N00652235EA029900318696
B1058314558656N00652240EA029900318667
B1058324558659N00652245EA029900318596
B1058334558663N00652250EA029900318364
B1058344558667N00652255EA029890318263
B1058354558671N00652259EA029880318099
B1058364558676N00652264EA029870317903
B1058374558680N00652268EA029850317817
B1058384558684N00652272EA029840317614
B1058394558688N00652276EA029820317422
B1058404558692N00652280EA029800317254
B1058414558696N00652284EA029780317086
B1058424558701N00652288EA029760316854
B1058434558706N00652292EA029740316734
B1058444558710N00652296EA029720316553
B1058454558714N00652300EA029700316424
B1058464558718N00652304EA029690316217
B1058474558722N00652308EA029660315907
B1058484558726N00652313EA029640315542
B1058494558731N00652317EA029610315208
B1058504558735N00652323EA029580314951
B1058514558740N00652328EA029550314726
B1058524558745N00652334EA029520314703
B1058534558749N00652339EA029500314638
B1058544558753N00652344EA029510314636
B1058554558757N00652349EA029510314534
B1058564558761N00652354EA029500314366
B1058574558765N00652359EA029490314298
B1058584558770N00652364EA029480314186
B1058594558776N00652368EA029480314114
B1059004558781N00652372EA029470314151
B1059014558786N00652376EA029470314131
B1059024558789N00652380EA029470314255
B1059034558790N00652385EA029480314289
B1059044558790N00652392EA029490314001
B1059054558787N00652398EA029490313940
B1059064558782N00652402EA029480313833
B1059074558777N00652403EA029470313816
B1059084558771N00652403EA029470313964
B1059094558766N00652401EA029460314014
B1059104558760N00652398EA029470314067
B1059114558754N00652396EA029460313860
B1059124558747N00652393EA029460313763
B1059134558740N00652389EA029450313528
B1059144558732N00652385EA029440313576
B1059154558725N00652381EA029430313573
B1059164558718N00652377EA029420313574
B1059174558712N00652374EA029420313504
B1059184558705N00652371EA029420313472
B1059194558699N00652367EA029420313343
B1059204558692N00652362EA029410313293
B1059214558686N00652357EA029400313267
B1059224558680N00652353EA029400313162
B1059234558674N00652348EA029390312991
B1059244558669N00652342EA029380312733
B1059254558663N00652335EA029360312519
B1059264558656N00652329EA029340312367
B1059274558649N00652324EA029320312371
B1059284558643N00652318EA029310312318
B1059294558636N00652313EA029290312159
B1059304558629N00652309EA029280312074
B1059314558622N00652304EA029260311868
B1059324558615N00652300EA029250311780
B1059334558609N00652294EA029240311650
B1059344558603N00652288EA029220311531
B1059354558596N00652283EA029220311491
B1059364558590N00652279EA029220311390
B1059374558584N00652275EA029210311080
B1059384558578N00652270EA029200310722
B1059394558571N00652264EA029190310655
B1059404558564N00652258EA029170310667
B1059414558557N00652256EA029150310789
B1059424558551N00652256EA029150310777
B1059434558546N00652255EA029150310714
B1059444558540N00652252EA029150310682
B1059454558535N00652247EA029150310439
B1059464558529N00652243EA029130310153
B1059474558523N00652238EA029120310018
B1059484558517N00652234EA029100310005
B1059494558511N00652230EA029100310083
B1059504558506N00652225EA029090309997
B1059514558501N00652221EA029080309772
B1059524558496N00652216EA029060309425
B1059534558490N00652211EA029040309107
B1059544558483N00652206EA029010308972
B1059554558477N00652199EA028990308799
B1059564558472N00652194EA028970308774
B1059574558467N00652189EA028950308642
B1059584558461N00652184EA028940308577
B1059594558456N00652180EA028930308342
B1100004558451N00652175EA028920308132
B1100014558446N00652170EA028900307902
B1100024558440N00652165EA028880307542
B1100034558434N00652160EA028860307251
B1100044558428N00652154EA028830307043
B1100054558422N00652148EA028800306972
B1100064558417N00652141EA028780306758
B1100074558412N00652136EA028760306650
B1100084558407N00652130EA028740306428
B1100094558401N00652125EA028730306286
B1100104558396N00652120EA028710305922
B1100114558390N00652115EA028690305760
B1100124558385N00652110EA028670305503
B1100134558379N00652106EA028650305322
B1100144558373N00652102EA028630305123
B1100154558367N00652097EA028600304849
B1100164558361N00652093EA028580304680
B1100174558356N00652087EA028560304408
B1100184558350N00652083EA028530304120
B1100194558344N00652079EA028510303867
B1100204558338N00652076EA028480303589
B1100214558333N00652073EA028450303210
B1100224558327N00652068EA028430302968
B1100234558321N00652064EA028390302565
B1100244558315N00652060EA028360302233
B1100254558308N00652056EA028330301955
B1100264558302N00652052EA028300301826
B1100274558296N00652048EA028290301608
B1100284558289N00652044EA028270301499
B1100294558284N00652040EA028250301114
B1100304558278N00652035EA028230300715
B1100314558271N00652030EA028210300586
B1100324558265N00652026EA028180300361
B1100334558259N00652021EA028160300247
B1100344558253N00652017EA028130299937
B1100354558247N00652013EA028110299713
B1100364558240N00652008EA028090299597
B1100374558234N00652004EA028070299345
B1100384558227N00652000EA028050299245
B1100394558220N00651996EA028040299193
B1100404558215N00651992EA028040299120
B1100414558209N00651988EA028040298980
B1100424558203N00651985EA028030298883
B1100434558197N00651982EA028020298684
B1100444558191N00651978EA028010298397
B1100454558185N00651973EA027990298277
B1100464558179N00651969EA027970298052
B1100474558173N00651965EA027950297900
B1100484558166N00651961EA027930297925
B1100494558159N00651957EA027920297997
B1100504558154N00651953EA027920297935
B1100514558149N00651948EA027920297908
B1100524558143N00651944EA027920297994
B1100534558138N00651939EA027920297886
B1100544558133N00651935EA027920297722
B1100554558127N00651930EA027920297689
B1100564558122N00651926EA027910297556
B1100574558117N00651921EA027900297307
B1100584558111N00651916EA027880297126
B1100594558104N00651911EA027870296998
B1101004558098N00651907EA027850296884
B1101014558093N00651902EA027830296624
B1101024558087N00651896EA027810296453
B1101034558081N00651890EA027790296222
B1101044558073N00651884EA027770296199
B1101054558066N00651878EA027760296268
B1101064558060N00651873EA027760296465
B1101074558056N00651867EA027780296507
B1101084558051N00651862EA027790296461
B1101094558046N00651856EA027800296136
B1101104558040N00651851EA027780295911
B1101114558033N00651845EA027770295991
B1101124558028N00651839EA027760296075
B1101134558024N00651833EA027760296128
B1101144558020N00651828EA027770296207
B1101154558015N00651823EA027770296244
B1101164558010N00651818EA027780296177
B1101174558005N00651813EA027770296156
B1101184558000N00651807EA027770296119
B1101194557995N00651803EA027770296312
B1101204557990N00651799EA027780296481
B1101214557987N00651795EA027790296506
B1101224557983N00651792EA027800296431
B1101234557979N00651787EA027800296315
B1101244557974N00651782EA027800296372
B1101254557970N00651777EA027790296435
B1101264557966N00651774EA027790296507
B1101274557961N00651772EA027800296796
B1101284557958N00651770EA027810296959
B1101294557955N00651769EA027820297072
B1101304557953N00651767EA027830296920
B1101314557950N00651763EA027830296758
B1101324557947N00651759EA027830296516
B1101334557943N00651755EA027820296319
B1101344557938N00651752EA027810296382
B1101354557935N00651748EA027800296405
B1101364557931N00651744EA027790296421
B1101374557927N00651739EA027790296408
B1101384557922N00651735EA027800296566
B1101394557918N00651731EA027800296566
B1101404557914N00651728EA027800296571
B1101414557910N00651724EA027810296557
B1101424557906N00651721EA027810296406
B1101434557901N00651718EA027800296509
B1101444557896N00651716EA027810296509
B1101454557891N00651715EA027810296614
B1101464557886N00651714EA027810296630
B1101474557881N00651711EA027820296749
B1101484557876N00651709EA027820296690
B1101494557872N00651705EA027830296648
B1101504557867N00651703EA027820296678
B1101514557862N00651702EA027820296652
B1101524557857N00651700EA027820296643
B1101534557852N00651697EA027820296718
B1101544557846N00651695EA027830296963
B1101554557841N00651693EA027840297250
B1101564557837N00651691EA027850297342
B1101574557833N00651689EA027870297335
B1101584557829N00651687EA027880297435
B1101594557824N00651684EA027890297497
B1102004557820N00651682EA027900297656
B1102014557816N00651680EA027910297824
B1102024557812N00651678EA027930298103
B1102034557808N00651675EA027950298347
B1102044557804N00651673EA027970298471
B1102054557800N00651670EA027990298558
B1102064557795N00651668EA028000298544
B1102074557789N00651665EA028020298727
B1102084557782N00651664EA028030299190
B1102094557777N00651662EA028060299650
B1102104557773N00651660EA028090300024
B1102114557769N00651659EA028120300198
B1102124557766N00651659EA028150300170
B1102134557763N00651657EA028160300009
B1102144557758N00651656EA028150299976
B1102154557754N00651655EA028150299900
B1102164557750N00651651EA028140299903
B1102174557747N00651646EA028140299830
B1102184557746N00651639EA028130299794
B1102194557749N00651632EA028120299583
B1102204557754N00651628EA028110299570
B1102214557760N00651626EA028100299749
B1102224557765N00651628EA028110299969
B1102234557770N00651631EA028110299929
B1102244557774N00651634EA028120300086
B1102254557779N00651636EA028130300089
B1102264557784N00651638EA028140299994
B1102274557790N00651639EA028130299943
B1102284557795N00651639EA028130299966
B1102294557800N00651640EA028130300153
B1102304557804N00651641EA028140300377
B1102314557808N00651644EA028150300401
B1102324557810N00651648EA028160300461
B1102334557812N00651654EA028170300227
B1102344557812N00651663EA028160300240
B1102354557810N00651671EA028160300335
B1102364557807N00651676EA028170300628
B1102374557802N00651679EA028180300882
B1102384557798N00651679EA028200300977
B1102394557793N00651678EA028210300976
B1102404557788N00651677EA028220301053
B1102414557783N00651676EA028230301111
B1102424557777N00651675EA028240301263
B1102434557772N00651674EA028240301359
B1102444557767N00651674EA028250301383
B1102454557763N00651672EA028260301417
B1102464557758N00651670EA028270301316
B1102474557752N00651668EA028260301257
B1102484557746N00651666EA028250301284
B1102494557741N00651664EA028260301475
B1102504557737N00651663EA028260301633
B1102514557733N00651661EA028270301749
B1102524557730N00651659EA028290301809
B1102534557726N00651656EA028300302168
B1102544557723N00651654EA028320302320
B1102554557719N00651651EA028340302450
B1102564557716N00651648EA028370302603
B1102574557712N00651645EA028390302959
B1102584557709N00651643EA028410303037
B1102594557705N00651642EA028430303153
B1103004557700N00651641EA028450303283
B1103014557695N00651640EA028470303462
B1103024557690N00651638EA028480303758
B1103034557686N00651637EA028500304051
B1103044557684N00651633EA028530304228
B1103054557682N00651628EA028550304399
B1103064557681N00651621EA028560304266
B1103074557681N00651613EA028560304495
B1103084557685N00651607EA028570304761
B1103094557690N00651603EA028580304868
B1103104557696N00651604EA028590304940
B1103114557702N00651608EA028600305052
B1103124557706N00651615EA028610305190
B1103134557709N00651622EA028630305305
B1103144557708N00651629EA028640305542
B1103154557706N00651634EA028660305726
B1103164557702N00651637EA028680305950
B1103174557699N00651637EA028700306016
B1103184557695N00651636EA028710306256
B1103194557692N00651634EA028730306344
B1103204557689N00651630EA028750306376
B1103214557687N00651624EA028750306498
B1103224557687N00651617EA028750306586
B1103234557689N00651610EA028760306791
B1103244557693N00651605EA028770306852
B1103254557698N00651602EA028790307071
B1103264557704N00651600EA028800307069
B1103274557710N00651602EA028810307181
B1103284557716N00651604EA028820307295
B1103294557721N00651608EA028840307467
B1103304557725N00651614EA028850307604
B1103314557726N00651620EA028860307676
B1103324557726N00651627EA028860307622
B1103334557724N00651632EA028860307606
B1103344557720N00651637EA028870307880
B1103354557716N00651638EA028880308091
B1103364557713N00651636EA028890308120
B1103374557710N00651631EA028900308129
B1103384557708N00651626EA028910308298
B1103394557709N00651621EA028930308579
B1103404557711N00651616EA028950308791
B1103414557715N00651610EA028960308823
B1103424557719N00651605EA028980309092
B1103434557726N00651602EA029010309276
B1103444557733N00651602EA029020309326
B1103454557739N00651606EA029040309577
B1103464557743N00651613EA029050309526
B1103474557744N00651621EA029050309400
B1103484557742N00651627EA029040309468
B1103494557739N00651632EA029040309508
B1103504557734N00651635EA029050309770
B1103514557730N00651635EA029060309876
B1103524557727N00651633EA029060309807
B1103534557723N00651631EA029070309862
B1103544557720N00651626EA029080309849
B1103554557718N00651621EA029080310183
B1103564557719N00651614EA029100310537
B1103574557721N00651608EA029120310771
B1103584557725N00651602EA029140310837
B1103594557730N00651597EA029170311148
B1104004557735N00651595EA029190311273
B1104014557741N00651594EA029210311499
B1104024557747N00651598EA029240311545
B1104034557751N00651604EA029250311773
B1104044557753N00651610EA029260311899
B1104054557753N00651617EA029270311975
B1104064557751N00651621EA029270311829
B1104074557747N00651624EA029270311897
B1104084557744N00651627EA029260311832
B1104094557740N00651628EA029260311763
B1104104557736N00651628EA029250311738
B1104114557731N00651628EA029250311968
B1104124557726N00651626EA029260312149
B1104134557721N00651624EA029280312465
B1104144557717N00651622EA029300312730
B1104154557713N00651620EA029320312905
B1104164557708N00651619EA029350313274
B1104174557704N00651618EA029370313395
B1104184557701N00651618EA029400313526
B1104194557697N00651618EA029420313667
B1104204557693N00651618EA029440313698
B1104214557690N00651618EA029450313736
B1104224557686N00651618EA029450313985
B1104234557684N00651617EA029460313921
B1104244557682N00651612EA029460313839
B1104254557681N00651606EA029460313835
B1104264557682N00651599EA029450313741
B1104274557685N00651591EA029450313736
B1104284557690N00651586EA029450313857
B1104294557696N00651584EA029460313855
B1104304557702N00651585EA029460313971
B1104314557707N00651588EA029460313992
B1104324557712N00651593EA029470314002
B1104334557714N00651599EA029470314147
B1104344557715N00651607EA029480314296
B1104354557715N00651614EA029480314288
B1104364557713N00651620EA029490314287
B1104374557710N00651625EA029490314321
B1104384557706N00651627EA029500314255
B1104394557702N00651628EA029500314314
B1104404557697N00651627EA029500314543
B1104414557693N00651625EA029510314712
B1104424557688N00651621EA029520314997
B1104434557685N00651617EA029540315252
B1104444557682N00651612EA029560315594
B1104454557681N00651607EA029590315770
B1104464557682N00651601EA029610315716
B1104474557683N00651595EA029630315878
B1104484557685N00651589EA029650315992
B1104494557689N00651583EA029660316093
B1104504557695N00651579EA029670316117
B1104514557700N00651579EA029680316260
B1104524557705N00651582EA029670316183
B1104534557709N00651588EA029680316354
B1104544557711N00651594EA029680316465
B1104554557712N00651600EA029690316545
B1104564557711N00651606EA029700316691
B1104574557710N00651611EA029710316744
B1104584557708N00651616EA029720316723
B1104594557704N00651620EA029720316750
B1105004557700N00651621EA029730316809
B1105014557695N00651620EA029740317175
B1105024557692N00651616EA029760317357
B1105034557689N00651611EA029770317582
B1105044557688N00651605EA029790317631
B1105054557688N00651598EA029810317808
B1105064557689N00651593EA029830318020
B1105074557693N00651587EA029850318102
B1105084557698N00651583EA029870318149
B1105094557704N00651583EA029880318254
B1105104557709N00651585EA029890318486
B1105114557714N00651589EA029900318509
B1105124557716N00651596EA029900318678
B1105134557718N00651604EA029910318732
B1105144557718N00651611EA029920318877
B1105154557717N00651618EA029920318945
B1105164557715N00651624EA029930319027
B1105174557711N00651628EA029940319048
B1105184557706N00651631EA029950319395
B1105194557702N00651632EA029970319644
B1105204557698N00651632EA029990319912
B1105214557694N00651631EA030020320234
B1105224557690N00651631EA030040320313
B1105234557685N00651632EA030070320590
B1105244557681N00651632EA030090320684
B1105254557677N00651632EA030110320738
B1105264557672N00651632EA030120320897
B1105274557668N00651632EA030130321080
B1105284557665N00651630EA030140321310
B1105294557662N00651626EA030160321346
B1105304557660N00651621EA030170321352
B1105314557660N00651614EA030180321317
B1105324557661N00651608EA030180321358
B1105334557664N00651604EA030170321161
B1105344557669N00651602EA030160321051
B1105354557674N00651603EA030150320987
B1105364557680N00651608EA030140320810
B1105374557683N00651614EA030130320975
B1105384557686N00651621EA030130321136
B1105394557687N00651629EA030130321374
B1105404557688N00651636EA030150321677
B1105414557688N00651643EA030160321972
B1105424557687N00651648EA030190322178
B1105434557685N00651654EA030210322110
B1105444557681N00651656EA030230322189
B1105454557677N00651659EA030240322175
B1105464557673N00651660EA030240322214
B1105474557668N00651659EA030250322366
B1105484557664N00651658EA030250322451
B1105494557660N00651656EA030260322583
B1105504557657N00651655EA030270322524
B1105514557653N00651655EA030280322451
B1105524557649N00651654EA030270322297
B1105534557645N00651653EA030260321960
B1105544557641N00651649EA030250321785
B1105554557638N00651643EA030230321659
B1105564557636N00651636EA030210321454
B1105574557636N00651628EA030190321343
B1105584557637N00651620EA030170321115
B1105594557637N00651612EA030150321097
B1106004557638N00651604EA030130320853
B1106014557639N00651595EA030110320748
B1106024557640N00651587EA030090320779
B1106034557642N00651581EA030090320730
B1106044557643N00651574EA030090320551
B1106054557644N00651566EA030080320279
B1106064557645N00651559EA030060319985
B1106074557647N00651551EA030040319632
B1106084557648N00651543EA030010319383
B1106094557650N00651534EA029980319104
B1106104557651N00651525EA029960319016
B1106114557652N00651517EA029930318845
B1106124557653N00651509EA029910318595
B1106134557655N00651501EA029880318276
B1106144557657N00651493EA029850318060
B1106154557659N00651484EA029820317711
B1106164557660N00651475EA029800317567
B1106174557663N00651467EA029780317402
B1106184557665N00651458EA029770317366
B1106194557667N00651449EA029770317386
B1106204557669N00651440EA029770317494
B1106214557672N00651431EA029770317412
B1106224557674N00651422EA029780317698
B1106234557677N00651414EA029780317678
B1106244557680N00651406EA029790317635
B1106254557682N00651397EA029800317585
B1106264557685N00651387EA029790317208
B1106274557687N00651378EA029780317010
B1106284557689N00651369EA029760316931
B1106294557691N00651360EA029740316778
B1106304557694N00651352EA029720316517
B1106314557696N00651344EA029710316295
B1106324557699N00651335EA029680316077
B1106334557702N00651326EA029660315855
B1106344557705N00651317EA029640315620
B1106354557708N00651307EA029610315309
B1106364557711N00651298EA029580315034
B1106374557714N00651288EA029550314755
B1106384557717N00651277EA029520314546
B1106394557720N00651266EA029500314466
B1106404557724N00651256EA029480314334
B1106414557728N00651247EA029480314272
B1106424557733N00651237EA029470314046
B1106434557737N00651227EA029470313974
B1106444557741N00651216EA029460313852
B1106454557745N00651204EA029450313619
B1106464557749N00651194EA029430313500
B1106474557752N00651183EA029420313481
B1106484557756N00651171EA029410313276
B1106494557760N00651160EA029390313041
B1106504557763N00651147EA029380312988
B1106514557766N00651135EA029360312835
B1106524557768N00651123EA029360312975
B1106534557771N00651112EA029360312942
B1106544557774N00651101EA029370312897
B1106554557778N00651091EA029360312650
B1106564557781N00651079EA029350312397
B1106574557784N00651067EA029330312162
B1106584557787N00651054EA029310312047
B1106594557791N00651043EA029290311930
B1107004557795N00651033EA029270311796
B1107014557800N00651024EA029260311560
B1107024557804N00651013EA029240311244
B1107034557807N00651002EA029210310923
B1107044557810N00650990EA029190310709
B1107054557813N00650979EA029160310597
B1107064557818N00650968EA029130310225
B1107074557821N00650956EA029100310076
B1107084557823N00650944EA029080309923
B1107094557824N00650932EA029070309904
B1107104557826N00650921EA029080309863
B1107114557830N00650910EA029070309669
B1107124557835N00650900EA029060309377
B1107134557839N00650889EA029040309189
B1107144557842N00650877EA029020308858
B1107154557844N00650866EA028990308681
B1107164557847N00650854EA028970308488
B1107174557851N00650842EA028940308149
B1107184557855N00650831EA028910307850
B1107194557859N00650819EA028880307630
B1107204557862N00650807EA028850307554
B1107214557865N00650796EA028830307381
B1107224557870N00650785EA028810307102
B1107234557874N00650774EA028790307068
B1107244557879N00650765EA028780306871
B1107254557884N00650755EA028770306669
B1107264557888N00650746EA028750306485
B1107274557892N00650736EA028730306232
B1107284557895N00650725EA028720306146
B1107294557898N00650715EA028700305983
B1107304557902N00650704EA028680305754
B1107314557905N00650693EA028670305650
B1107324557908N00650681EA028650305503
B1107334557910N00650670EA028640305443
B1107344557913N00650660EA028630305243
B1107354557917N00650651EA028620304910
B1107364557921N00650641EA028600304705
B1107374557924N00650631EA028580304474
B1107384557927N00650621EA028550304291
B1107394557931N00650611EA028530304101
B1107404557934N00650601EA028510303917
B1107414557937N00650592EA028480303612
B1107424557940N00650582EA028460303200
B1107434557942N00650571EA028440303098
B1107444557946N00650561EA028410302898
B1107454557950N00650552EA028390302697
B1107464557954N00650543EA028370302483
B1107474557957N00650534EA028350302275
B1107484557960N00650525EA028320301821
B1107494557962N00650515EA028300301493
B1107504557966N00650505EA028260301020
B1107514557970N00650494EA028230300701
B1107524557973N00650483EA028200300555
B1107534557976N00650473EA028160300352
B1107544557979N00650463EA028140300020
B1107554557982N00650453EA028110299701
B1107564557985N00650443EA028090299412
B1107574557988N00650433EA028060299220
B1107584557991N00650422EA028030299033
B1107594557993N00650411EA028010298888
B1108004557995N00650402EA028000298751
B1108014557996N00650392EA028000298570
B1108024557997N00650382EA027990298391
B1108034557999N00650371EA027970298002
B1108044558000N00650359EA027950297809
B1108054558001N00650348EA027930297727
B1108064558002N00650337EA027910297656
B1108074558003N00650327EA027900297594
B1108084558005N00650317EA027880297439
B1108094558006N00650308EA027870297173
B1108104558008N00650298EA027850296954
B1108114558009N00650288EA027830296662
B1108124558009N00650277EA027810296456
B1108134558009N00650267EA027790296207
B1108144558008N00650257EA027770296109
B1108154558007N00650248EA027750295905
B1108164558006N00650238EA027730295615
B1108174558005N00650228EA027710295315
B1108184558004N00650217EA027680295019
B1108194558003N00650207EA027650294832
B1108204558002N00650196EA027630294656
B1108214558001N00650186EA027600294454
B1108224558000N00650176EA027580294253
B1108234557999N00650166EA027560294063
B1108244557998N00650156EA027550293791
B1108254557998N00650145EA027530293513
B1108264557997N00650135EA027510293230
B1108274557995N00650124EA027490293090
B1108284557994N00650113EA027460292844
B1108294557993N00650103EA027440292721
B1108304557991N00650093EA027420292563
B1108314557989N00650084EA027410292360
B1108324557987N00650074EA027390292139
B1108334557985N00650065EA027370291845
B1108344557983N00650055EA027350291593
B1108354557982N00650044EA027320291249
B1108364557980N00650034EA027290291083
B1108374557978N00650024EA027270290880
B1108384557977N00650014EA027240290720
B1108394557975N00650004EA027230290596
B1108404557974N00649994EA027210290297
B1108414557973N00649984EA027190289959
B1108424557971N00649975EA027160289760
B1108434557970N00649964EA027140289507
B1108444557968N00649955EA027120289443
B1108454557966N00649946EA027110289281
B1108464557964N00649936EA027100289199
B1108474557963N00649927EA027090288818
B1108484557961N00649918EA027070288626
B1108494557959N00649909EA027060288345
B1108504557957N00649900EA027030288113
B1108514557954N00649891EA027020288046
B1108524557951N00649883EA027000287855
B1108534557948N00649875EA026980287767
B1108544557946N00649867EA026960287426
B1108554557943N00649859EA026940287125
B1108564557939N00649851EA026910286804
B1108574557934N00649843EA026890286693
B1108584557931N00649835EA026870286506
B1108594557927N00649827EA026850286489
B1109004557925N00649820EA026850286445
B1109014557922N00649813EA026850286264
B1109024557919N00649806EA026870286040
B1109034557916N00649798EA026820285960
B1109044557913N00649790EA026760285952
B1109054557910N00649782EA026740285874
B1109064557908N00649774EA026750285618
B1109074557905N00649767EA026740285203
B1109084557902N00649760EA026720284712
B1109094557899N00649752EA026700284435
B1109104557896N00649744EA026670284114
B1109114557893N00649736EA026650283910
B1109124557890N00649728EA026630283811
B1109134557887N00649720EA026600283602
B1109144557883N00649712EA026580283494
B1109154557880N00649704EA026560283288
B1109164557878N00649696EA026540283117
B1109174557875N00649688EA026520282982
B1109184557873N00649679EA026510282789
B1109194557871N00649671EA026500282523
B1109204557868N00649663EA026490282422
B1109214557865N00649655EA026480282216
B1109224557862N00649647EA026470282149
B1109234557860N00649639EA026450282008
B1109244557857N00649631EA026440281872
B1109254557854N00649623EA026420281691
B1109264557852N00649614EA026400281548
B1109274557849N00649606EA026370281386
B1109284557847N00649598EA026350281150
B1109294557846N00649588EA026330281036
B1109304557844N00649579EA026310280892
B1109314557844N00649569EA026300280629
B1109324557843N00649560EA026290280537
B1109334557842N00649551EA026300280372
B1109344557842N00649542EA026300280120
B1109354557841N00649532EA026270279993
B1109364557842N00649522EA026270279806
B1109374557841N00649512EA026250279796
B1109384557842N00649503EA026240279620
B1109394557842N00649494EA026220279641
B1109404557842N00649485EA026200279417
B1109414557841N00649476EA026170279268
B1109424557840N00649468EA026150278952
B1109434557839N00649459EA026130278712
B1109444557837N00649449EA026110278489
B1109454557836N00649440EA026090278226
B1109464557834N00649431EA026070278032
B1109474557832N00649422EA026040277811
B1109484557829N00649413EA026030277690
B1109494557827N00649403EA026000277479
B1109504557825N00649395EA025980277255
B1109514557823N00649387EA025960276904
B1109524557820N00649379EA025950276754
B1109534557817N00649371EA025920276566
B1109544557814N00649364EA025910276351
B1109554557811N00649356EA025890276275
B1109564557808N00649349EA025880276087
B1109574557805N00649342EA025870275875
B1109584557802N00649335EA025850275602
B1109594557798N00649327EA025840275408
B1110004557794N00649320EA025820275309
B1110014557789N00649314EA025810275390
B1110024557786N00649307EA025790275227
B1110034557782N00649301EA025780275136
B1110044557778N00649295EA025770274983
B1110054557775N00649288EA025760274803
B1110064557771N00649280EA025750274638
B1110074557767N00649272EA025730274469
B1110084557764N00649265EA025710274301
B1110094557760N00649257EA025700274338
B1110104557757N00649250EA025690274259
B1110114557754N00649243EA025680274089
B1110124557752N00649236EA025670273812
B1110134557749N00649227EA025650273539
B1110144557746N00649219EA025630273312
B1110154557743N00649210EA025620273217
B1110164557740N00649202EA025600273132
B1110174557737N00649194EA025580272994
B1110184557735N00649186EA025570272843
B1110194557732N00649177EA025550272656
B1110204557729N00649169EA025530272440
B1110214557726N00649160EA025510272323
B1110224557723N00649152EA025500272311
B1110234557720N00649144EA025500272225
B1110244557717N00649136EA025500272128
B1110254557714N00649129EA025490271911
B1110264557711N00649121EA025480271714
B1110274557708N00649113EA025460271511
B1110284557705N00649105EA025450271461
B1110294557702N00649097EA025430271278
B1110304557699N00649091EA025410271030
B1110314557696N00649083EA025380270809
B1110324557693N00649076EA025360270540
B1110334557690N00649067EA025330270297
B1110344557688N00649059EA025310270001
B1110354557685N00649051EA025280269812
B1110364557682N00649042EA025260269688
B1110374557681N00649033EA025240269356
B1110384557679N00649024EA025210269190
B1110394557677N00649015EA025190269152
B1110404557674N00649006EA025180269038
B1110414557671N00648998EA025180268966
B1110424557669N00648990EA025170268891
B1110434557668N00648981EA025170268541
B1110444557666N00648971EA025150268238
B1110454557663N00648962EA025130268044
B1110464557660N00648952EA025110267866
B1110474557658N00648943EA025090267751
B1110484557657N00648933EA025070267602
B1110494557655N00648923EA025050267427
B1110504557652N00648914EA025030267272
B1110514557649N00648905EA025010267082
B1110524557647N00648895EA024990266814
B1110534557645N00648885EA024970266604
B1110544557643N00648875EA024950266463
B1110554557641N00648865EA024930266382
B1110564557639N00648855EA024920266277
B1110574557637N00648846EA024920266156
B1110584557635N00648837EA024920266077
B1110594557634N00648828EA024910265832
B1111004557632N00648818EA024900265687
B1111014557631N00648809EA024890265522
B1111024557629N00648799EA024870265358
B1111034557627N00648790EA024850265175
B1111044557626N00648781EA024830265000
B1111054557624N00648771EA024820264843
B1111064557622N00648761EA024790264679
B1111074557620N00648752EA024770264585
B1111084557618N00648743EA024760264370
B1111094557617N00648733EA024740264207
B1111104557615N00648724EA024720264142
B1111114557613N00648714EA024700263979
B1111124557611N00648705EA024700263895
B1111134557609N00648696EA024690263792
B1111144557608N00648686EA024680263517
B1111154557606N00648677EA024660263465
B1111164557605N00648668EA024650263231
B1111174557603N00648659EA024630263061
B1111184557601N00648650EA024620262961
B1111194557599N00648641EA024600262811
B1111204557596N00648632EA024590262542
B1111214557593N00648622EA024570262399
B1111224557591N00648613EA024550262147
B1111234557588N00648604EA024530261834
B1111244557584N00648595EA024510261671
B1111254557581N00648585EA024480261555
B1111264557579N00648575EA024470261546
B1111274557578N00648566EA024460261401
B1111284557576N00648557EA024450261261
B1111294557574N00648547EA024450261195
B1111304557573N00648537EA024440261016
B1111314557571N00648527EA024430260905
B1111324557568N00648517EA024420260872
B1111334557565N00648507EA024410260685
B1111344557563N00648497EA024400260516
B1111354557560N00648487EA024380260488
B1111364557558N00648478EA024370260462
B1111374557556N00648468EA024360260352
B1111384557554N00648458EA024350260272
B1111394557553N00648447EA024340260217
B1111404557551N00648437EA024350260266
B1111414557549N00648427EA024350260398
B1111424557547N00648419EA024350260480
B1111434557545N00648411EA024360260340
B1111444557542N00648403EA024360260296
B1111454557540N00648396EA024350260011
B1111464557537N00648388EA024340259900
B1111474557533N00648380EA024330259993
B1111484557530N00648373EA024320259992
B1111494557528N00648366EA024320259925
B1111504557526N00648359EA024320259807
B1111514557523N00648353EA024320259780
B1111524557521N00648345EA024310259658
B1111534557519N00648338EA024300259523
B1111544557516N00648330EA024300259489
B1111554557514N00648323EA024290259357
B1111564557512N00648316EA024280259346
B1111574557510N00648309EA024270259244
B1111584557508N00648302EA024260259021
B1111594557505N00648294EA024250258995
B1112004557503N00648286EA024240258816
B1112014557500N00648278EA024230258749
B1112024557497N00648271EA024220258787
B1112034557495N00648264EA024210258657
B1112044557493N00648257EA024200258521
B1112054557490N00648249EA024190258472
B1112064557487N00648241EA024180258396
B1112074557485N00648233EA024170258218
B1112084557482N00648226EA024160258241
B1112094557480N00648218EA024170258214
B1112104557477N00648211EA024170258280
B1112114557475N00648203EA024160258239
B1112124557472N00648196EA024160258148
B1112134557469N00648190EA024160258140
B1112144557466N00648183EA024150258025
B1112154557462N00648177EA024150258054
B1112164557458N00648171EA024140257962
B1112174557454N00648165EA024140258090
B1112184557451N00648159EA024140258150
B1112194557448N00648153EA024150258346
B1112204557445N00648149EA024160258415
B1112214557441N00648145EA024170258439
B1112224557436N00648142EA024180258585
B1112234557432N00648139EA024190258508
B1112244557427N00648137EA024200258633
B1112254557422N00648134EA024200258676
B1112264557417N00648132EA024200258570
B1112274557412N00648129EA024200258537
B1112284557406N00648128EA024200258650
B1112294557400N00648126EA024200258664
B1112304557395N00648125EA024200258731
B1112314557390N00648123EA024210258962
B1112324557385N00648121EA024220259072
B1112334557380N00648119EA024230259282
B1112344557376N00648117EA024240259422
B1112354557371N00648115EA024260259665
B1112364557367N00648114EA024280259934
B1112374557362N00648113EA024310260185
B1112384557358N00648112EA024330260359
B1112394557354N00648113EA024360260500
B1112404557349N00648113EA024380260773
B1112414557345N00648114EA024400260990
B1112424557342N00648115EA024430261026
B1112434557338N00648117EA024440261172
B1112444557335N00648118EA024460261216
B1112454557332N00648119EA024460261319
B1112464557329N00648120EA024460261350
B1112474557326N00648118EA024460261384
B1112484557324N00648115EA024460261131
B1112494557322N00648109EA024450261038
B1112504557321N00648103EA024440261070
B1112514557323N00648095EA024440261038
B1112524557326N00648090EA024430261193
B1112534557331N00648087EA024430261162
B1112544557337N00648086EA024430261020
B1112554557342N00648085EA024430261052
B1112564557347N00648085EA024430261095
B1112574557353N00648088EA024430261002
B1112584557358N00648092EA024430261011
B1112594557362N00648097EA024430261031
B1113004557365N00648103EA024430261147
B1113014557367N00648110EA024430261137
B1113024557367N00648118EA024440261371
B1113034557368N00648124EA024450261609
B1113044557368N00648131EA024470261881
B1113054557369N00648136EA024490262159
B1113064557368N00648141EA024510262229
B1113074557365N00648145EA024530262102
B1113084557360N00648146EA024540261910
B1113094557354N00648142EA024540262082
B1113104557353N00648135EA024540262116
B1113114557354N00648129EA024540262151
B1113124557358N00648125EA024540262181
B1113134557363N00648123EA024540262171
B1113144557369N00648125EA024540262170
B1113154557374N00648130EA024550262352
B1113164557376N00648136EA024560262658
B1113174557376N00648143EA024570262882
B1113184557376N00648149EA024580262912
B1113194557375N00648154EA024600263016
B1113204557374N00648160EA024610263002
B1113214557372N00648165EA024620263004
B1113224557368N00648168EA024620263038
B1113234557363N00648170EA024620262955
B1113244557358N00648170EA024620263123
B1113254557354N00648167EA024620263233
B1113264557352N00648163EA024630263351
B1113274557352N00648158EA024640263441
B1113284557353N00648153EA024650263344
B1113294557356N00648148EA024650263236
B1113304557360N00648144EA024640263256
B1113314557365N00648142EA024640263315
B1113324557370N00648143EA024640263443
B1113334557375N00648146EA024650263611
B1113344557378N00648150EA024660263851
B1113354557380N00648154EA024670264049
B1113364557381N00648159EA024690264069
B1113374557381N00648165EA024700263990
B1113384557380N00648171EA024690263780
B1113394557378N00648177EA024690263663
B1113404557375N00648182EA024680263613
B1113414557370N00648186EA024680263792
B1113424557366N00648188EA024680263860
B1113434557362N00648189EA024690264062
B1113444557358N00648189EA024700264119
B1113454557354N00648189EA024710264317
B1113464557350N00648188EA024730264438
B1113474557346N00648187EA024740264538
B1113484557341N00648186EA024760264668
B1113494557337N00648185EA024770264931
B1113504557334N00648181EA024790265049
B1113514557333N00648177EA024810265130
B1113524557333N00648170EA024830265190
B1113534557336N00648163EA024840265241
B1113544557340N00648158EA024850265726
B1113554557344N00648158EA024880266095
B1113564557348N00648161EA024900266283
B1113574557352N00648166EA024930266500
B1113584557354N00648171EA024950266732
B1113594557355N00648177EA024970266813
B1114004557355N00648183EA024990266932
B1114014557354N00648189EA024990266935
B1114024557351N00648195EA024990266847
B1114034557347N00648199EA024990266812
B1114044557341N00648199EA024990266986
B1114054557336N00648195EA024990267180
B1114064557333N00648189EA025000267235
B1114074557331N00648182EA025010267423
B1114084557330N00648175EA025020267637
B1114094557330N00648169EA025040267936
B1114104557330N00648164EA025070268183
B1114114557331N00648158EA025090268478
B1114124557334N00648153EA025120268607
B1114134557337N00648149EA025150268859
B1114144557341N00648147EA025180269067
B1114154557346N00648148EA025200269293
B1114164557350N00648152EA025230269472
B1114174557352N00648158EA025240269594
B1114184557353N00648165EA025250269658
B1114194557352N00648173EA025250269743
B1114204557350N00648179EA025260269926
B1114214557347N00648184EA025270270212
B1114224557342N00648186EA025290270399
B1114234557338N00648186EA025300270436
B1114244557333N00648184EA025310270674
B1114254557330N00648179EA025330270758
B1114264557328N00648173EA025340270938
B1114274557327N00648167EA025360271000
B1114284557325N00648159EA025380271297
B1114294557325N00648152EA025400271598
B1114304557327N00648147EA025420271730
B1114314557330N00648143EA025440271702
B1114324557334N00648140EA025450271768
B1114334557339N00648141EA025460271891
B1114344557345N00648142EA025470272126
B1114354557349N00648145EA025490272594
B1114364557353N00648149EA025510272804
B1114374557354N00648155EA025530273094
B1114384557355N00648161EA025560273119
B1114394557353N00648168EA025570273167
B1114404557350N00648174EA025580273177
B1114414557346N00648178EA025580273215
B1114424557341N00648180EA025590273556
B1114434557337N00648180EA025600273769
B1114444557333N00648179EA025620273851
B1114454557329N00648176EA025630273933
B1114464557325N00648171EA025650274073
B1114474557323N00648165EA025660274123
B1114484557322N00648158EA025680274237
B1114494557323N00648151EA025690274316
B1114504557325N00648145EA025700274544
B1114514557328N00648140EA025720274882
B1114524557333N00648138EA025740275100
B1114534557336N00648138EA025760275383
B1114544557340N00648141EA025790275592
B1114554557343N00648146EA025810275692
B1114564557345N00648152EA025820275749
B1114574557344N00648160EA025830275931
B1114584557341N00648165EA025840275938
B1114594557336N00648168EA025840275911
B1115004557330N00648167EA025840276018
B1115014557324N00648165EA025840276194
B1115024557320N00648161EA025850276394
B1115034557318N00648155EA025860276402
B1115044557317N00648148EA025870276500
B1115054557317N00648140EA025890276617
B1115064557318N00648133EA025900276758
B1115074557320N00648126EA025920276935
B1115084557322N00648120EA025930277021
B1115094557325N00648115EA025950277101
B1115104557328N00648111EA025960277265
B1115114557332N00648106EA025970277395
B1115124557337N00648100EA025970277336
B1115134557341N00648093EA025970277564
B1115144557345N00648085EA025980277700
B1115154557348N00648076EA025990277926
B1115164557351N00648068EA026010278233
B1115174557355N00648061EA026030278421
B1115184557359N00648054EA026050278749
B1115194557363N00648048EA026070278715
B1115204557366N00648040EA026090278756
B1115214557369N00648032EA026100278870
B1115224557373N00648023EA026110278849
B1115234557377N00648016EA026100278905
B1115244557380N00648009EA026100278819
B1115254557382N00648002EA026100278766
B1115264557384N00647994EA026090278573
B1115274557387N00647985EA026080278386
B1115284557392N00647977EA026070278334
B1115294557396N00647969EA026060278394
B1115304557400N00647961EA026060278477
B1115314557403N00647954EA026060278450
B1115324557405N00647946EA026060278473
B1115334557408N00647939EA026060278420
B1115344557410N00647932EA026060278371
B1115354557413N00647925EA026060278272
B1115364557417N00647918EA026050278103
B1115374557420N00647911EA026040277934
B1115384557423N00647904EA026030277742
B1115394557426N00647896EA026020277679
B1115404557430N00647889EA026000277519
B1115414557433N00647883EA025990277340
B1115424557436N00647875EA025970277269
B1115434557439N00647868EA025960277067
B1115444557441N00647860EA025940276896
B1115454557444N00647852EA025920276606
B1115464557446N00647844EA025910276578
B1115474557449N00647837EA025890276493
B1115484557453N00647829EA025870276228
B1115494557456N00647822EA025860276107
B1115504557458N00647815EA025840275995
B1115514557461N00647808EA025830275796
B1115524557464N00647802EA025810275561
B1115534557467N00647795EA025800275340
B1115544557469N00647787EA025780275174
B1115554557471N00647779EA025760274976
B1115564557473N00647772EA025740274861
B1115574557475N00647764EA025720274668
B1115584557477N00647757EA025700274458
B1115594557479N00647750EA025680274174
B1116004557481N00647742EA025660273997
B1116014557484N00647734EA025640273858
B1116024557486N00647727EA025620273786
B1116034557489N00647721EA025610273622
B1116044557491N00647715EA025610273542
B1116054557493N00647708EA025610273347
B1116064557496N00647701EA025600273108
B1116074557498N00647694EA025590272976
B1116084557501N00647687EA025570272877
B1116094557504N00647680EA025550272725
B1116104557506N00647672EA025540272607
B1116114557506N00647664EA025520272598
B1116124557508N00647656EA025500272329
B1116134557509N00647649EA025490272193
B1116144557512N00647641EA025470272027
B1116154557515N00647633EA025450271908
B1116164557517N00647626EA025440271978
B1116174557519N00647620EA025440271999
B1116184557522N00647614EA025440271709
B1116194557524N00647608EA025440271507
B1116204557526N00647601EA025430271204
B1116214557528N00647593EA025410271027
B1116224557530N00647585EA025390270877
B1116234557533N00647578EA025370270880
B1116244557536N00647570EA025350270743
B1116254557538N00647562EA025330270622
B1116264557539N00647554EA025320270494
B1116274557541N00647546EA025310270371
B1116284557544N00647537EA025290270229
B1116294557547N00647530EA025280270010
B1116304557549N00647522EA025270269961
B1116314557552N00647514EA025260269801
B1116324557554N00647505EA025260269707
B1116334557556N00647497EA025250269527
B1116344557558N00647489EA025240269465
B1116354557560N00647481EA025230269382
B1116364557562N00647472EA025210269298
B1116374557564N00647464EA025200269198
B1116384557566N00647456EA025190269077
B1116394557568N00647448EA025170268886
B1116404557571N00647440EA025150268536
B1116414557573N00647432EA025130268494
B1116424557577N00647424EA025110268204
B1116434557579N00647416EA025090268074
B1116444557582N00647408EA025070267819
B1116454557584N00647401EA025050267645
B1116464557586N00647393EA025030267478
B1116474557588N00647386EA025010267290
B1116484557590N00647378EA024990267066
B1116494557592N00647371EA024970266800
B1116504557593N00647363EA024950266560
B1116514557595N00647355EA024930266460
B1116524557598N00647347EA024910266216
B1116534557600N00647340EA024890266145
B1116544557602N00647332EA024880265917
B1116554557603N00647324EA024870265824
B1116564557604N00647316EA024860265754
B1116574557605N00647308EA024850265595
B1116584557607N00647300EA024840265439
B1116594557608N00647293EA024830265283
B1117004557610N00647285EA024810265164
B1117014557612N00647277EA024800264955
B1117024557614N00647269EA024780264835
B1117034557615N00647261EA024770264754
B1117044557616N00647253EA024760264681
B1117054557618N00647244EA024750264529
B1117064557619N00647236EA024750264464
B1117074557620N00647227EA024740264378
B1117084557621N00647219EA024730264351
B1117094557622N00647210EA024730264236
B1117104557623N00647202EA024720264141
B1117114557624N00647193EA024710264093
B1117124557626N00647185EA024700263950
B1117134557627N00647177EA024690263860
B1117144557628N00647169EA024680263743
B1117154557629N00647161EA024660263500
B1117164557630N00647153EA024650263221
B1117174557631N00647145EA024630262982
B1117184557633N00647136EA024600262608
B1117194557633N00647128EA024580262472
B1117204557634N00647120EA024550262111
B1117214557634N00647112EA024520261834
B1117224557634N00647104EA024490261584
B1117234557635N00647095EA024460261228
B1117244557635N00647086EA024430260959
B1117254557635N00647077EA024400260788
B1117264557636N00647068EA024370260467
B1117274557637N00647059EA024350260238
B1117284557638N00647051EA024320260041
B1117294557639N00647042EA024300259755
B1117304557640N00647033EA024270259477
B1117314557641N00647024EA024250259156
B1117324557642N00647015EA024220258951
B1117334557643N00647005EA024200258849
B1117344557644N00646996EA024180258759
B1117354557645N00646988EA024180258547
B1117364557646N00646980EA024170258346
B1117374557647N00646972EA024160258191
B1117384557649N00646963EA024150257991
B1117394557652N00646954EA024130257721
B1117404557653N00646944EA024110257669
B1117414557654N00646935EA024090257477
B1117424557655N00646926EA024070257297
B1117434557657N00646917EA024050256997
B1117444557659N00646907EA024030256789
B1117454557661N00646898EA024010256645
B1117464557662N00646889EA023990256552
B1117474557663N00646880EA023980256453
B1117484557664N00646871EA023970256387
B1117494557666N00646863EA023960256131
B1117504557667N00646854EA023950256082
B1117514557669N00646845EA023940255812
B1117524557670N00646835EA023930255718
B1117534557671N00646827EA023920255544
B1117544557672N00646818EA023900255399
B1117554557674N00646810EA023890255150
B1117564557675N00646800EA023870254994
B1117574557677N00646790EA023850254838
B1117584557679N00646781EA023830254806
B1117594557680N00646772EA023820254789
B1118004557682N00646764EA023810254688
B1118014557684N00646756EA023800254482
B1118024557686N00646747EA023790254151
B1118034557688N00646737EA023770254006
B1118044557690N00646728EA023760253816
B1118054557692N00646719EA023750253871
B1118064557695N00646710EA023730253765
B1118074557698N00646702EA023720253554
B1118084557701N00646693EA023720253358
B1118094557704N00646684EA023700253049
B1118104557707N00646675EA023680252806
B1118114557709N00646666EA023670252634
B1118124557711N00646657EA023640252466
B1118134557713N00646648EA023620252298
B1118144557716N00646639EA023600252149
B1118154557718N00646631EA023580251881
B1118164557720N00646621EA023550251689
B1118174557722N00646612EA023530251452
B1118184557724N00646602EA023510251315
B1118194557726N00646593EA023490251116
B1118204557728N00646584EA023480251029
B1118214557730N00646576EA023470250956
B1118224557732N00646568EA023450250791
B1118234557735N00646559EA023440250534
B1118244557737N00646550EA023430250348
B1118254557739N00646542EA023410250264
B1118264557741N00646534EA023390250085
B1118274557744N00646526EA023380249704
B1118284557746N00646517EA023350249536
B1118294557748N00646508EA023330249333
B1118304557750N00646498EA023310249219
B1118314557751N00646489EA023290249186
B1118324557753N00646480EA023280249169
B1118334557755N00646471EA023280249048
B1118344557756N00646463EA023280248882
B1118354557758N00646454EA023270248723
B1118364557759N00646445EA023260248665
B1118374557761N00646436EA023250248517
B1118384557762N00646427EA023240248479
B1118394557764N00646419EA023230248340
B1118404557766N00646410EA023220248262
B1118414557769N00646401EA023200248205
B1118424557771N00646393EA023190248152
B1118434557773N00646384EA023180248089
B1118444557776N00646376EA023170247902
B1118454557778N00646367EA023170247919
B1118464557780N00646359EA023160247899
B1118474557783N00646352EA023150247781
B1118484557786N00646344EA023150247761
B1118494557788N00646336EA023150247683
B1118504557790N00646328EA023150247528
B1118514557791N00646321EA023140247434
B1118524557792N00646313EA023130247292
B1118534557794N00646305EA023120247061
B1118544557796N00646296EA023100246827
B1118554557797N00646288EA023080246681
B1118564557798N00646279EA023060246674
B1118574557799N00646271EA023050246532
B1118584557800N00646263EA023030246445
B1118594557802N00646255EA023020246314
B1119004557803N00646247EA023010246165
B1119014557804N00646239EA023000246081
B1119024557805N00646230EA022980245976
B1119034557806N00646222EA022970245845
B1119044557807N00646214EA022960245707
B1119054557807N00646206EA022960245645
B1119064557807N00646198EA022950245538
B1119074557807N00646190EA022950245324
B1119084557807N00646182EA022930245230
B1119094557808N00646173EA022920245129
B1119104557809N00646165EA022910245057
B1119114557810N00646157EA022900244966
B1119124557811N00646149EA022890244725
B1119134557812N00646141EA022870244612
B1119144557812N00646133EA022860244571
B1119154557813N00646124EA022850244428
B1119164557813N00646116EA022840244267
B1119174557814N00646108EA022820244106
B1119184557814N00646100EA022810244035
B1119194557814N00646092EA022800243894
B1119204557815N00646083EA022780243746
B1119214557816N00646075EA022770243600
B1119224557816N00646066EA022750243437
B1119234557816N00646058EA022740243373
B1119244557817N00646050EA022730243231
B1119254557817N00646041EA022730243286
B1119264557818N00646033EA022730243141
B1119274557818N00646024EA022720243159
B1119284557818N00646017EA022720243170
B1119294557818N00646009EA022710243052
B1119304557818N00646001EA022710242841
B1119314557819N00645992EA022700242758
B1119324557820N00645983EA022680242698
B1119334557822N00645974EA022670242528
B1119344557823N00645966EA022660242422
B1119354557824N00645958EA022660242313
B1119364557825N00645949EA022650242228
B1119374557826N00645941EA022640242114
B1119384557827N00645932EA022630242013
B1119394557827N00645923EA022620241973
B1119404557827N00645914EA022610241974
B1119414557827N00645905EA022610241889
B1119424557827N00645897EA022610241658
B1119434557827N00645889EA022600241334
B1119444557827N00645880EA022580241032
B1119454557827N00645870EA022550240899
B1119464557829N00645862EA022530240633
B1119474557830N00645855EA022500240581
B1119484557832N00645849EA022480240333
B1119494557833N00645843EA022460240132
B1119504557833N00645836EA022430239894
B1119514557834N00645829EA022410239621
B1119524557834N00645821EA022390239471
B1119534557835N00645813EA022370239367
B1119544557836N00645806EA022360239286
B1119554557838N00645799EA022350239134
B1119564557839N00645792EA022350238950
B1119574557840N00645784EA022330238801
B1119584557840N00645776EA022320238702
B1119594557839N00645767EA022310238789
B1120004557839N00645760EA022300238794
B1120014557840N00645753EA022310238722
B1120024557840N00645745EA022310238786
B1120034557841N00645737EA022300238579
B1120044557842N00645730EA022300238533
B1120054557842N00645722EA022290238483
B1120064557843N00645714EA022280238302
B1120074557842N00645705EA022270238297
B1120084557843N00645697EA022270238221
B1120094557843N00645688EA022260238165
B1120104557844N00645680EA022250238022
B1120114557845N00645672EA022240237910
B1120124557845N00645663EA022230237893
B1120134557846N00645654EA022220237686
B1120144557848N00645646EA022200237500
B1120154557849N00645637EA022200237609
B1120164557849N00645630EA022200237695
B1120174557850N00645623EA022200237778
B1120184557851N00645617EA022210237777
B1120194557852N00645611EA022210237784
B1120204557853N00645604EA022210237680
B1120214557854N00645596EA022210237643
B1120224557854N00645588EA022210237780
B1120234557855N00645580EA022220237940
B1120244557856N00645573EA022230238220
B1120254557857N00645566EA022240238219
B1120264557857N00645560EA022260238389
B1120274557858N00645554EA022270238297
B1120284557860N00645548EA022280238233
B1120294557861N00645541EA022270238388
B1120304557863N00645535EA022270238424
B1120314557864N00645529EA022280238432
B1120324557865N00645523EA022280238539
B1120334557866N00645518EA022290238533
B1120344557867N00645511EA022290238449
B1120354557868N00645505EA022290238565
B1120364557869N00645499EA022290238591
B1120374557871N00645492EA022290238535
B1120384557872N00645486EA022290238562
B1120394557873N00645479EA022300238676
B1120404557874N00645472EA022300238859
B1120414557875N00645466EA022320239069
B1120424557876N00645462EA022340239295
B1120434557878N00645458EA022350239382
B1120444557881N00645453EA022370239423
B1120454557883N00645448EA022380239580
B1120464557885N00645442EA022400239895
B1120474557887N00645437EA022410240016
B1120484557887N00645433EA022430240287
B1120494557886N00645429EA022450240281
B1120504557884N00645425EA022450240034
B1120514557881N00645422EA022450239916
B1120524557877N00645422EA022440239958
B1120534557874N00645425EA022440240036
B1120544557871N00645430EA022440240285
B1120554557870N00645435EA022450240464
B1120564557870N00645440EA022470240626
B1120574557870N00645446EA022480240712
B1120584557871N00645451EA022500240799
B1120594557875N00645454EA022510240788
B1121004557881N00645454EA022510240825
B1121014557885N00645450EA022510240992
B1121024557889N00645443EA022510241105
B1121034557890N00645438EA022520241389
B1121044557892N00645434EA022530241458
B1121054557894N00645431EA022550241556
B1121064557896N00645428EA022560241361
B1121074557899N00645423EA022560241118
B1121084557901N00645419EA022550241014
B1121094557901N00645414EA022530240760
B1121104557899N00645409EA022520240495
B1121114557895N00645406EA022500240158
B1121124557890N00645408EA022470239995
B1121134557887N00645413EA022450239955
B1121144557885N00645419EA022430240199
B1121154557886N00645427EA022430240201
B1121164557886N00645433EA022440240247
B1121174557887N00645440EA022450240272
B1121184557889N00645448EA022450240332
B1121194557891N00645455EA022460240453
B1121204557893N00645461EA022470240629
B1121214557894N00645467EA022490240858
B1121224557895N00645473EA022510240922
B1121234557895N00645479EA022520240970
B1121244557895N00645484EA022530241089
B1121254557894N00645491EA022530241092
B1121264557892N00645496EA022530241118
B1121274557888N00645500EA022540241244
B1121284557883N00645500EA022540241257
B1121294557878N00645498EA022550241391
B1121304557875N00645492EA022550241420
B1121314557872N00645485EA022560241596
B1121324557872N00645478EA022570241605
B1121334557872N00645471EA022570241674
B1121344557874N00645464EA022580241670
B1121354557877N00645457EA022590241687
B1121364557881N00645454EA022600241791
B1121374557885N00645453EA022600241875
B1121384557890N00645456EA022610241718
B1121394557892N00645463EA022610241745
B1121404557892N00645470EA022610241738
B1121414557888N00645476EA022610241864
B1121424557884N00645479EA022610241806
B1121434557878N00645479EA022610241933
B1121444557873N00645475EA022610241962
B1121454557870N00645468EA022610241833
B1121464557869N00645459EA022610241969
B1121474557871N00645450EA022600241806
B1121484557873N00645441EA022600241787
B1121494557877N00645433EA022600241796
B1121504557882N00645425EA022590241856
B1121514557887N00645417EA022590241847
B1121524557892N00645411EA022590241906
B1121534557896N00645406EA022600242034
B1121544557899N00645402EA022600241981
B1121554557903N00645397EA022600241824
B1121564557906N00645391EA022590241535
B1121574557909N00645385EA022570241351
B1121584557912N00645378EA022560241274
B1121594557915N00645372EA022540241170
B1122004557917N00645365EA022530241085
B1122014557919N00645358EA022510240869
B1122024557920N00645352EA022500240754
B1122034557921N00645345EA022480240629
B1122044557922N00645339EA022470240509
B1122054557922N00645334EA022460240371
B1122064557923N00645327EA022450240237
B1122074557923N00645321EA022440240163
B1122084557923N00645314EA022430240076
B1122094557924N00645308EA022430240005
B1122104557924N00645302EA022420239906
B1122114557924N00645297EA022420239730
B1122124557925N00645291EA022410239601
B1122134557926N00645284EA022390239326
B1122144557927N00645277EA022380239164
B1122154557929N00645270EA022350239019
B1122164557930N00645264EA022330238960
B1122174557932N00645256EA022320238818
B1122184557933N00645249EA022310238866
B1122194557934N00645242EA022300238864
B1122204557934N00645235EA022310238883
B1122214557935N00645228EA022300238739
B1122224557935N00645222EA022300238573
B1122234557936N00645214EA022290238419
B1122244557936N00645206EA022280238498
B1122254557937N00645199EA022270238561
B1122264557938N00645192EA022280238662
B1122274557939N00645185EA022280238653
B1122284557940N00645177EA022290238539
B1122294557940N00645169EA022280238442
B1122304557939N00645160EA022270238457
B1122314557939N00645152EA022280238505
B1122324557939N00645144EA022280238639
B1122334557940N00645137EA022290238713
B1122344557940N00645130EA022300238652
B1122354557940N00645122EA022290238567
B1122364557940N00645114EA022290238414
B1122374557939N00645106EA022280238384
B1122384557939N00645098EA022270238267
B1122394557939N00645091EA022260238232
B1122404557938N00645083EA022250238176
B1122414557937N00645075EA022240237978
B1122424557936N00645068EA022230237891
B1122434557936N00645060EA022220237833
B1122444557935N00645052EA022210237874
B1122454557935N00645044EA022210237759
B1122464557934N00645037EA022210237696
B1122474557934N00645029EA022200237507
B1122484557933N00645021EA022200237544
B1122494557932N00645013EA022190237473
B1122504557931N00645005EA022180237374
B1122514557930N00644997EA022170237282
B1122524557930N00644989EA022170237132
B1122534557929N00644981EA022160237071
B1122544557929N00644973EA022140236840
B1122554557928N00644964EA022130236892
B1122564557928N00644955EA022120236703
B1122574557927N00644946EA022100236632
B1122584557926N00644937EA022090236646
B1122594557925N00644929EA022090236504
B1123004557923N00644920EA022090236309
B1123014557920N00644912EA022080236089
B1123024557918N00644904EA022060235772
B1123034557916N00644895EA022040235481
B1123044557915N00644885EA022010235004
B1123054557912N00644876EA021990234863
B1123064557909N00644868EA021950234681
B1123074557907N00644859EA021920234415
B1123084557905N00644850EA021890234223
B1123094557903N00644840EA021870234067
B1123104557901N00644831EA021850234054
B1123114557898N00644822EA021840234078
B1123124557896N00644814EA021850234024
B1123134557894N00644806EA021850233946
B1123144557893N00644798EA021850233754
B1123154557892N00644789EA021830233537
B1123164557890N00644780EA021820233253
B1123174557888N00644770EA021800233091
B1123184557887N00644760EA021770232951
B1123194557886N00644751EA021760232940
B1123204557885N00644742EA021740232923
B1123214557883N00644734EA021740232891
B1123224557882N00644725EA021730232638
B1123234557880N00644717EA021720232576
B1123244557879N00644709EA021710232507
B1123254557877N00644702EA021700232453
B1123264557876N00644694EA021700232324
B1123274557875N00644685EA021690232208
B1123284557874N00644677EA021680232023
B1123294557874N00644668EA021670231919
B1123304557873N00644660EA021650231767
B1123314557872N00644652EA021640231518
B1123324557870N00644645EA021620231415
B1123334557868N00644637EA021600231176
B1123344557867N00644629EA021580230972
B1123354557866N00644620EA021560230641
B1123364557864N00644611EA021530230492
B1123374557863N00644602EA021510230319
B1123384557861N00644595EA021490230226
B1123394557859N00644588EA021480230193
B1123404557858N00644581EA021470229962
B1123414557857N00644574EA021460229700
B1123424557855N00644566EA021450229558
B1123434557853N00644559EA021430229203
B1123444557849N00644552EA021410229063
B1123454557845N00644545EA021390228971
B1123464557842N00644538EA021370228810
B1123474557839N00644530EA021360228732
B1123484557837N00644522EA021340228792
B1123494557837N00644515EA021350228625
B1123504557836N00644509EA021350228546
B1123514557835N00644504EA021340228371
B1123524557835N00644497EA021330228010
B1123534557834N00644487EA021310227825
B1123544557833N00644476EA021290227814
B1123554557831N00644466EA021280228192
B1123564557830N00644458EA021290228514
B1123574557829N00644453EA021310228600
B1123584557828N00644447EA021330228535
B1123594557827N00644441EA021330228372
B1124004557827N00644433EA021320228112
B1124014557825N00644425EA021310228139
B1124024557823N00644419EA021310228010
B1124034557821N00644411EA021300228008
B1124044557820N00644404EA021290227910
B1124054557819N00644396EA021280227974
B1124064557819N00644389EA021290228142
B1124074557818N00644382EA021290228486
B1124084557818N00644377EA021310228661
B1124094557817N00644372EA021330228795
B1124104557817N00644367EA021350228815
B1124114557816N00644361EA021360228871
B1124124557817N00644354EA021380228925
B1124134557818N00644348EA021390229102
B1124144557818N00644342EA021410229228
B1124154557818N00644338EA021420229244
B1124164557817N00644333EA021420229199
B1124174557816N00644329EA021420229043
B1124184557814N00644323EA021400228819
B1124194557811N00644317EA021390228758
B1124204557809N00644311EA021380228636
B1124214557807N00644304EA021370228565
B1124224557806N00644297EA021350228400
B1124234557804N00644289EA021340228330
B1124244557802N00644280EA021330228476
B1124254557801N00644273EA021340228651
B1124264557800N00644267EA021350228631
B1124274557798N00644262EA021360228871
B1124284557797N00644257EA021370228961
B1124294557796N00644251EA021390229186
B1124304557796N00644245EA021400229337
B1124314557796N00644239EA021420229625
B1124324557796N00644232EA021450229839
B1124334557796N00644226EA021470230019
B1124344557795N00644221EA021490230254
B1124354557794N00644216EA021510230384
B1124364557793N00644211EA021520230356
B1124374557790N00644207EA021520230292
B1124384557787N00644205EA021520230001
B1124394557782N00644205EA021500230029
B1124404557778N00644207EA021490229928
B1124414557775N00644211EA021490229929
B1124424557773N00644217EA021480229905
B1124434557772N00644224EA021480229800
B1124444557771N00644230EA021480229988
B1124454557772N00644237EA021490229928
B1124464557773N00644244EA021490230064
B1124474557775N00644251EA021500230274
B1124484557778N00644258EA021510230430
B1124494557780N00644263EA021530230688
B1124504557783N00644269EA021550230811
B1124514557784N00644274EA021560230964
B1124524557784N00644280EA021580230998
B1124534557783N00644287EA021590230976
B1124544557780N00644293EA021590230973
B1124554557776N00644295EA021590230941
B1124564557771N00644292EA021580230953
B1124574557768N00644287EA021580230904
B1124584557766N00644280EA021570231025
B1124594557766N00644273EA021570231113
B1125004557766N00644266EA021580231322
B1125014557766N00644259EA021590231558
B1125024557766N00644254EA021610231620
B1125034557765N00644248EA021630231799
B1125044557765N00644243EA021640231832
B1125054557764N00644236EA021650231779
B1125064557764N00644230EA021650231774
B1125074557765N00644223EA021640231613
B1125084557765N00644216EA021640231425
B1125094557764N00644209EA021630231479
B1125104557763N00644204EA021620231391
B1125114557762N00644198EA021610231265
B1125124557761N00644192EA021600231050
B1125134557761N00644184EA021590230907
B1125144557760N00644177EA021580230872
B1125154557760N00644169EA021560230737
B1125164557759N00644162EA021550230697
B1125174557759N00644155EA021540230458
B1125184557758N00644149EA021520230292
B1125194557758N00644142EA021500229903
B1125204557756N00644134EA021480229748
B1125214557754N00644127EA021460229535
B1125224557751N00644120EA021440229490
B1125234557748N00644113EA021430229491
B1125244557746N00644107EA021420229312
B1125254557743N00644101EA021420229263
B1125264557740N00644094EA021420229197
B1125274557737N00644087EA021410228989
B1125284557734N00644081EA021400228862
B1125294557731N00644074EA021390228765
B1125304557728N00644067EA021370228789
B1125314557725N00644061EA021360228682
B1125324557722N00644054EA021350228584
B1125334557719N00644047EA021340228477
B1125344557716N00644040EA021340228474
B1125354557713N00644032EA021340228478
B1125364557711N00644025EA021340228422
B1125374557708N00644018EA021340228591
B1125384557706N00644011EA021340228574
B1125394557704N00644004EA021350228528
B1125404557701N00643997EA021350228547
B1125414557698N00643990EA021350228456
B1125424557695N00643983EA021350228464
B1125434557692N00643976EA021350228581
B1125444557689N00643969EA021350228590
B1125454557687N00643961EA021350228409
B1125464557684N00643955EA021350228412
B1125474557681N00643948EA021340228269
B1125484557679N00643943EA021330227920
B1125494557676N00643936EA021320227687
B1125504557674N00643930EA021290227303
B1125514557670N00643924EA021260227062
B1125524557667N00643918EA021230226705
B1125534557663N00643913EA021200226682
B1125544557661N00643907EA021170226524
B1125554557659N00643901EA021150226457
B1125564557657N00643895EA021130226182
B1125574557656N00643889EA021110225961
B1125584557655N00643882EA021090225709
B1125594557652N00643877EA021080225484
B1126004557649N00643871EA021060225223
B1126014557645N00643864EA021040225156
B1126024557641N00643857EA021020225193
B1126034557639N00643850EA021020225226
B1126044557636N00643844EA021030225456
B1126054557634N00643838EA021040225425
B1126064557632N00643832EA021050225423
B1126074557630N00643826EA021060225446
B1126084557628N00643820EA021060225464
B1126094557626N00643814EA021060225485
B1126104557625N00643809EA021060225462
B1126114557624N00643804EA021060225495
B1126124557623N00643799EA021060225382
B1126134557622N00643793EA021060225166
B1126144557621N00643787EA021050225039
B1126154557619N00643781EA021030224882
B1126164557618N00643773EA021020224849
B1126174557616N00643766EA021010224878
B1126184557614N00643759EA021000224889
B1126194557613N00643753EA021000224932
B1126204557611N00643746EA021010224843
B1126214557609N00643739EA021000224825
B1126224557607N00643732EA021000224711
B1126234557605N00643724EA020990224763
B1126244557604N00643716EA020990224739
B1126254557603N00643710EA020990224713
B1126264557601N00643704EA020980224690
B1126274557600N00643697EA020980224466
B1126284557599N00643690EA020970224204
B1126294557597N00643682EA020950224129
B1126304557595N00643675EA020940224053
B1126314557593N00643668EA020920223994
B1126324557592N00643661EA020910223845
B1126334557590N00643654EA020900223895
B1126344557589N00643647EA020890223664
B1126354557588N00643640EA020880223570
B1126364557587N00643631EA020870223477
B1126374557586N00643623EA020860223466
B1126384557586N00643615EA020870223409
B1126394557585N00643608EA020870223458
B1126404557585N00643602EA020870223432
B1126414557585N00643595EA020870223324
B1126424557585N00643588EA020860223323
B1126434557585N00643580EA020860223317
B1126444557585N00643573EA020860223312
B1126454557585N00643566EA020860223433
B1126464557586N00643559EA020860223407
B1126474557587N00643552EA020860223227
B1126484557588N00643544EA020850223006
B1126494557588N00643535EA020840222982
B1126504557589N00643526EA020830223047
B1126514557590N00643519EA020830223135
B1126524557591N00643513EA020830223168
B1126534557593N00643508EA020840223121
B1126544557595N00643500EA020840223125
B1126554557596N00643492EA020830223197
B1126564557598N00643484EA020830223014
B1126574557598N00643476EA020830223044
B1126584557597N00643469EA020820223080
B1126594557597N00643461EA020820222906
B1127004557596N00643453EA020820222975
B1127014557596N00643444EA020820222936
B1127024557596N00643435EA020810223034
B1127034557596N00643426EA020820223181
B1127044557596N00643417EA020830223386
B1127054557596N00643409EA020840223556
B1127064557596N00643401EA020850223610
B1127074557596N00643392EA020870223805
B1127084557595N00643384EA020890224098
B1127094557595N00643378EA020910224280
B1127104557595N00643371EA020930224363
B1127114557595N00643364EA020950224341
B1127124557595N00643356EA020950224395
B1127134557596N00643349EA020950224344
B1127144557596N00643342EA020950224338
B1127154557595N00643336EA020950224397
B1127164557595N00643330EA020950224377
B1127174557595N00643324EA020950224319
B1127184557594N00643318EA020950224379
B1127194557594N00643312EA020950224477
B1127204557594N00643306EA020960224599
B1127214557594N00643301EA020960224592
B1127224557595N00643295EA020970224508
B1127234557595N00643290EA020970224525
B1127244557595N00643284EA020980224599
B1127254557596N00643279EA020970224341
B1127264557596N00643273EA020960224261
B1127274557596N00643267EA020960224160
B1127284557596N00643261EA020950224151
B1127294557596N00643255EA020940224125
B1127304557596N00643249EA020940224218
B1127314557595N00643244EA020940224291
B1127324557595N00643238EA020940224188
B1127334557595N00643233EA020940224139
B1127344557594N00643229EA020930223925
B1127354557592N00643225EA020930223807
B1127364557588N00643223EA020910223722
B1127374557583N00643223EA020900223597
B1127384557579N00643226EA020890223449
B1127394557575N00643232EA020880223561
B1127404557572N00643238EA020880223741
B1127414557570N00643243EA020890223937
B1127424557569N00643249EA020900224029
B1127434557568N00643256EA020910224033
B1127444557567N00643263EA020920223807
B1127454557565N00643271EA020920223743
B1127464557563N00643279EA020910223799
B1127474557563N00643287EA020900223748
B1127484557563N00643294EA020900223882
B1127494557564N00643299EA020900223769
B1127504557566N00643306EA020890223422
B1127514557568N00643313EA020870223189
B1127524557571N00643322EA020850223093
B1127534557574N00643330EA020840222997
B1127544557578N00643338EA020820223003
B1127554557581N00643343EA020820223196
B1127564557586N00643347EA020820223052
B1127574557592N00643349EA020820222912
B1127584557598N00643349EA020820222710
B1127594557604N00643345EA020810222721
B1128004557609N00643339EA020800222617
B1128014557612N00643334EA020790222560
B1128024557615N00643328EA020780222522
B1128034557616N00643322EA020770222484
B1128044557617N00643316EA020770222332
B1128054557617N00643309EA020760222352
B1128064557617N00643302EA020760222421
B1128074557617N00643296EA020760222728
B1128084557617N00643292EA020780222988
B1128094557618N00643289EA020800223096
B1128104557620N00643285EA020810222974
B1128114557622N00643279EA020820222936
B1128124557622N00643273EA020820222999
B1128134557621N00643269EA020820222963
B1128144557617N00643267EA020820222976
B1128154557613N00643268EA020820223185
B1128164557610N00643271EA020830223174
B1128174557609N00643276EA020830223201
B1128184557608N00643282EA020840223039
B1128194557609N00643290EA020840222931
B1128204557613N00643296EA020840222933
B1128214557619N00643298EA020830222724
B1128224557625N00643294EA020820222602
B1128234557629N00643286EA020810222623
B1128244557630N00643278EA020800222863
B1128254557630N00643272EA020800223140
B1128264557630N00643267EA020820223450
B1128274557631N00643262EA020840223467
B1128284557633N00643257EA020860223435
B1128294557634N00643252EA020870223438
B1128304557633N00643247EA020870223256
B1128314557630N00643242EA020860223186
B1128324557626N00643240EA020850222930
B1128334557621N00643241EA020830222637
B1128344557618N00643246EA020810222408
B1128354557615N00643255EA020790222360
B1128364557614N00643263EA020780222460
B1128374557614N00643270EA020780222730
B1128384557614N00643276EA020800223066
B1128394557615N00643282EA020820223160
B1128404557617N00643287EA020830223115
B1128414557620N00643292EA020840223139
B1128424557625N00643297EA020840223017
B1128434557630N00643299EA020830222851
B1128444557636N00643297EA020820222744
B1128454557640N00643291EA020810222689
B1128464557642N00643284EA020800222552
B1128474557641N00643276EA020780222428
B1128484557638N00643270EA020770222556
B1128494557635N00643265EA020770222738
B1128504557632N00643261EA020780222970
B1128514557631N00643256EA020790223009
B1128524557629N00643253EA020810222968
B1128534557628N00643250EA020810222637
B1128544557626N00643246EA020800222385
B1128554557624N00643241EA020780222074
B1128564557621N00643236EA020760221987
B1128574557617N00643234EA020740221777
B1128584557613N00643235EA020730221536
B1128594557609N00643239EA020700221324
B1129004557605N00643245EA020690221352
B1129014557602N00643251EA020680221489
B1129024557600N00643257EA020680221599
B1129034557598N00643262EA020680221541
B1129044557594N00643265EA020690221553
B1129054557590N00643268EA020690221732
B1129064557586N00643271EA020700222096
B1129074557584N00643274EA020720222378
B1129084557583N00643278EA020740222411
B1129094557581N00643280EA020760222375
B1129104557579N00643282EA020760222253
B1129114557576N00643283EA020760222055
B1129124557572N00643283EA020750222006
B1129134557568N00643281EA020750222034
B1129144557566N00643276EA020750222126
B1129154557565N00643271EA020750222295
B1129164557567N00643265EA020760222449
B1129174557570N00643261EA020770222455
B1129184557575N00643259EA020780222421
B1129194557581N00643260EA020780222304
B1129204557585N00643266EA020790222485
B1129214557586N00643274EA020790222569
B1129224557585N00643281EA020790222719
B1129234557582N00643287EA020800222884
B1129244557580N00643291EA020800222989
B1129254557579N00643296EA020810222814
B1129264557577N00643301EA020820222841
B1129274557575N00643306EA020810222771
B1129284557573N00643310EA020810222702
B1129294557569N00643312EA020810222776
B1129304557566N00643313EA020800222705
B1129314557562N00643312EA020800222695
B1129324557559N00643310EA020800222798
B1129334557557N00643308EA020800222736
B1129344557555N00643306EA020800222720
B1129354557552N00643303EA020800222695
B1129364557550N00643299EA020800222669
B1129374557549N00643294EA020800222794
B1129384557550N00643289EA020800222863
B1129394557551N00643285EA020810222920
B1129404557551N00643280EA020820223088
B1129414557552N00643275EA020820222925
B1129424557552N00643268EA020820222959
B1129434557552N00643261EA020820222932
B1129444557552N00643253EA020820223023
B1129454557552N00643245EA020830223121
B1129464557552N00643236EA020830223481
B1129474557553N00643228EA020850223855
B1129484557554N00643221EA020880224218
B1129494557554N00643216EA020910224562
B1129504557555N00643211EA020950224670
B1129514557557N00643205EA020970224788
B1129524557559N00643200EA021000224724
B1129534557559N00643195EA021010224720
B1129544557556N00643190EA021000224750
B1129554557551N00643187EA021000224692
B1129564557547N00643188EA020990224545
B1129574557543N00643194EA020980224300
B1129584557540N00643201EA020970224420
B1129594557539N00643207EA020970224516
B1130004557539N00643214EA020970224621
B1130014557540N00643220EA020980224552
B1130024557544N00643225EA020970224259
B1130034557550N00643229EA020960224002
B1130044557556N00643230EA020950224078
B1130054557563N00643231EA020950224438
B1130064557568N00643232EA020960224773
B1130074557573N00643231EA020970225010
B1130084557577N00643227EA020990225146
B1130094557581N00643222EA021010225268
B1130104557584N00643217EA021030225248
B1130114557583N00643212EA021040225192
B1130124557581N00643206EA021030225159
B1130134557577N00643203EA021030225108
B1130144557572N00643204EA021020225039
B1130154557568N00643209EA021030225196
B1130164557566N00643217EA021030225282
B1130174557567N00643225EA021030225411
B1130184557569N00643231EA021050225565
B1130194557573N00643236EA021060225679
B1130204557579N00643241EA021070225751
B1130214557585N00643242EA021080225856
B1130224557591N00643240EA021090225942
B1130234557596N00643235EA021090225906
B1130244557599N00643229EA021090225803
B1130254557600N00643221EA021080225823
B1130264557599N00643213EA021080225899
B1130274557598N00643207EA021080225880
B1130284557597N00643200EA021080225755
B1130294557596N00643193EA021070225418
B1130304557595N00643185EA021060225208
B1130314557594N00643177EA021050225032
B1130324557594N00643169EA021030224950
B1130334557595N00643161EA021020225042
B1130344557596N00643154EA021010224922
B1130354557596N00643147EA021010224864
B1130364557596N00643139EA021000224559
B1130374557596N00643131EA020980224206
B1130384557595N00643122EA020960224079
B1130394557595N00643114EA020940223972
B1130404557595N00643106EA020920223880
B1130414557595N00643098EA020900223854
B1130424557595N00643090EA020890223609
B1130434557594N00643082EA020870223558
B1130444557594N00643074EA020860223312
B1130454557593N00643065EA020840223235
B1130464557592N00643056EA020830223058
B1130474557591N00643047EA020810222978
B1130484557590N00643039EA020800222781
B1130494557589N00643030EA020790222698
B1130504557588N00643022EA020790222586
B1130514557588N00643014EA020770222310
B1130524557587N00643005EA020760222173
B1130534557588N00642996EA020740222021
B1130544557589N00642987EA020730221912
B1130554557589N00642978EA020710221784
B1130564557590N00642970EA020700221622
B1130574557590N00642962EA020690221410
B1130584557590N00642953EA020670221244
B1130594557590N00642944EA020650221071
B1131004557590N00642935EA020630220883
B1131014557590N00642926EA020620220726
B1131024557589N00642918EA020600220673
B1131034557589N00642910EA020590220411
B1131044557588N00642901EA020580220355
B1131054557587N00642892EA020560220197
B1131064557587N00642884EA020550220012
B1131074557586N00642875EA020540219958
B1131084557585N00642867EA020530219877
B1131094557584N00642859EA020520219697
B1131104557584N00642851EA020500219504
B1131114557583N00642843EA020490219403
B1131124557581N00642835EA020490219354
B1131134557580N00642827EA020480219242
B1131144557579N00642819EA020470219140
B1131154557578N00642811EA020460219052
B1131164557577N00642803EA020450218954
B1131174557576N00642795EA020440218867
B1131184557575N00642787EA020430218759
B1131194557574N00642780EA020420218641
B1131204557573N00642772EA020410218411
B1131214557571N00642764EA020390218370
B1131224557570N00642755EA020380218128
B1131234557568N00642748EA020370218060
B1131244557566N00642740EA020360218081
B1131254557565N00642732EA020350217804
B1131264557562N00642725EA020340217772
B1131274557560N00642717EA020320217548
B1131284557558N00642710EA020310217412
B1131294557555N00642702EA020300217376
B1131304557553N00642695EA020280217102
B1131314557550N00642688EA020270217013
B1131324557547N00642681EA020260216904
B1131334557543N00642674EA020240216786
B1131344557540N00642667EA020230216788
B1131354557538N00642661EA020220216743
B1131364557536N00642654EA020220216671
B1131374557536N00642647EA020220216523
B1131384557536N00642639EA020210216468
B1131394557537N00642631EA020200216257
B1131404557538N00642623EA020190216044
B1131414557538N00642615EA020170215983
B1131424557539N00642607EA020160215823
B1131434557539N00642600EA020140215721
B1131444557539N00642592EA020130215537
B1131454557538N00642584EA020110215497
B1131464557538N00642576EA020100215368
B1131474557538N00642568EA020080215267
B1131484557539N00642561EA020080215100
B1131494557539N00642553EA020070215074
B1131504557540N00642545EA020070214967
B1131514557541N00642537EA020060214819
B1131524557541N00642529EA020050214738
B1131534557541N00642522EA020040214660
B1131544557541N00642514EA020030214581
B1131554557541N00642506EA020020214485
B1131564557541N00642499EA020010214300
B1131574557539N00642491EA020000214166
B1131584557537N00642484EA019990214040
B1131594557535N00642476EA019970213936
B1132004557533N00642469EA019960213819
B1132014557530N00642463EA019950213856
B1132024557527N00642457EA019940213753
B1132034557524N00642451EA019940213633
B1132044557521N00642445EA019930213513
B1132054557517N00642439EA019920213379
B1132064557514N00642434EA019910213216
B1132074557510N00642429EA019900213142
B1132084557506N00642423EA019880213086
B1132094557503N00642418EA019870212810
B1132104557499N00642412EA019850212708
B1132114557494N00642407EA019840212685
B1132124557491N00642402EA019830212522
B1132134557487N00642397EA019820212443
B1132144557483N00642392EA019810212237
B1132154557478N00642388EA019800212084
B1132164557473N00642383EA019790211989
B1132174557469N00642379EA019780211837
B1132184557465N00642375EA019770211716
B1132194557461N00642371EA019750211424
B1132204557456N00642367EA019740211262
B1132214557451N00642363EA019720211060
B1132224557446N00642358EA019700210969
B1132234557441N00642355EA019680210862
B1132244557436N00642352EA019670210792
B1132254557432N00642348EA019650210556
B1132264557427N00642345EA019640210355
B1132274557422N00642342EA019620210168
B1132284557417N00642340EA019610209933
B1132294557412N00642336EA019590209748
B1132304557407N00642332EA019570209646
B1132314557402N00642328EA019560209579
B1132324557398N00642325EA019540209437
B1132334557393N00642322EA019530209265
B1132344557388N00642319EA019520209070
B1132354557383N00642315EA019500208881
B1132364557378N00642311EA019480208696
B1132374557374N00642308EA019460208510
B1132384557369N00642304EA019440208356
B1132394557364N00642300EA019420208297
B1132404557360N00642296EA019400208049
B1132414557355N00642293EA019390207897
B1132424557351N00642291EA019370207644
B1132434557347N00642289EA019350207422
B1132444557343N00642286EA019330207151
B1132454557339N00642282EA019310206759
B1132464557334N00642279EA019280206494
B1132474557329N00642275EA019260206150
B1132484557324N00642270EA019230205905
B1132494557318N00642266EA019200205884
B1132504557313N00642263EA019190205760
B1132514557308N00642259EA019190205676
B1132524557303N00642255EA019190205448
B1132534557298N00642251EA019180205317
B1132544557292N00642247EA019170205273
B1132554557287N00642242EA019160205127
B1132564557281N00642238EA019150205185
B1132574557276N00642234EA019140205227
B1132584557270N00642231EA019140205355
B1132594557265N00642228EA019140205412
B1133004557260N00642223EA019160205677
B1133014557256N00642219EA019170205860
B1133024557252N00642214EA019190205872
B1133034557248N00642209EA019200205934
B1133044557243N00642204EA019210205965
B1133054557239N00642200EA019220206224
B1133064557235N00642196EA019240206571
B1133074557232N00642191EA019260206899
B1133084557230N00642187EA019290207042
B1133094557228N00642182EA019310207102
B1133104557225N00642176EA019340207352
B1133114557223N00642170EA019350207419
B1133124557220N00642166EA019370207630
B1133134557217N00642160EA019390207887
B1133144557215N00642155EA019410208093
B1133154557214N00642149EA019420208158
B1133164557213N00642144EA019430208115
B1133174557211N00642139EA019430208212
B1133184557208N00642134EA019430208244
B1133194557205N00642130EA019430208320
B1133204557201N00642127EA019440208541
B1133214557197N00642125EA019450208675
B1133224557194N00642125EA019450208617
B1133234557190N00642127EA019460208573
B1133244557187N00642131EA019460208566
B1133254557185N00642137EA019460208542
B1133264557185N00642143EA019460208627
B1133274557186N00642150EA019460208674
B1133284557190N00642155EA019460208561
B1133294557196N00642156EA019460208407
B1133304557202N00642155EA019450208232
B1133314557208N00642149EA019440208003
B1133324557210N00642141EA019430207951
B1133334557210N00642132EA019410207884
B1133344557208N00642124EA019400207850
B1133354557206N00642117EA019390207923
B1133364557204N00642110EA019390208037
B1133374557202N00642103EA019400208186
B1133384557201N00642096EA019410208235
B1133394557199N00642089EA019420208597
B1133404557198N00642083EA019440208758
B1133414557197N00642079EA019460208960
B1133424557196N00642074EA019480208965
B1133434557195N00642069EA019490208817
B1133444557193N00642063EA019490208729
B1133454557190N00642057EA019490208681
B1133464557188N00642049EA019480208748
B1133474557185N00642042EA019480208897
B1133484557183N00642035EA019490208962
B1133494557181N00642028EA019490209012
B1133504557178N00642022EA019490208970
B1133514557176N00642015EA019490208945
B1133524557174N00642008EA019490208904
B1133534557171N00642000EA019490208925
B1133544557168N00641992EA019500209068
B1133554557166N00641986EA019500209053
B1133564557164N00641980EA019500208934
B1133574557161N00641974EA019500208661
B1133584557158N00641967EA019490208443
B1133594557154N00641959EA019470208352
B1134004557150N00641951EA019460208362
B1134014557147N00641944EA019440208388
B1134024557145N00641939EA019430208200
B1134034557142N00641932EA019420208039
B1134044557139N00641926EA019410207752
B1134054557136N00641919EA019390207570
B1134064557134N00641911EA019370207406
B1134074557131N00641904EA019350207402
B1134084557128N00641897EA019350207450
B1134094557126N00641889EA019350207539
B1134104557124N00641883EA019360207610
B1134114557121N00641876EA019370207671
B1134124557119N00641868EA019380207763
B1134134557117N00641859EA019390207947
B1134144557115N00641851EA019410208154
B1134154557114N00641843EA019420208415
B1134164557113N00641836EA019450208687
B1134174557113N00641830EA019470208824
B1134184557112N00641823EA019490208858
B1134194557111N00641817EA019500208873
B1134204557110N00641810EA019500208860
B1134214557110N00641802EA019500209013
B1134224557109N00641794EA019510209373
B1134234557109N00641787EA019530209661
B1134244557109N00641781EA019550209973
B1134254557109N00641776EA019580210262
B1134264557109N00641771EA019600210374
B1134274557109N00641766EA019630210382
B1134284557110N00641760EA019650210412
B1134294557110N00641753EA019660210447
B1134304557110N00641747EA019660210677
B1134314557110N00641741EA019660210789
B1134324557110N00641736EA019670210892
B1134334557111N00641730EA019680210817
B1134344557111N00641725EA019680210811
B1134354557110N00641719EA019680210864
B1134364557109N00641714EA019680210781
B1134374557108N00641708EA019680210721
B1134384557106N00641701EA019680210877
B1134394557105N00641694EA019680211059
B1134404557104N00641688EA019690211268
B1134414557104N00641683EA019710211425
B1134424557104N00641678EA019720211633
B1134434557105N00641673EA019740211700
B1134444557106N00641667EA019760211804
B1134454557107N00641661EA019780212006
B1134464557107N00641656EA019790212093
B1134474557108N00641650EA019800212270
B1134484557109N00641643EA019810212427
B1134494557109N00641637EA019830212782
B1134504557110N00641631EA019860212930
B1134514557110N00641624EA019880213269
B1134524557110N00641618EA019910213543
B1134534557110N00641611EA019940213967
B1134544557111N00641605EA019980214181
B1134554557112N00641598EA020010214499
B1134564557114N00641593EA020040214604
B1134574557114N00641587EA020060214868
B1134584557116N00641581EA020080214906
B1134594557117N00641575EA020100215272
B1135004557119N00641568EA020120215695
B1135014557122N00641562EA020150215941
B1135024557124N00641555EA020180216221
B1135034557125N00641548EA020210216610
B1135044557124N00641541EA020240217058
B1135054557122N00641538EA020270217238
B1135064557119N00641537EA020300217147
B1135074557116N00641540EA020290217131
B1135084557114N00641544EA020290217117
B1135094557113N00641551EA020290217339
B1135104557113N00641559EA020290217567
B1135114557114N00641566EA020310217857
B1135124557115N00641573EA020330218261
B1135134557116N00641579EA020350218659
B1135144557117N00641586EA020390219168
B1135154557118N00641592EA020430219696
B1135164557121N00641598EA020470219900
B1135174557122N00641603EA020510220168
B1135184557123N00641610EA020550220472
B1135194557125N00641617EA020590220700
B1135204557125N00641623EA020630221097
B1135214557125N00641629EA020660221307
B1135224557122N00641634EA020690221415
B1135234557117N00641636EA020700221553
B1135244557113N00641635EA020700221830
B1135254557111N00641630EA020710222026
B1135264557110N00641624EA020720222369
B1135274557110N00641618EA020740222759
B1135284557112N00641615EA020770223133
B1135294557114N00641611EA020800223295
B1135304557119N00641609EA020830223341
B1135314557125N00641610EA020850223215
B1135324557130N00641615EA020860223386
B1135334557133N00641624EA020870223678
B1135344557134N00641633EA020890224131
B1135354557132N00641640EA020910224491
B1135364557129N00641644EA020940224699
B1135374557126N00641646EA020960224806
B1135384557122N00641645EA020990224903
B1135394557119N00641642EA021010225007
B1135404557118N00641637EA021030225218
B1135414557119N00641631EA021050225527
B1135424557123N00641626EA021060225708
B1135434557128N00641624EA021080225879
B1135444557134N00641625EA021100225941
B1135454557140N00641628EA021110226055
B1135464557144N00641636EA021120226273
B1135474557148N00641644EA021130226517
B1135484557149N00641652EA021150226882
B1135494557151N00641658EA021170227065
B1135504557153N00641663EA021190227169
B1135514557155N00641669EA021210227198
B1135524557158N00641676EA021210227039
B1135534557159N00641683EA021210227059
B1135544557159N00641690EA021210227011
B1135554557157N00641694EA021220227189
B1135564557155N00641697EA021220227042
B1135574557151N00641698EA021220226966
B1135584557147N00641697EA021210226959
B1135594557144N00641695EA021210226943
B1136004557142N00641690EA021200226914
B1136014557140N00641685EA021200227035
B1136024557138N00641681EA021200227059
B1136034557136N00641678EA021210227237
B1136044557133N00641676EA021210227436
B1136054557130N00641673EA021230227638
B1136064557127N00641670EA021240227889
B1136074557125N00641668EA021260228086
B1136084557124N00641666EA021280228124
B1136094557123N00641663EA021300228269
B1136104557124N00641659EA021310228139
B1136114557125N00641654EA021310228193
B1136124557129N00641649EA021320228331
B1136134557135N00641646EA021330228528
B1136144557141N00641648EA021340228843
B1136154557147N00641653EA021360229037
B1136164557150N00641662EA021380229102
B1136174557150N00641671EA021400229121
B1136184557148N00641679EA021410229161
B1136194557145N00641684EA021420229497
B1136204557142N00641688EA021440229690
B1136214557140N00641688EA021450229743
B1136224557138N00641686EA021470229735
B1136234557137N00641682EA021460229553
B1136244557137N00641676EA021460229472
B1136254557140N00641670EA021450229551
B1136264557145N00641666EA021450229692
B1136274557152N00641665EA021460229973
B1136284557157N00641668EA021470230191
B1136294557161N00641672EA021490230359
B1136304557164N00641678EA021510230234
B1136314557166N00641685EA021510230119
B1136324557166N00641693EA021510230045
B1136334557165N00641700EA021510230160
B1136344557163N00641704EA021510230296
B1136354557161N00641707EA021510230123
B1136364557158N00641705EA021510229915
B1136374557155N00641699EA021490229788
B1136384557154N00641691EA021470229679
B1136394557154N00641684EA021460229705
B1136404557152N00641679EA021450229841
B1136414557149N00641676EA021440229780
B1136424557146N00641673EA021440229753
B1136434557143N00641671EA021440229712
B1136444557139N00641669EA021440229803
B1136454557135N00641668EA021450229904
B1136464557131N00641667EA021460230228
B1136474557127N00641667EA021480230493
B1136484557124N00641666EA021500230597
B1136494557122N00641666EA021520230620
B1136504557120N00641664EA021540230702
B1136514557118N00641660EA021560230719
B1136524557117N00641655EA021570230875
B1136534557119N00641649EA021580230814
B1136544557123N00641643EA021580231122
B1136554557129N00641640EA021600231285
B1136564557137N00641643EA021610231220
B1136574557142N00641649EA021630231209
B1136584557143N00641658EA021630231266
B1136594557141N00641666EA021620231243
B1137004557137N00641671EA021620231360
B1137014557133N00641672EA021630231673
B1137024557130N00641671EA021640231892
B1137034557128N00641669EA021650231993
B1137044557127N00641667EA021670232000
B1137054557125N00641664EA021680232108
B1137064557122N00641663EA021690232331
B1137074557119N00641661EA021710232458
B1137084557116N00641659EA021720232698
B1137094557115N00641656EA021740232744
B1137104557115N00641650EA021750232779
B1137114557118N00641644EA021760232766
B1137124557124N00641639EA021760232824
B1137134557130N00641637EA021760233138
B1137144557136N00641640EA021780233217
B1137154557141N00641645EA021790233339
B1137164557145N00641654EA021810233421
B1137174557146N00641662EA021820233687
B1137184557146N00641670EA021830233847
B1137194557144N00641676EA021850233903
B1137204557141N00641680EA021870234110
B1137214557137N00641681EA021880234190
B1137224557134N00641680EA021900234357
B1137234557131N00641679EA021910234462
B1137244557129N00641676EA021930234590
B1137254557129N00641670EA021940234637
B1137264557130N00641664EA021940234747
B1137274557133N00641659EA021950234921
B1137284557138N00641655EA021960235148
B1137294557144N00641655EA021970235263
B1137304557150N00641656EA021980235386
B1137314557156N00641659EA022000235538
B1137324557160N00641663EA022010235688
B1137334557165N00641668EA022020235806
B1137344557168N00641674EA022040235839
B1137354557170N00641682EA022050235920
B1137364557170N00641689EA022060235913
B1137374557167N00641695EA022070235984
B1137384557164N00641699EA022070235938
B1137394557160N00641701EA022070236044
B1137404557156N00641701EA022070236164
B1137414557153N00641698EA022070236235
B1137424557150N00641695EA022070236371
B1137434557149N00641690EA022080236454
B1137444557150N00641684EA022090236516
B1137454557152N00641678EA022100236713
B1137464557154N00641672EA022120236996
B1137474557159N00641669EA022130237211
B1137484557164N00641668EA022160237301
B1137494557170N00641670EA022170237202
B1137504557175N00641675EA022180237124
B1137514557179N00641683EA022180237122
B1137524557180N00641690EA022180237257
B1137534557179N00641697EA022180237348
B1137544557176N00641703EA022180237373
B1137554557172N00641705EA022170237359
B1137564557167N00641704EA022170237368
B1137574557163N00641701EA022170237487
B1137584557160N00641697EA022170237678
B1137594557158N00641693EA022180237745
B1138004557156N00641688EA022190237759
B1138014557154N00641684EA022200237790
B1138024557153N00641678EA022210237723
B1138034557151N00641671EA022220237788
B1138044557150N00641665EA022220237870
B1138054557149N00641658EA022230237983
B1138064557148N00641651EA022230238188
B1138074557147N00641645EA022240238283
B1138084557147N00641637EA022260238418
B1138094557147N00641629EA022270238504
B1138104557147N00641620EA022290238818
B1138114557147N00641612EA022310239149
B1138124557148N00641605EA022330239526
B1138134557149N00641599EA022360239721
B1138144557150N00641592EA022390239980
B1138154557153N00641585EA022420240120
B1138164557156N00641580EA022440240380
B1138174557161N00641576EA022470240451
B1138184557166N00641572EA022490240667
B1138194557171N00641569EA022510240940
B1138204557175N00641564EA022540241283
B1138214557180N00641558EA022560241328
B1138224557184N00641552EA022570241522
B1138234557188N00641544EA022570241733
B1138244557192N00641535EA022580241969
B1138254557196N00641527EA022600242351
B1138264557200N00641518EA022620242823
B1138274557203N00641510EA022650243154
B1138284557206N00641503EA022690243563
B1138294557209N00641497EA022720243872
B1138304557213N00641491EA022760244147
B1138314557217N00641486EA022800244237
B1138324557221N00641481EA022820244203
B1138334557223N00641475EA022840244398
B1138344557225N00641470EA022830244322
B1138354557224N00641464EA022830244108
B1138364557220N00641460EA022820243960
B1138374557215N00641458EA022810243837
B1138384557209N00641461EA022800243841
B1138394557204N00641464EA022790243849
B1138404557199N00641469EA022780243991
B1138414557196N00641472EA022790243807
B1138424557191N00641477EA022790243891
B1138434557187N00641481EA022790243878
B1138444557183N00641487EA022790243873
B1138454557179N00641493EA022800244088
B1138464557177N00641501EA022810244298
B1138474557179N00641509EA022820244583
B1138484557183N00641514EA022850244844
B1138494557187N00641519EA022870245032
B1138504557190N00641525EA022890245222
B1138514557191N00641531EA022910245477
B1138524557191N00641537EA022940245654
B1138534557189N00641543EA022960245690
B1138544557186N00641548EA022970245753
B1138554557183N00641553EA022980245900
B1138564557181N00641559EA022990246206
B1138574557180N00641567EA023010246670
B1138584557183N00641573EA023040246817
B1138594557188N00641579EA023070247125
B1139004557193N00641580EA023100247469
B1139014557200N00641578EA023130247824
B1139024557205N00641573EA023160248130
B1139034557208N00641565EA023190248337
B1139044557209N00641557EA023210248553
B1139054557209N00641549EA023240248909
B1139064557207N00641543EA023270249134
B1139074557203N00641539EA023310249490
B1139084557199N00641537EA023330249446
B1139094557194N00641539EA023340249518
B1139104557190N00641546EA023340249664
B1139114557190N00641555EA023350249810
B1139124557192N00641562EA023360250116
B1139134557197N00641567EA023380250506
B1139144557203N00641570EA023410250920
B1139154557209N00641568EA023440251384
B1139164557215N00641563EA023480251622
B1139174557219N00641555EA023510251945
B1139184557222N00641547EA023540252219
B1139194557222N00641540EA023580252567
B1139204557221N00641533EA023610252619
B1139214557218N00641527EA023640252706
B1139224557213N00641523EA023650252963
B1139234557208N00641524EA023660253184
B1139244557204N00641528EA023670253482
B1139254557203N00641533EA023690253628
B1139264557203N00641539EA023710254077
B1139274557206N00641545EA023750254355
B1139284557210N00641550EA023770254553
B1139294557215N00641553EA023810254939
B1139304557220N00641554EA023840255478
B1139314557226N00641552EA023880255618
B1139324557230N00641548EA023910255897
B1139334557234N00641542EA023940256147
B1139344557236N00641535EA023970256308
B1139354557235N00641527EA023990256429
B1139364557232N00641520EA023990256548
B1139374557228N00641515EA023990256602
B1139384557222N00641512EA024000256879
B1139394557218N00641513EA024020257113
B1139404557214N00641516EA024040257399
B1139414557212N00641521EA024060257778
B1139424557212N00641528EA024090258031
B1139434557213N00641533EA024130258244
B1139444557215N00641539EA024150258382
B1139454557219N00641544EA024180258581
B1139464557224N00641546EA024200258793
B1139474557230N00641545EA024230259091
B1139484557236N00641540EA024250259238
B1139494557240N00641535EA024270259401
B1139504557241N00641527EA024300259753
B1139514557240N00641520EA024320259765
B1139524557236N00641514EA024330259866
B1139534557231N00641511EA024330260103
B1139544557225N00641512EA024340260392
B1139554557221N00641515EA024360260786
B1139564557220N00641520EA024390261108
B1139574557219N00641526EA024420261453
B1139584557220N00641531EA024450261757
B1139594557222N00641536EA024480261968
B1140004557225N00641541EA024500262059
B1140014557228N00641545EA024530262280
B1140024557233N00641546EA024550262442
B1140034557238N00641545EA024570262549
B1140044557243N00641542EA024570262819
B1140054557247N00641537EA024590263118
B1140064557249N00641530EA024600263387
B1140074557251N00641523EA024620263564
B1140084557253N00641517EA024640263843
B1140094557255N00641512EA024660263980
B1140104557259N00641506EA024680264108
B1140114557261N00641500EA024710264266
B1140124557262N00641494EA024730264382
B1140134557261N00641487EA024740264314
B1140144557256N00641482EA024740264265
B1140154557250N00641481EA024740264230
B1140164557245N00641484EA024740264342
B1140174557241N00641490EA024750264688
B1140184557241N00641498EA024760264702
B1140194557242N00641504EA024770265036
B1140204557244N00641509EA024790265429
B1140214557246N00641513EA024820265646
B1140224557249N00641515EA024840265820
B1140234557252N00641515EA024870265892
B1140244557257N00641513EA024880265963
B1140254557262N00641508EA024890266019
B1140264557265N00641502EA024890266108
B1140274557265N00641494EA024900266266
B1140284557263N00641487EA024910266285
B1140294557259N00641482EA024910266284
B1140304557254N00641480EA024920266256
B1140314557249N00641481EA024920266224
B1140324557244N00641484EA024940266598
B1140334557241N00641490EA024950266791
B1140344557240N00641495EA024970266923
B1140354557240N00641500EA024980267203
B1140364557241N00641504EA025000267309
B1140374557242N00641508EA025020267447
B1140384557243N00641512EA025040267573
B1140394557245N00641515EA025050267658
B1140404557249N00641518EA025070267722
B1140414557254N00641518EA025080267965
B1140424557259N00641516EA025090268184
B1140434557264N00641512EA025100268392
B1140444557269N00641506EA025120268639
B1140454557273N00641501EA025130268844
B1140464557277N00641495EA025150268806
B1140474557280N00641488EA025160268867
B1140484557284N00641481EA025160268721
B1140494557288N00641474EA025150268751
B1140504557292N00641467EA025150268898
B1140514557297N00641462EA025150268926
B1140524557301N00641457EA025160268909
B1140534557304N00641453EA025160268981
B1140544557308N00641448EA025170268993
B1140554557313N00641442EA025170268819
B1140564557317N00641436EA025160268657
B1140574557321N00641429EA025150268474
B1140584557326N00641421EA025140268426
B1140594557330N00641414EA025130268477
B1141004557335N00641408EA025120268507
B1141014557338N00641403EA025120268492
B1141024557342N00641397EA025110268390
B1141034557346N00641390EA025110268252
B1141044557349N00641382EA025100268062
B1141054557352N00641373EA025090268038
B1141064557354N00641365EA025080268196
B1141074557357N00641357EA025080268165
B1141084557360N00641349EA025080268019
B1141094557362N00641342EA025070268045
B1141104557364N00641334EA025070267929
B1141114557365N00641327EA025070267956
B1141124557366N00641320EA025070267896
B1141134557368N00641313EA025060267864
B1141144557370N00641305EA025060267706
B1141154557371N00641298EA025060267721
B1141164557372N00641291EA025050267750
B1141174557374N00641283EA025040267569
B1141184557377N00641276EA025040267417
B1141194557379N00641268EA025030267458
B1141204557381N00641261EA025020267465
B1141214557383N00641254EA025020267326
B1141224557385N00641247EA025020267215
B1141234557387N00641241EA025010267062
B1141244557390N00641234EA024990266796
B1141254557394N00641228EA024970266674
B1141264557398N00641222EA024950266595
B1141274557402N00641217EA024940266472
B1141284557406N00641212EA024920266364
B1141294557410N00641208EA024910266183
B1141304557415N00641205EA024890265971
B1141314557420N00641202EA024870265775
B1141324557425N00641200EA024850265662
B1141334557430N00641197EA024840265535
B1141344557435N00641194EA024830265532
B1141354557440N00641191EA024820265471
B1141364557445N00641188EA024820265577
B1141374557450N00641187EA024820265452
B1141384557455N00641185EA024820265322
B1141394557460N00641183EA024820265116
B1141404557465N00641181EA024800264944
B1141414557470N00641178EA024790264678
B1141424557475N00641175EA024760264585
B1141434557480N00641172EA024740264380
B1141444557485N00641169EA024730264255
B1141454557490N00641168EA024710264124
B1141464557495N00641168EA024690263975
B1141474557501N00641168EA024670263737
B1141484557507N00641167EA024660263518
B1141494557513N00641166EA024640263409
B1141504557518N00641167EA024620263492
B1141514557524N00641168EA024620263347
B1141524557530N00641170EA024610263115
B1141534557536N00641171EA024600262916
B1141544557542N00641172EA024590262771
B1141554557549N00641172EA024570262708
B1141564557554N00641173EA024560262896
B1141574557559N00641174EA024570262997
B1141584557564N00641175EA024570262867
B1141594557569N00641175EA024570262669
B1142004557575N00641175EA024560262441
B1142014557582N00641172EA024550262202
B1142024557589N00641168EA024530262124
B1142034557595N00641165EA024520262283
B1142044557601N00641161EA024520262468
B1142054557606N00641158EA024530262561
B1142064557611N00641154EA024540262410
B1142074557615N00641149EA024540262380
B1142084557620N00641143EA024530262282
B1142094557626N00641135EA024530262248
B1142104557632N00641128EA024530262347
B1142114557638N00641122EA024530262518
B1142124557643N00641116EA024540262736
B1142134557647N00641110EA024550262971
B1142144557651N00641104EA024570263040
B1142154557655N00641098EA024580263232
B1142164557659N00641092EA024600263355
B1142174557663N00641086EA024620263567
B1142184557667N00641081EA024640263732
B1142194557671N00641075EA024660264017
B1142204557674N00641070EA024690264329
B1142214557677N00641067EA024710264592
B1142224557681N00641063EA024730264593
B1142234557686N00641059EA024750264624
B1142244557690N00641055EA024750264776
B1142254557695N00641052EA024760264840
B1142264557699N00641047EA024760264963
B1142274557702N00641040EA024770264947
B1142284557704N00641033EA024780264910
B1142294557704N00641024EA024780264906
B1142304557702N00641017EA024780264900
B1142314557698N00641010EA024780264989
B1142324557694N00641007EA024780264902
B1142334557688N00641006EA024780264857
B1142344557683N00641008EA024780264739
B1142354557679N00641014EA024770264747
B1142364557678N00641021EA024770264637
B1142374557679N00641029EA024760264582
B1142384557682N00641035EA024750264593
B1142394557686N00641040EA024750264712
B1142404557689N00641043EA024760264861
B1142414557693N00641046EA024770265012
B1142424557696N00641049EA024780265273
B1142434557699N00641052EA024790265463
B1142444557702N00641055EA024810265708
B1142454557703N00641059EA024840265960
B1142464557704N00641061EA024860266147
B1142474557705N00641064EA024880266128
B1142484557705N00641069EA024890266171
B1142494557705N00641074EA024910266316
B1142504557703N00641078EA024930266526
B1142514557700N00641079EA024950266715
B1142524557695N00641078EA024960267063
B1142534557692N00641074EA024990267315
B1142544557689N00641068EA025010267557
B1142554557688N00641061EA025030267637
B1142564557689N00641054EA025050267817
B1142574557691N00641046EA025070267836
B1142584557696N00641040EA025080267906
B1142594557701N00641038EA025090268084
B1143004557707N00641040EA025100268225
B1143014557710N00641045EA025100268485
B1143024557712N00641052EA025110268632
B1143034557713N00641058EA025130269018
B1143044557712N00641064EA025150269488
B1143054557711N00641069EA025180269645
B1143064557709N00641073EA025200269614
B1143074557706N00641076EA025230269702
B1143084557702N00641077EA025240269867
B1143094557698N00641077EA025260269828
B1143104557692N00641075EA025250269899
B1143114557687N00641071EA025250269971
B1143124557683N00641063EA025260270279
B1143134557682N00641055EA025280270607
B1143144557683N00641047EA025310270980
B1143154557687N00641040EA025330271138
B1143164557692N00641037EA025350271031
B1143174557698N00641036EA025370271160
B1143184557704N00641038EA025380271328
B1143194557707N00641042EA025400271676
B1143204557708N00641048EA025420272071
B1143214557707N00641053EA025450272166
B1143224557704N00641058EA025470272251
B1143234557700N00641061EA025480272302
B1143244557695N00641061EA025490272478
B1143254557690N00641060EA025500272685
B1143264557686N00641057EA025510272724
B1143274557682N00641053EA025530272840
B1143284557678N00641047EA025540272991
B1143294557676N00641039EA025550273022
B1143304557674N00641030EA025560273190
B1143314557675N00641021EA025570273242
B1143324557678N00641013EA025590273440
B1143334557683N00641006EA025600273429
B1143344557689N00641005EA025600273505
B1143354557694N00641008EA025600273544
B1143364557697N00641013EA025610273881
B1143374557699N00641017EA025620274159
B1143384557699N00641021EA025640274548
B1143394557697N00641025EA025670274635
B1143404557693N00641028EA025690274698
B1143414557690N00641030EA025710274839
B1143424557686N00641031EA025730274939
B1143434557681N00641030EA025750275135
B1143444557676N00641026EA025770275375
B1143454557674N00641019EA025790275518
B1143464557673N00641011EA025810275675
B1143474557675N00641002EA025810275678
B1143484557679N00640995EA025820275820
B1143494557684N00640990EA025820275944
B1143504557689N00640988EA025830275997
B1143514557694N00640989EA025840276188
B1143524557698N00640992EA025850276354
B1143534557701N00640995EA025860276539
B1143544557703N00640999EA025880276865
B1143554557705N00641003EA025900277003
B1143564557705N00641006EA025920277257
B1143574557705N00641010EA025940277374
B1143584557706N00641015EA025960277301
B1143594557705N00641020EA025970277430
B1144004557703N00641024EA025980277610
B1144014557700N00641027EA025990277630
B1144024557696N00641029EA026000277874
B1144034557692N00641030EA026010277899
B1144044557688N00641030EA026020277948
B1144054557683N00641028EA026030278081
B1144064557679N00641023EA026040278047
B1144074557675N00641017EA026050278281
B1144084557673N00641008EA026060278449
B1144094557672N00641000EA026070278597
B1144104557674N00640992EA026080278669
B1144114557677N00640985EA026090278645
B1144124557682N00640980EA026090278625
B1144134557687N00640977EA026090278764
B1144144557692N00640977EA026100279071
B1144154557696N00640978EA026110279323
B1144164557698N00640980EA026130279548
B1144174557700N00640984EA026150279661
B1144184557702N00640987EA026170279819
B1144194557702N00640992EA026190280031
B1144204557701N00640996EA026210280058
B1144214557699N00641001EA026220279913
B1144224557695N00641004EA026220280037
B1144234557690N00641006EA026220280071
B1144244557685N00641004EA026220280168
B1144254557680N00641000EA026220280161
B1144264557676N00640992EA026230280163
B1144274557675N00640981EA026230280133
B1144284557676N00640970EA026230280377
B1144294557680N00640960EA026240280647
B1144304557684N00640953EA026250281096
B1144314557689N00640948EA026280281435
B1144324557693N00640944EA026320281831
B1144334557696N00640939EA026350282180
B1144344557699N00640931EA026390282398
B1144354557703N00640924EA026430282504
B1144364557705N00640917EA026460282798
B1144374557709N00640912EA026490282935
B1144384557712N00640909EA026510282981
B1144394557717N00640908EA026510282803
B1144404557720N00640911EA026500282783
B1144414557722N00640917EA026500282783
B1144424557722N00640923EA026490283021
B1144434557719N00640927EA026500283362
B1144444557715N00640928EA026510283482
B1144454557712N00640926EA026520283331
B1144464557708N00640924EA026530283448
B1144474557704N00640925EA026540283340
B1144484557699N00640926EA026540283370
B1144494557694N00640924EA026540283454
B1144504557689N00640919EA026550283515
B1144514557685N00640911EA026560283600
B1144524557683N00640901EA026570283841
B1144534557684N00640893EA026580284015
B1144544557687N00640887EA026590284025
B1144554557690N00640883EA026600284059
B1144564557694N00640882EA026610284083
B1144574557698N00640883EA026600283953
B1144584557701N00640886EA026600283842
B1144594557703N00640890EA026590283928
B1145004557703N00640895EA026590283989
B1145014557703N00640900EA026590284146
B1145024557703N00640905EA026600284241
B1145034557703N00640909EA026610284366
B1145044557704N00640914EA026610284404
B1145054557703N00640919EA026630284593
B1145064557702N00640924EA026640284852
B1145074557699N00640927EA026660284975
B1145084557695N00640928EA026680285078
B1145094557690N00640928EA026690285152
B1145104557685N00640925EA026710285250
B1145114557680N00640920EA026720285241
B1145124557676N00640913EA026720285202
B1145134557672N00640905EA026720285371
B1145144557670N00640895EA026720285488
B1145154557670N00640886EA026730285523
B1145164557670N00640877EA026740285695
B1145174557672N00640871EA026750285771
B1145184557675N00640865EA026760285697
B1145194557679N00640861EA026760285559
B1145204557683N00640859EA026760285534
B1145214557687N00640858EA026760285407
B1145224557690N00640859EA026750285379
B1145234557694N00640862EA026740285207
B1145244557697N00640866EA026730285115
B1145254557699N00640871EA026710285061
B1145264557701N00640877EA026700285035
B1145274557701N00640884EA026690285194
B1145284557701N00640891EA026690285322
B1145294557700N00640897EA026700285513
B1145304557698N00640902EA026710285777
B1145314557697N00640907EA026730285953
B1145324557696N00640911EA026750286067
B1145334557696N00640915EA026770286198
B1145344557697N00640920EA026790286320
B1145354557697N00640923EA026810286539
B1145364557697N00640927EA026830286623
B1145374557696N00640930EA026850286776
B1145384557695N00640934EA026860286760
B1145394557693N00640937EA026850286669
B1145404557690N00640941EA026850286646
B1145414557685N00640944EA026840286574
B1145424557680N00640946EA026840286737
B1145434557675N00640948EA026850287011
B1145444557670N00640947EA026860287136
B1145454557665N00640945EA026870287257
B1145464557660N00640942EA026890287355
B1145474557655N00640938EA026900287492
B1145484557651N00640933EA026920287502
B1145494557646N00640927EA026930287655
B1145504557642N00640920EA026940287794
B1145514557640N00640913EA026960287842
B1145524557639N00640906EA026970287920
B1145534557638N00640899EA026980287954
B1145544557638N00640892EA026970287867
B1145554557639N00640885EA026970287668
B1145564557641N00640879EA026960287671
B1145574557644N00640872EA026950287665
B1145584557647N00640867EA026940287693
B1145594557652N00640864EA026940287514
B1146004557656N00640864EA026930287470
B1146014557660N00640865EA026940287695
B1146024557663N00640868EA026940287825
B1146034557663N00640872EA026950288091
B1146044557663N00640876EA026970288030
B1146054557661N00640880EA026980288043
B1146064557658N00640884EA026980288061
B1146074557654N00640886EA026980288069
B1146084557650N00640888EA026980288012
B1146094557645N00640887EA026980288025
B1146104557640N00640885EA026980288046
B1146114557635N00640881EA026980287979
B1146124557631N00640876EA026980287945
B1146134557628N00640869EA026970287851
B1146144557627N00640860EA026970287797
B1146154557629N00640852EA026960287729
B1146164557632N00640846EA026960287638
B1146174557636N00640842EA026950287547
B1146184557641N00640840EA026940287681
B1146194557647N00640839EA026930287507
B1146204557652N00640840EA026930287647
B1146214557656N00640842EA026930287768
B1146224557660N00640845EA026940287912
B1146234557663N00640847EA026950287914
B1146244557666N00640848EA026960287956
B1146254557670N00640849EA026970287843
B1146264557674N00640849EA026960287858
B1146274557678N00640851EA026960287842
B1146284557681N00640853EA026960287864
B1146294557683N00640856EA026960287784
B1146304557685N00640859EA026960287727
B1146314557685N00640863EA026960287713
B1146324557683N00640866EA026960287765
B1146334557681N00640869EA026960287735
B1146344557678N00640871EA026950287608
B1146354557674N00640874EA026950287586
B1146364557671N00640878EA026940287561
B1146374557668N00640881EA026940287551
B1146384557665N00640883EA026940287631
B1146394557661N00640884EA026930287582
B1146404557657N00640884EA026930287452
B1146414557652N00640882EA026930287362
B1146424557647N00640876EA026920287088
B1146434557645N00640868EA026900286762
B1146444557647N00640858EA026880286425
B1146454557651N00640850EA026850286373
B1146464557657N00640847EA026830286396
B1146474557663N00640848EA026810286373
B1146484557668N00640849EA026810286449
B1146494557672N00640852EA026810286481
B1146504557677N00640853EA026820286414
B1146514557681N00640854EA026820286341
B1146524557685N00640855EA026820286323
B1146534557689N00640857EA026810286308
B1146544557692N00640860EA026810286258
B1146554557695N00640864EA026800286171
B1146564557698N00640867EA026800286077
B1146574557701N00640871EA026790285979
B1146584557704N00640876EA026770285956
B1146594557706N00640881EA026760285994
B1147004557709N00640886EA026760285920
B1147014557712N00640889EA026760285919
B1147024557715N00640893EA026760285924
B1147034557718N00640897EA026760285940
B1147044557721N00640901EA026760285733
B1147054557724N00640905EA026750285627
B1147064557727N00640910EA026740285545
B1147074557730N00640915EA026740285448
B1147084557733N00640921EA026730285454
B1147094557736N00640926EA026720285464
B1147104557739N00640931EA026720285487
B1147114557743N00640936EA026720285508
B1147124557745N00640942EA026720285652
B1147134557747N00640947EA026730285767
B1147144557749N00640952EA026740285769
B1147154557751N00640957EA026740285754
B1147164557753N00640961EA026750285873
B1147174557755N00640965EA026760285972
B1147184557757N00640969EA026770285844
B1147194557759N00640974EA026770285825
B1147204557761N00640979EA026770285939
B1147214557763N00640985EA026780286140
B1147224557765N00640989EA026780286277
B1147234557768N00640994EA026790286409
B1147244557770N00641000EA026800286681
B1147254557774N00641005EA026820286704
B1147264557777N00641010EA026830286674
B1147274557781N00641015EA026830286663
B1147284557785N00641020EA026830286564
B1147294557790N00641025EA026830286505
B1147304557794N00641030EA026820286602
B1147314557797N00641034EA026830286765
B1147324557800N00641038EA026830286769
B1147334557803N00641043EA026830286666
B1147344557807N00641048EA026830286508
B1147354557811N00641054EA026820286402
B1147364557814N00641059EA026820286383
B1147374557818N00641064EA026810286448
B1147384557822N00641069EA026810286436
B1147394557826N00641073EA026810286507
B1147404557829N00641077EA026810286423
B1147414557832N00641081EA026810286402
B1147424557834N00641086EA026810286291
B1147434557838N00641091EA026800286211
B1147444557841N00641095EA026800286355
B1147454557844N00641100EA026800286581
B1147464557847N00641103EA026810286657
B1147474557850N00641107EA026820286640
B1147484557853N00641111EA026820286630
B1147494557856N00641115EA026830286604
B1147504557859N00641120EA026830286609
B1147514557862N00641126EA026830286804
B1147524557864N00641131EA026840287158
B1147534557867N00641136EA026860287308
B1147544557869N00641141EA026880287441
B1147554557872N00641145EA026900287417
B1147564557875N00641150EA026910287349
B1147574557878N00641156EA026910287387
B1147584557882N00641162EA026900287364
B1147594557886N00641168EA026900287441
B1148004557889N00641173EA026910287581
B1148014557893N00641178EA026910287611
B1148024557896N00641182EA026920287719
B1148034557899N00641188EA026930287713
B1148044557902N00641194EA026940287741
B1148054557905N00641199EA026950287786
B1148064557909N00641205EA026950287684
B1148074557913N00641211EA026940287692
B1148084557918N00641216EA026940287708
B1148094557922N00641222EA026940287812
B1148104557926N00641226EA026950287915
B1148114557930N00641229EA026960288068
B1148124557934N00641232EA026970288198
B1148134557938N00641235EA026970288358
B1148144557941N00641239EA026980288371
B1148154557944N00641242EA026990288498
B1148164557948N00641245EA027000288429
B1148174557951N00641248EA027010288478
B1148184557955N00641251EA027010288469
B1148194557959N00641255EA027020288560
B1148204557963N00641258EA027020288742
B1148214557967N00641260EA027030288809
B1148224557970N00641263EA027040288948
B1148234557973N00641266EA027050289167
B1148244557976N00641270EA027060289281
B1148254557979N00641273EA027080289475
B1148264557982N00641277EA027090289550
B1148274557985N00641280EA027110289626
B1148284557988N00641283EA027120289716
B1148294557990N00641286EA027130289996
B1148304557993N00641289EA027140290078
B1148314557996N00641293EA027150290051
B1148324557999N00641296EA027160290123
B1148334558001N00641299EA027170290155
B1148344558003N00641303EA027170290147
B1148354558004N00641308EA027170290197
B1148364558004N00641314EA027170290188
B1148374558002N00641321EA027170290270
B1148384557999N00641325EA027180290366
B1148394557994N00641328EA027180290395
B1148404557989N00641329EA027190290460
B1148414557983N00641327EA027190290569
B1148424557978N00641323EA027200290725
B1148434557973N00641317EA027220290888
B1148444557971N00641309EA027230290943
B1148454557970N00641300EA027250291235
B1148464557970N00641292EA027270291474
B1148474557972N00641285EA027290291653
B1148484557974N00641279EA027300291788
B1148494557977N00641275EA027330291850
B1148504557980N00641271EA027340291985
B1148514557984N00641269EA027360292051
B1148524557988N00641268EA027360292125
B1148534557991N00641269EA027360292125
B1148544557994N00641271EA027360292249
B1148554557997N00641275EA027370292218
B1148564557999N00641280EA027370292304
B1148574558000N00641285EA027380292574
B1148584558003N00641289EA027380292612
B1148594558005N00641292EA027390292763
B1149004558008N00641295EA027400292850
B1149014558011N00641297EA027410292877
B1149024558015N00641300EA027420292908
B1149034558018N00641303EA027430293146
B1149044558021N00641305EA027440293267
B1149054558025N00641307EA027450293207
B1149064558028N00641310EA027460293222
B1149074558031N00641313EA027460293102
B1149084558033N00641317EA027450293011
B1149094558034N00641322EA027440292910
B1149104558033N00641327EA027440292953
B1149114558031N00641331EA027430292813
B1149124558027N00641333EA027420292667
B1149134558023N00641333EA027410292548
B1149144558018N00641332EA027390292431
B1149154558013N00641329EA027380292333
B1149164558009N00641324EA027360292115
B1149174558005N00641317EA027350291985
B1149184558003N00641308EA027330291732
B1149194558001N00641298EA027320291581
B1149204558001N00641287EA027300291639
B1149214558001N00641278EA027310291855
B1149224558001N00641270EA027320292065
B1149234558001N00641263EA027330292168
B1149244558001N00641257EA027350292176
B1149254558002N00641251EA027350292013
B1149264558003N00641244EA027360292001
B1149274558004N00641237EA027360292113
B1149284558005N00641231EA027360292276
B1149294558007N00641226EA027360292348
B1149304558010N00641222EA027370292302
B1149314558013N00641218EA027380292422
B1149324558016N00641214EA027380292596
B1149334558020N00641212EA027390292672
B1149344558024N00641210EA027400292744
B1149354558028N00641209EA027410292705
B1149364558031N00641209EA027420292856
B1149374558035N00641210EA027420292944
B1149384558039N00641211EA027430293026
B1149394558043N00641212EA027440293115
B1149404558046N00641213EA027450293181
B1149414558050N00641213EA027460293292
B1149424558055N00641213EA027470293308
B1149434558058N00641215EA027470293383
B1149444558062N00641217EA027470293469
B1149454558066N00641220EA027480293549
B1149464558069N00641224EA027480293753
B1149474558072N00641228EA027490293820
B1149484558074N00641232EA027500293963
B1149494558076N00641237EA027520294016
B1149504558077N00641243EA027530294135
B1149514558077N00641249EA027540294392
B1149524558078N00641254EA027550294328
B1149534558077N00641260EA027560294341
B1149544558075N00641264EA027560294258
B1149554558071N00641268EA027550294143
B1149564558067N00641269EA027550294039
B1149574558062N00641270EA027540293983
B1149584558058N00641269EA027530293903
B1149594558053N00641266EA027520293876
B1150004558049N00641262EA027510293759
B1150014558045N00641258EA027500293549
B1150024558040N00641254EA027490293399
B1150034558035N00641251EA027480293274
B1150044558030N00641248EA027460293131
B1150054558024N00641244EA027450293097
B1150064558019N00641241EA027440292955
B1150074558013N00641238EA027420292893
B1150084558008N00641234EA027420292829
B1150094558002N00641231EA027410292893
B1150104557998N00641227EA027410292714
B1150114557993N00641222EA027410292650
B1150124557990N00641214EA027410292539
B1150134557988N00641206EA027410292599
B1150144557989N00641198EA027410292558
B1150154557991N00641192EA027410292744
B1150164557993N00641188EA027410292797
B1150174557997N00641186EA027420292688
B1150184558002N00641187EA027410292533
B1150194558006N00641190EA027400292549
B1150204558009N00641196EA027400292539
B1150214558010N00641203EA027390292556
B1150224558009N00641210EA027390292582
B1150234558007N00641216EA027390292556
B1150244558004N00641223EA027390292490
B1150254558001N00641229EA027390292450
B1150264557997N00641234EA027380292472
B1150274557993N00641239EA027380292331
B1150284557987N00641243EA027370292393
B1150294557982N00641246EA027370292316
B1150304557976N00641249EA027370292431
B1150314557970N00641250EA027370292579
B1150324557964N00641252EA027370292682
B1150334557959N00641253EA027380292843
B1150344557954N00641254EA027400293035
B1150354557949N00641255EA027420293138
B1150364557943N00641256EA027440293495
B1150374557938N00641255EA027460293661
B1150384557934N00641250EA027490293706
B1150394557930N00641242EA027510293864
B1150404557931N00641233EA027540293913
B1150414557933N00641225EA027560294257
B1150424557938N00641220EA027580294469
B1150434557944N00641221EA027600294502
B1150444557947N00641224EA027610294786
B1150454557949N00641230EA027610294869
B1150464557949N00641237EA027620294977
B1150474557948N00641245EA027620295111
B1150484557945N00641252EA027630295473
B1150494557943N00641258EA027650295707
B1150504557940N00641264EA027670296111
B1150514557937N00641269EA027700296453
B1150524557935N00641274EA027740296624
B1150534557932N00641279EA027770296999
B1150544557929N00641284EA027800297274
B1150554557925N00641285EA027830297323
B1150564557919N00641283EA027860297478
B1150574557914N00641280EA027870297563
B1150584557910N00641274EA027880297887
B1150594557909N00641267EA027900298017
B1151004557908N00641260EA027920298194
B1151014557910N00641252EA027930298339
B1151024557913N00641245EA027960298539
B1151034557917N00641240EA027970298747
B1151044557921N00641237EA028000298984
B1151054557926N00641236EA028020299176
B1151064557931N00641237EA028030299207
B1151074557934N00641240EA028050299370
B1151084557937N00641243EA028070299556
B1151094557939N00641249EA028080299802
B1151104557937N00641254EA028100300296
B1151114557935N00641259EA028130300500
B1151124557930N00641261EA028160300890
B1151134557926N00641260EA028190301021
B1151144557921N00641256EA028210301260
B1151154557918N00641249EA028230301413
B1151164557917N00641240EA028260301507
B1151174557918N00641231EA028280301609
B1151184557920N00641224EA028290301874
B1151194557925N00641219EA028290301836
B1151204557931N00641219EA028280301760
B1151214557937N00641222EA028280301714
B1151224557939N00641229EA028270301855
B1151234557940N00641238EA028270302181
B1151244557941N00641245EA028290302684
B1151254557943N00641251EA028320303364
B1151264557945N00641256EA028360303968
B1151274557946N00641261EA028410304289
B1151284557947N00641267EA028460304521
B1151294557946N00641272EA028510304897
B1151304557945N00641277EA028560305204
B1151314557941N00641279EA028600305557
B1151324557936N00641279EA028640305884
B1151334557932N00641275EA028680306053
B1151344557930N00641267EA028710306234
B1151354557932N00641259EA028730306520
B1151364557936N00641253EA028750306674
B1151374557943N00641254EA028760306861
B1151384557948N00641258EA028770307068
B1151394557950N00641265EA028790307476
B1151404557950N00641272EA028810307968
B1151414557951N00641279EA028850308581
B1151424557954N00641283EA028890309018
B1151434557956N00641288EA028940309472
B1151444557957N00641292EA028990309828
B1151454557956N00641298EA029030310012
B1151464557953N00641302EA029070310222
B1151474557948N00641303EA029110310593
B1151484557944N00641300EA029140310944
B1151494557941N00641295EA029180311324
B1151504557939N00641288EA029220311784
B1151514557940N00641281EA029260312096
B1151524557945N00641275EA029290312244
B1151534557951N00641274EA029300312480
B1151544557958N00641277EA029300312607
B1151554557962N00641284EA029310313091
B1151564557966N00641290EA029330313507
B1151574557967N00641297EA029360314013
B1151584557967N00641303EA029400314474
B1151594557967N00641309EA029440314794
B1152004557966N00641314EA029480314893
B1152014557964N00641318EA029520315136
B1152024557961N00641323EA029550315403
B1152034557957N00641328EA029580315975
B1152044557954N00641332EA029630316493
B1152054557950N00641334EA029670316994
B1152064557946N00641333EA029720317238
B1152074557941N00641330EA029760317564
B1152084557937N00641324EA029800317988
B1152094557935N00641317EA029840318291
B1152104557936N00641308EA029880318726
B1152114557939N00641301EA029920319131
B1152124557943N00641296EA029960319677
B1152134557948N00641294EA030010320099
B1152144557954N00641295EA030050320415
B1152154557958N00641297EA030080320996
B1152164557962N00641302EA030130321350
B1152174557963N00641307EA030160321548
B1152184557961N00641312EA030180321735
B1152194557956N00641315EA030190322068
B1152204557951N00641317EA030200322424
B1152214557946N00641317EA030230323035
B1152224557942N00641316EA030270323500
B1152234557938N00641311EA030320323917
B1152244557935N00641305EA030360324122
B1152254557933N00641297EA030400324446
B1152264557932N00641289EA030440324975
B1152274557933N00641282EA030490325384
B1152284557936N00641276EA030530325652
B1152294557940N00641272EA030570325972
B1152304557945N00641269EA030600326249
B1152314557950N00641268EA030630326577
B1152324557956N00641268EA030650326828
B1152334557961N00641269EA030680327124
B1152344557965N00641272EA030710327263
B1152354557968N00641276EA030730327415
B1152364557967N00641282EA030740327607
B1152374557964N00641286EA030750327808
B1152384557959N00641289EA030760328174
B1152394557954N00641290EA030770328482
B1152404557950N00641290EA030790328816
B1152414557945N00641290EA030820329159
B1152424557941N00641290EA030850329429
B1152434557937N00641290EA030890329731
B1152444557933N00641288EA030920330016
B1152454557928N00641285EA030960330497
B1152464557924N00641280EA031000330797
B1152474557922N00641273EA031030330995
B1152484557923N00641265EA031070331352
B1152494557926N00641258EA031110331762
B1152504557932N00641255EA031140331911
B1152514557938N00641254EA031160332105
B1152524557943N00641257EA031190332525
B1152534557945N00641263EA031220332996
B1152544557945N00641270EA031260333302
B1152554557941N00641275EA031290333668
B1152564557936N00641278EA031330334022
B1152574557930N00641275EA031360334247
B1152584557925N00641269EA031400334680
B1152594557924N00641260EA031430334834
B1153004557925N00641252EA031460335175
B1153014557929N00641245EA031490335509
B1153024557933N00641241EA031520335793
B1153034557939N00641239EA031550336014
B1153044557944N00641238EA031580336438
B1153054557949N00641238EA031610336912
B1153064557953N00641238EA031640337264
B1153074557957N00641240EA031670337560
B1153084557960N00641242EA031700337819
B1153094557960N00641247EA031720337961
B1153104557959N00641252EA031730338031
B1153114557957N00641256EA031730338216
B1153124557954N00641260EA031740338506
B1153134557950N00641263EA031760338812
B1153144557945N00641264EA031780339061
B1153154557940N00641262EA031800339253
B1153164557935N00641257EA031830339428
B1153174557930N00641251EA031850339764
B1153184557926N00641243EA031880340094
B1153194557924N00641234EA031910340358
B1153204557922N00641226EA031940340653
B1153214557921N00641217EA031970340949
B1153224557920N00641209EA032000341167
B1153234557920N00641201EA032020341144
B1153244557920N00641192EA032030341161
B1153254557920N00641182EA032020341152
B1153264557919N00641171EA032020341173
B1153274557918N00641160EA032020341339
B1153284557917N00641151EA032030341562
B1153294557917N00641142EA032040341722
B1153304557917N00641133EA032060341803
B1153314557917N00641124EA032070341941
B1153324557918N00641114EA032090342033
B1153334557919N00641104EA032100342056
B1153344557921N00641095EA032100342032
B1153354557923N00641086EA032100342041
B1153364557925N00641076EA032100342054
B1153374557927N00641066EA032100342015
B1153384557928N00641056EA032090342051
B1153394557929N00641045EA032090342069
B1153404557930N00641036EA032090342070
B1153414557931N00641025EA032090342096
B1153424557933N00641015EA032090342014
B1153434557935N00641005EA032090342048
B1153444557937N00640996EA032090342095
B1153454557940N00640986EA032100342009
B1153464557941N00640977EA032100341872
B1153474557943N00640966EA032090341535
B1153484557944N00640955EA032070341151
B1153494557945N00640943EA032040340866
B1153504557946N00640932EA032010340567
B1153514557947N00640922EA031970340163
B1153524557948N00640912EA031940339871
B1153534557949N00640901EA031900339487
B1153544557951N00640890EA031860338903
B1153554557952N00640878EA031810338458
B1153564557954N00640867EA031760338130
B1153574557956N00640854EA031710337764
B1153584557958N00640841EA031670337576
B1153594557960N00640829EA031640337314
B1154004557961N00640817EA031630337013
B1154014557962N00640805EA031610336824
B1154024557963N00640793EA031590336495
B1154034557965N00640781EA031570336074
B1154044557967N00640768EA031540335657
B1154054557968N00640755EA031520335398
B1154064557970N00640743EA031500335120
B1154074557971N00640730EA031470334967
B1154084557972N00640719EA031440334791
B1154094557974N00640707EA031420334444
B1154104557975N00640695EA031390334185
B1154114557977N00640683EA031360333822
B1154124557978N00640670EA031340333575
B1154134557980N00640658EA031310333322
B1154144557981N00640646EA031280333022
B1154154557982N00640634EA031260332830
B1154164557983N00640622EA031240332640
B1154174557984N00640609EA031220332357
B1154184557985N00640597EA031190332076
B1154194557987N00640585EA031170331704
B1154204557988N00640573EA031140331440
B1154214557989N00640560EA031100331071
B1154224557991N00640546EA031060330718
B1154234557992N00640533EA031030330442
B1154244557993N00640520EA030990330271
B1154254557995N00640507EA030970330106
B1154264557996N00640495EA030960330011
B1154274557997N00640483EA030960329904
B1154284557997N00640471EA030950329798
B1154294557998N00640460EA030940329490
B1154304557999N00640448EA030920329172
B1154314558000N00640436EA030900328931
B1154324558001N00640424EA030880328835
B1154334558002N00640413EA030860328778
B1154344558004N00640403EA030840328567
B1154354558006N00640393EA030820328354
B1154364558008N00640382EA030800328029
B1154374558009N00640371EA030770327778
B1154384558011N00640360EA030760327625
B1154394558013N00640350EA030740327561
B1154404558016N00640340EA030730327525
B1154414558018N00640331EA030740327655
B1154424558019N00640322EA030740327577
B1154434558020N00640314EA030730327207
B1154444558020N00640305EA030710326996
B1154454558022N00640296EA030690326545
B1154464558023N00640286EA030660326389
B1154474558024N00640277EA030640326193
B1154484558026N00640267EA030610325909
B1154494558027N00640258EA030590325718
B1154504558028N00640249EA030560325503
B1154514558028N00640239EA030540325383
B1154524558029N00640229EA030520325234
B1154534558030N00640219EA030500325149
B1154544558032N00640210EA030500325107
B1154554558033N00640201EA030500325097
B1154564558035N00640192EA030500324965
B1154574558037N00640182EA030490324709
B1154584558038N00640172EA030480324575
B1154594558040N00640162EA030460324580
B1155004558042N00640151EA030450324589
B1155014558044N00640141EA030440324535
B1155024558045N00640131EA030440324562
B1155034558047N00640120EA030440324429
B1155044558049N00640110EA030440324402
B1155054558051N00640099EA030440324317
B1155064558053N00640088EA030430324242
B1155074558055N00640076EA030420324312
B1155084558056N00640064EA030420324332
B1155094558057N00640052EA030420324322
B1155104558058N00640040EA030420324312
B1155114558059N00640028EA030420324201
B1155124558060N00640016EA030410324221
B1155134558061N00640004EA030410324324
B1155144558061N00639993EA030410324382
B1155154558062N00639981EA030410324247
B1155164558063N00639969EA030410324126
B1155174558064N00639957EA030400324020
B1155184558065N00639944EA030400324052
B1155194558066N00639932EA030400324072
B1155204558068N00639920EA030400324127
B1155214558069N00639909EA030400324048
B1155224558070N00639898EA030390323927
B1155234558071N00639887EA030390323710
B1155244558072N00639874EA030380323619
B1155254558073N00639862EA030360323655
B1155264558074N00639851EA030350323660
B1155274558075N00639839EA030350323544
B1155284558075N00639828EA030340323483
B1155294558076N00639816EA030340323465
B1155304558078N00639804EA030330323318
B1155314558079N00639793EA030320323292
B1155324558080N00639781EA030310323296
B1155334558081N00639769EA030300323159
B1155344558081N00639758EA030300323098
B1155354558082N00639747EA030290322964
B1155364558083N00639735EA030280322867
B1155374558084N00639724EA030270322762
B1155384558085N00639712EA030250322551
B1155394558086N00639700EA030240322425
B1155404558087N00639689EA030230322253
B1155414558089N00639678EA030220322020
B1155424558091N00639666EA030210321800
B1155434558092N00639653EA030190321638
B1155444558092N00639641EA030170321595
B1155454558093N00639630EA030160321350
B1155464558094N00639618EA030130321117
B1155474558094N00639607EA030110320871
B1155484558095N00639594EA030080320417
B1155494558095N00639582EA030060320260
B1155504558096N00639569EA030030320159
B1155514558097N00639558EA030000319975
B1155524558098N00639547EA029980319743
B1155534558099N00639535EA029960319416
B1155544558099N00639523EA029930319188
B1155554558101N00639511EA029910318905
B1155564558102N00639499EA029890318744
B1155574558104N00639487EA029870318618
B1155584558105N00639476EA029860318495
B1155594558107N00639465EA029850318381
B1156004558110N00639453EA029840318107
B1156014558112N00639442EA029820318024
B1156024558114N00639431EA029810317961
B1156034558117N00639419EA029800317808
B1156044558119N00639408EA029790317627
B1156054558121N00639397EA029780317433
B1156064558123N00639385EA029770317216
B1156074558124N00639373EA029750317167
B1156084558126N00639362EA029740317011
B1156094558127N00639350EA029730316898
B1156104558129N00639339EA029710316785
B1156114558131N00639327EA029690316579
B1156124558133N00639315EA029680316409
B1156134558133N00639304EA029670316394
B1156144558135N00639292EA029650316206
B1156154558136N00639280EA029640316139
B1156164558137N00639269EA029630316065
B1156174558138N00639258EA029620315955
B1156184558139N00639247EA029610315805
B1156194558139N00639235EA029600315549
B1156204558139N00639224EA029590315390
B1156214558140N00639212EA029570315250
B1156224558141N00639200EA029560315106
B1156234558141N00639189EA029540315052
B1156244558141N00639178EA029530315064
B1156254558141N00639167EA029530315017
B1156264558140N00639156EA029540315089
B1156274558140N00639146EA029540315095
B1156284558141N00639136EA029540315081
B1156294558142N00639125EA029530314997
B1156304558143N00639115EA029530314763
B1156314558143N00639104EA029520314562
B1156324558143N00639092EA029510314347
B1156334558143N00639080EA029500314259
B1156344558143N00639069EA029480314193
B1156354558144N00639058EA029460314080
B1156364558145N00639047EA029450313974
B1156374558146N00639036EA029430313759
B1156384558147N00639026EA029410313408
B1156394558147N00639015EA029390313156
B1156404558147N00639004EA029360312780
B1156414558148N00638992EA029340312643
B1156424558149N00638980EA029310312518
B1156434558149N00638969EA029290312597
B1156444558150N00638958EA029280312498
B1156454558151N00638947EA029290312325
B1156464558151N00638936EA029280312144
B1156474558151N00638925EA029270311940
B1156484558151N00638913EA029260311888
B1156494558152N00638903EA029240311882
B1156504558153N00638893EA029240311900
B1156514558153N00638883EA029230311909
B1156524558152N00638875EA029230311793
B1156534558153N00638865EA029220311506
B1156544558153N00638855EA029210311314
B1156554558153N00638844EA029190311179
B1156564558154N00638834EA029180311258
B1156574558155N00638825EA029170311280
B1156584558156N00638816EA029170311270
B1156594558157N00638807EA029170311111
B1157004558157N00638798EA029170310951
B1157014558157N00638788EA029150310784
B1157024558158N00638778EA029140310503
B1157034558158N00638767EA029120310328
B1157044558158N00638757EA029100310162
B1157054558159N00638747EA029080309913
B1157064558159N00638737EA029060309556
B1157074558160N00638727EA029030309247
B1157084558161N00638716EA029000308868
B1157094558162N00638705EA028960308586
B1157104558164N00638694EA028930308332
B1157114558166N00638683EA028910308210
B1157124558167N00638672EA028890308195
B1157134558169N00638662EA028890308105
B1157144558169N00638652EA028890308189
B1157154558171N00638643EA028880307919
B1157164558172N00638634EA028870307762
B1157174558173N00638624EA028860307592
B1157184558174N00638614EA028840307460
B1157194558175N00638603EA028830307329
B1157204558175N00638594EA028810307285
B1157214558176N00638584EA028790307056
B1157224558176N00638574EA028780306888
B1157234558176N00638564EA028760306685
B1157244558176N00638554EA028740306450
B1157254558176N00638543EA028720306326
B1157264558176N00638533EA028710306262
B1157274558177N00638523EA028690306106
B1157284558177N00638514EA028680306031
B1157294558177N00638504EA028670305897
B1157304558178N00638495EA028660305541
B1157314558179N00638485EA028640305231
B1157324558180N00638474EA028620305037
B1157334558181N00638464EA028600304832
B1157344558181N00638454EA028580304683
B1157354558182N00638444EA028550304419
B1157364558182N00638435EA028530304263
B1157374558183N00638425EA028510304063
B1157384558185N00638415EA028490303911
B1157394558186N00638405EA028470303784
B1157404558188N00638395EA028450303638
B1157414558189N00638386EA028440303431
B1157424558190N00638376EA028430303201
B1157434558191N00638366EA028420303004
B1157444558192N00638356EA028390302846
B1157454558194N00638346EA028370302517
B1157464558195N00638336EA028350302242
B1157474558196N00638325EA028320301967
B1157484558197N00638314EA028300301779
B1157494558198N00638304EA028270301663
B1157504558199N00638293EA028250301459
B1157514558199N00638283EA028240301393
B1157524558200N00638273EA028220301131
B1157534558200N00638262EA028210300988
B1157544558202N00638252EA028190300723
B1157554558203N00638241EA028170300678
B1157564558204N00638231EA028160300572
B1157574558205N00638220EA028160300447
B1157584558205N00638211EA028160300491
B1157594558207N00638201EA028150300317
B1158004558208N00638192EA028140300165
B1158014558210N00638183EA028130299931
B1158024558211N00638173EA028120299735
B1158034558211N00638163EA028110299684
B1158044558212N00638153EA028090299477
B1158054558214N00638144EA028070299300
B1158064558215N00638134EA028050299247
B1158074558216N00638125EA028040299085
B1158084558217N00638116EA028020298884
B1158094558218N00638106EA028000298665
B1158104558219N00638096EA027980298577
B1158114558221N00638087EA027960298321
B1158124558222N00638077EA027940298279
B1158134558224N00638068EA027920298018
B1158144558225N00638059EA027910297843
B1158154558226N00638049EA027900297688
B1158164558228N00638040EA027890297497
B1158174558231N00638031EA027870297225
B1158184558233N00638022EA027860297143
B1158194558235N00638013EA027840296944
B1158204558237N00638004EA027820296832
B1158214558239N00637995EA027800296660
B1158224558242N00637985EA027780296427
B1158234558244N00637976EA027760296267
B1158244558247N00637967EA027750296126
B1158254558249N00637958EA027730296076
B1158264558252N00637949EA027720295826
B1158274558255N00637940EA027700295704
B1158284558258N00637931EA027690295505
B1158294558260N00637922EA027680295488
B1158304558263N00637914EA027670295351
B1158314558265N00637905EA027660295194
B1158324558268N00637896EA027640295048
B1158334558271N00637888EA027620294810
B1158344558273N00637879EA027610294670
B1158354558276N00637870EA027590294420
B1158364558278N00637861EA027570294381
B1158374558281N00637852EA027560294236
B1158384558284N00637844EA027540294002
B1158394558286N00637836EA027530293870
B1158404558289N00637827EA027510293735
B1158414558291N00637818EA027500293597
B1158424558294N00637809EA027490293449
B1158434558297N00637801EA027470293304
B1158444558299N00637792EA027460293278
B1158454558302N00637784EA027450293054
B1158464558304N00637775EA027440292999
B1158474558307N00637767EA027420292825
B1158484558309N00637759EA027410292662
B1158494558312N00637750EA027400292505
B1158504558314N00637742EA027380292471
B1158514558317N00637733EA027370292319
B1158524558319N00637725EA027370292207
B1158534558321N00637717EA027360292023
B1158544558323N00637709EA027350291850
B1158554558325N00637700EA027340291693
B1158564558328N00637691EA027320291555
B1158574558331N00637682EA027310291507
B1158584558333N00637674EA027300291432
B1158594558335N00637666EA027290291331
B1159004558337N00637657EA027270291157
B1159014558340N00637649EA027260290900
B1159024558342N00637640EA027240290832
B1159034558344N00637631EA027230290774
B1159044558347N00637623EA027220290621
B1159054558349N00637615EA027210290560
B1159064558351N00637607EA027200290491
B1159074558354N00637598EA027190290309
B1159084558356N00637590EA027180290208
B1159094558358N00637582EA027180290027
B1159104558360N00637574EA027160289939
B1159114558362N00637567EA027150289851
B1159124558364N00637559EA027140289654
B1159134558366N00637551EA027130289575
B1159144558368N00637543EA027110289386
B1159154558371N00637535EA027090289118
B1159164558373N00637528EA027070288940
B1159174558375N00637520EA027060288753
B1159184558377N00637511EA027040288569
B1159194558379N00637503EA027020288387
B1159204558382N00637495EA027000288304
B1159214558383N00637487EA026980288293
B1159224558385N00637479EA026980288185
B1159234558387N00637471EA026980288085
B1159244558389N00637463EA026970287983
B1159254558392N00637454EA026970287716
B1159264558394N00637446EA026950287731
B1159274558396N00637438EA026950287640
B1159284558398N00637429EA026940287618
B1159294558399N00637421EA026930287596
B1159304558401N00637413EA026920287586
B1159314558404N00637405EA026920287403
B1159324558406N00637397EA026910287401
B1159334558407N00637388EA026910287389
B1159344558409N00637380EA026900287327
B1159354558410N00637372EA026900287375
B1159364558412N00637364EA026900287247
B1159374558414N00637356EA026890287137
B1159384558416N00637348EA026890287022
B1159394558418N00637339EA026880286924
B1159404558419N00637330EA026870286878
B1159414558421N00637322EA026860286714
B1159424558422N00637314EA026860286651
B1159434558424N00637305EA026850286506
B1159444558425N00637297EA026830286460
B1159454558427N00637288EA026820286356
B1159464558428N00637280EA026810286291
B1159474558430N00637271EA026800286136
B1159484558431N00637263EA026780286074
B1159494558433N00637255EA026770285822
B1159504558434N00637246EA026750285677
B1159514558436N00637238EA026740285505
B1159524558437N00637230EA026730285430
B1159534558438N00637222EA026720285393
B1159544558440N00637214EA026710285357
B1159554558442N00637207EA026710285223
B1159564558444N00637199EA026700285007
B1159574558445N00637191EA026690284997
B1159584558447N00637183EA026680284868
B1159594558449N00637176EA026670284843
B1200004558451N00637169EA026670284825
B1200014558453N00637162EA026660284717
B1200024558454N00637155EA026650284597
B1200034558456N00637148EA026640284384
B1200044558459N00637140EA026620284107
B1200054558461N00637133EA026610284022
B1200064558463N00637126EA026590283942
B1200074558465N00637119EA026580283863
B1200084558468N00637112EA026570283705
B1200094558470N00637105EA026550283547
B1200104558472N00637098EA026540283398
B1200114558475N00637092EA026520283241
B1200124558477N00637085EA026510283192
B1200134558480N00637078EA026490282941
B1200144558482N00637071EA026480282895
B1200154558485N00637064EA026460282649
B1200164558488N00637058EA026450282403
B1200174558490N00637051EA026430282264
B1200184558492N00637044EA026410282194
B1200194558495N00637037EA026400281971
B1200204558498N00637030EA026380281741
B1200214558501N00637022EA026370281637
B1200224558504N00637015EA026360281507
B1200234558506N00637008EA026350281489
B1200244558509N00637002EA026340281271
B1200254558512N00636995EA026330281041
B1200264558515N00636987EA026310280908
B1200274558517N00636980EA026290280745
B1200284558519N00636973EA026280280683
B1200294558522N00636966EA026260280444
B1200304558524N00636959EA026250280390
B1200314558527N00636951EA026230280207
B1200324558528N00636944EA026220280065
B1200334558530N00636937EA026200279843
B1200344558532N00636930EA026190279672
B1200354558535N00636923EA026170279522
B1200364558537N00636916EA026150279354
B1200374558539N00636909EA026140279144
B1200384558541N00636902EA026120278914
B1200394558542N00636895EA026100278770
B1200404558544N00636887EA026080278646
B1200414558546N00636880EA026070278425
B1200424558548N00636873EA026050278212
B1200434558549N00636865EA026030278199
B1200444558551N00636858EA026020277956
B1200454558553N00636851EA026000277703
B1200464558554N00636844EA025980277550
B1200474558555N00636836EA025970277489
B1200484558556N00636829EA025960277387
B1200494558557N00636822EA025950277268
B1200504558558N00636815EA025930277039
B1200514558559N00636809EA025920276811
B1200524558560N00636802EA025900276600
B1200534558561N00636794EA025880276405
B1200544558562N00636787EA025870276224
B1200554558563N00636780EA025850276002
B1200564558563N00636773EA025830275860
B1200574558564N00636766EA025810275641
B1200584558565N00636759EA025790275463
B1200594558567N00636752EA025770275234
B1201004558568N00636745EA025750274980
B1201014558570N00636736EA025730274629
B1201024558571N00636728EA025710274544
B1201034558572N00636720EA025690274451
B1201044558574N00636712EA025690274422
B1201054558576N00636704EA025680274309
B1201064558577N00636697EA025680274256
B1201074558579N00636689EA025670274009
B1201084558580N00636681EA025660273867
B1201094558582N00636673EA025640273623
B1201104558583N00636664EA025630273639
B1201114558584N00636657EA025610273583
B1201124558586N00636649EA025600273328
B1201134558587N00636642EA025580273282
B1201144558589N00636634EA025570273063
B1201154558591N00636626EA025550272824
B1201164558592N00636618EA025530272683
B1201174558594N00636610EA025520272553
B1201184558596N00636602EA025500272303
B1201194558597N00636594EA025480272170
B1201204558599N00636585EA025460271926
B1201214558600N00636577EA025450271855
B1201224558602N00636569EA025430271614
B1201234558604N00636561EA025410271404
B1201244558606N00636553EA025400271314
B1201254558607N00636545EA025390271284
B1201264558609N00636537EA025380271063
B1201274558611N00636529EA025370270923
B1201284558613N00636521EA025360270808
B1201294558614N00636514EA025350270694
B1201304558617N00636506EA025330270509
B1201314558618N00636499EA025310270392
B1201324558620N00636491EA025300270242
B1201334558621N00636483EA025280270066
B1201344558622N00636476EA025260269962
B1201354558623N00636468EA025250269786
B1201364558625N00636461EA025230269642
B1201374558627N00636453EA025220269406
B1201384558628N00636445EA025200269279
B1201394558630N00636438EA025190269121
B1201404558631N00636430EA025170269065
B1201414558633N00636423EA025160268910
B1201424558634N00636415EA025150268785
B1201434558636N00636407EA025140268547
B1201444558638N00636400EA025120268301
B1201454558639N00636392EA025110268284
B1201464558641N00636384EA025090268075
B1201474558643N00636376EA025080267988
B1201484558645N00636368EA025060267779
B1201494558647N00636361EA025040267644
B1201504558649N00636353EA025030267438
B1201514558651N00636346EA025010267235
B1201524558653N00636339EA024990267060
B1201534558655N00636331EA024980266875
B1201544558657N00636323EA024960266678
B1201554558659N00636316EA024940266472
B1201564558661N00636308EA024920266277
B1201574558663N00636300EA024900266087
B1201584558665N00636293EA024880265792
B1201594558668N00636285EA024860265612
B1202004558670N00636277EA024840265442
B1202014558672N00636269EA024820265375
B1202024558674N00636262EA024800265191
B1202034558676N00636254EA024790265086
B1202044558678N00636246EA024770264868
B1202054558680N00636238EA024760264649
B1202064558682N00636230EA024750264459
B1202074558684N00636223EA024730264361
B1202084558686N00636215EA024710264186
B1202094558689N00636208EA024700263902
B1202104558691N00636200EA024680263729
B1202114558693N00636193EA024660263624
B1202124558695N00636185EA024650263439
B1202134558697N00636178EA024630263263
B1202144558699N00636171EA024610263180
B1202154558701N00636163EA024600262997
B1202164558703N00636156EA024590262797
B1202174558705N00636149EA024570262693
B1202184558708N00636142EA024560262310
B1202194558710N00636134EA024540262135
B1202204558712N00636127EA024520261941
B1202214558714N00636119EA024500261665
B1202224558716N00636111EA024470261598
B1202234558718N00636103EA024450261399
B1202244558721N00636096EA024430261136
B1202254558723N00636089EA024400260960
B1202264558725N00636081EA024380260765
B1202274558727N00636073EA024370260669
B1202284558729N00636065EA024350260438
B1202294558731N00636058EA024330260311
B1202304558732N00636050EA024320260187
B1202314558734N00636043EA024300259952
B1202324558736N00636035EA024280259748
B1202334558738N00636028EA024260259662
B1202344558741N00636021EA024240259400
B1202354558743N00636013EA024230259307
B1202364558744N00636006EA024220259179
B1202374558746N00636000EA024220258992
B1202384558749N00635993EA024210258750
B1202394558752N00635985EA024190258535
B1202404558755N00635977EA024170258328
B1202414558758N00635970EA024150258205
B1202424558760N00635963EA024140258123
B1202434558762N00635956EA024120258013
B1202444558763N00635949EA024110257893
B1202454558766N00635942EA024090257503
B1202464558768N00635934EA024070257329
B1202474558770N00635928EA024050257180
B1202484558773N00635921EA024030256961
B1202494558776N00635914EA024000256764
B1202504558779N00635907EA023990256592
B1202514558783N00635900EA023960256336
B1202524558786N00635894EA023940256290
B1202534558790N00635887EA023930256116
B1202544558792N00635881EA023910255852
B1202554558794N00635874EA023890255651
B1202564558796N00635866EA023870255365
B1202574558799N00635859EA023850255162
B1202584558802N00635851EA023830254966
B1202594558805N00635844EA023810254830
B1203004558807N00635836EA023790254664
B1203014558809N00635829EA023780254560
B1203024558811N00635821EA023770254394
B1203034558814N00635813EA023760254257
B1203044558816N00635806EA023740254080
B1203054558818N00635798EA023730253970
B1203064558820N00635789EA023710253809
B1203074558821N00635781EA023700253649
B1203084558823N00635774EA023690253441
B1203094558825N00635766EA023670253291
B1203104558827N00635757EA023640253098
B1203114558829N00635749EA023620252817
B1203124558829N00635741EA023610252898
B1203134558830N00635734EA023590252656
B1203144558831N00635727EA023580252325
B1203154558832N00635720EA023560252010
B1203164558833N00635712EA023540251761
B1203174558834N00635703EA023510251497
B1203184558835N00635695EA023490251293
B1203194558836N00635687EA023460251122
B1203204558835N00635679EA023440251063
B1203214558834N00635671EA023430250995
B1203224558835N00635663EA023430250716
B1203234558836N00635655EA023420250618
B1203244558837N00635647EA023410250406
B1203254558837N00635639EA023400250284
B1203264558838N00635631EA023380250030
B1203274558838N00635622EA023370249996
B1203284558839N00635614EA023350249795
B1203294558840N00635606EA023330249662
B1203304558841N00635598EA023310249303
B1203314558841N00635589EA023290249127
B1203324558841N00635581EA023270248836
B1203334558841N00635573EA023240248641
B1203344558841N00635564EA023220248479
B1203354558841N00635556EA023190248287
B1203364558842N00635548EA023170248019
B1203374558843N00635540EA023150247808
B1203384558844N00635533EA023130247632
B1203394558845N00635525EA023110247475
B1203404558846N00635518EA023090247282
B1203414558847N00635511EA023080247070
B1203424558848N00635503EA023060246864
B1203434558850N00635495EA023040246532
B1203444558852N00635487EA023020246343
B1203454558854N00635479EA023000246168
B1203464558856N00635471EA022990245939
B1203474558857N00635464EA022970245781
B1203484558859N00635456EA022950245563
B1203494558862N00635448EA022920245303
B1203504558864N00635440EA022900245277
B1203514558867N00635433EA022890245120
B1203524558869N00635425EA022880245077
B1203534558872N00635418EA022870244825
B1203544558875N00635411EA022860244625
B1203554558877N00635404EA022850244498
B1203564558880N00635398EA022830244292
B1203574558884N00635391EA022820244006
B1203584558887N00635385EA022800243740
B1203594558891N00635377EA022770243529
B1204004558895N00635371EA022750243310
B1204014558899N00635364EA022720243124
B1204024558903N00635358EA022700243115
B1204034558906N00635352EA022690242959
B1204044558909N00635347EA022670242784
B1204054558913N00635341EA022650242447
B1204064558917N00635335EA022630242027
B1204074558921N00635329EA022600241706
B1204084558924N00635323EA022570241591
B1204094558928N00635316EA022550241386
B1204104558932N00635311EA022520241165
B1204114558936N00635306EA022500240963
B1204124558940N00635301EA022480240683
B1204134558944N00635295EA022450240381
B1204144558948N00635288EA022430239956
B1204154558952N00635282EA022400239691
B1204164558958N00635275EA022370239318
B1204174558963N00635269EA022340239277
B1204184558968N00635263EA022320239129
B1204194558972N00635258EA022320239110
B1204204558974N00635252EA022330239080
B1204214558976N00635245EA022320238938
B1204224558977N00635239EA022310238712
B1204234558976N00635232EA022300238591
B1204244558976N00635225EA022290238210
B1204254558974N00635217EA022270238157
B1204264558972N00635209EA022250238149
B1204274558970N00635202EA022240238238
B1204284558968N00635196EA022240238336
B1204294558966N00635191EA022250238312
B1204304558963N00635185EA022250238154
B1204314558960N00635178EA022250238098
B1204324558958N00635171EA022240237905
B1204334558954N00635164EA022230237875
B1204344558951N00635158EA022220237822
B1204354558947N00635154EA022210237700
B1204364558943N00635151EA022200237607
B1204374558938N00635149EA022190237654
B1204384558933N00635147EA022180237542
B1204394558928N00635143EA022170237518
B1204404558923N00635139EA022160237551
B1204414558919N00635134EA022170237541
B1204424558915N00635129EA022170237551
B1204434558911N00635123EA022170237539
B1204444558907N00635118EA022180237513
B1204454558903N00635112EA022170237542
B1204464558900N00635106EA022180237632
B1204474558897N00635100EA022180237736
B1204484558894N00635095EA022190237723
B1204494558891N00635090EA022190237601
B1204504558887N00635084EA022190237544
B1204514558884N00635078EA022190237604
B1204524558881N00635071EA022190237537
B1204534558878N00635064EA022180237566
B1204544558875N00635057EA022180237675
B1204554558872N00635051EA022190237691
B1204564558869N00635046EA022190237770
B1204574558865N00635043EA022190237645
B1204584558861N00635043EA022190237508
B1204594558856N00635046EA022190237493
B1205004558853N00635050EA022180237416
B1205014558850N00635055EA022170237315
B1205024558847N00635061EA022160237344
B1205034558844N00635067EA022160237262
B1205044558842N00635073EA022150237212
B1205054558839N00635079EA022150237270
B1205064558837N00635084EA022150237258
B1205074558835N00635091EA022150237162
B1205084558833N00635098EA022140237061
B1205094558831N00635105EA022140236930
B1205104558828N00635111EA022130237095
B1205114558826N00635117EA022130237095
B1205124558825N00635123EA022130237013
B1205134558823N00635129EA022130236954
B1205144558822N00635135EA022120236813
B1205154558819N00635141EA022110236787
B1205164558817N00635148EA022110236630
B1205174558814N00635153EA022100236659
B1205184558811N00635159EA022090236575
B1205194558809N00635164EA022080236417
B1205204558806N00635170EA022070236361
B1205214558804N00635175EA022060236218
B1205224558801N00635181EA022050236143
B1205234558798N00635186EA022040236089
B1205244558796N00635192EA022030235935
B1205254558793N00635197EA022020235844
B1205264558789N00635201EA022010235791
B1205274558785N00635202EA022000235594
B1205284558781N00635201EA021980235318
B1205294558776N00635200EA021970235112
B1205304558771N00635197EA021950234935
B1205314558766N00635194EA021930234833
B1205324558761N00635191EA021910234739
B1205334558756N00635189EA021900234768
B1205344558752N00635187EA021900234606
B1205354558747N00635184EA021900234535
B1205364558742N00635181EA021900234481
B1205374558738N00635177EA021900234446
B1205384558733N00635174EA021890234481
B1205394558729N00635170EA021880234313
B1205404558724N00635166EA021870234262
B1205414558720N00635161EA021870234289
B1205424558717N00635157EA021860234133
B1205434558714N00635152EA021850234017
B1205444558710N00635148EA021850233982
B1205454558707N00635143EA021840233738
B1205464558703N00635139EA021830233655
B1205474558700N00635135EA021820233520
B1205484558696N00635129EA021800233398
B1205494558693N00635124EA021780233265
B1205504558690N00635119EA021770233130
B1205514558687N00635113EA021760233109
B1205524558683N00635109EA021760233163
B1205534558680N00635104EA021760232949
B1205544558677N00635099EA021750232849
B1205554558674N00635094EA021740232746
B1205564558671N00635088EA021730232654
B1205574558668N00635082EA021720232580
B1205584558666N00635075EA021710232583
B1205594558665N00635068EA021700232427
B1206004558663N00635063EA021700232460
B1206014558661N00635058EA021700232403
B1206024558657N00635054EA021700232391
B1206034558654N00635049EA021700232195
B1206044558652N00635043EA021690232084
B1206054558652N00635036EA021680231906
B1206064558653N00635028EA021660231814
B1206074558654N00635020EA021640231760
B1206084558657N00635012EA021630231626
B1206094558659N00635006EA021620231680
B1206104558663N00635000EA021610231504
B1206114558666N00634994EA021610231466
B1206124558670N00634988EA021600231247
B1206134558674N00634982EA021590231131
B1206144558678N00634975EA021580231046
B1206154558682N00634969EA021570231074
B1206164558686N00634963EA021560230993
B1206174558691N00634957EA021550230806
B1206184558695N00634951EA021550230717
B1206194558699N00634945EA021540230657
B1206204558703N00634939EA021530230577
B1206214558708N00634933EA021520230417
B1206224558712N00634927EA021510230355
B1206234558716N00634920EA021500230269
B1206244558720N00634914EA021490230286
B1206254558724N00634908EA021490230277
B1206264558728N00634902EA021490230247
B1206274558731N00634896EA021500230463
B1206284558734N00634889EA021510230675
B1206294558737N00634883EA021520230851
B1206304558739N00634876EA021540230966
B1206314558741N00634870EA021550231019
B1206324558742N00634865EA021560231056
B1206334558744N00634860EA021570230947
B1206344558747N00634855EA021560230727
B1206354558750N00634850EA021550230695
B1206364558754N00634845EA021550230643
B1206374558757N00634839EA021540230759
B1206384558759N00634834EA021550230796
B1206394558762N00634828EA021550230805
B1206404558764N00634822EA021560230855
B1206414558767N00634816EA021560230938
B1206424558770N00634811EA021570230878
B1206434558774N00634807EA021570230733
B1206444558778N00634802EA021570230773
B1206454558783N00634796EA021560230739
B1206464558788N00634791EA021560230818
B1206474558792N00634787EA021570230952
B1206484558796N00634782EA021580231053
B1206494558800N00634776EA021590230907
B1206504558802N00634770EA021590230935
B1206514558803N00634764EA021580230932
B1206524558803N00634758EA021580230966
B1206534558803N00634753EA021580230947
B1206544558801N00634749EA021570230739
B1206554558797N00634746EA021560230538
B1206564558792N00634747EA021550230453
B1206574558789N00634753EA021540230400
B1206584558786N00634759EA021520230523
B1206594558784N00634765EA021520230791
B1207004558783N00634769EA021530230989
B1207014558782N00634773EA021540230989
B1207024558781N00634777EA021550230938
B1207034558779N00634782EA021560230908
B1207044558777N00634788EA021570231018
B1207054558775N00634794EA021580231149
B1207064558774N00634800EA021590231327
B1207074558773N00634806EA021600231440
B1207084558772N00634811EA021610231431
B1207094558771N00634816EA021610231301
B1207104558769N00634821EA021610231331
B1207114558767N00634826EA021600231463
B1207124558765N00634831EA021600231444
B1207134558763N00634835EA021610231539
B1207144558760N00634839EA021610231688
B1207154558758N00634843EA021620231679
B1207164558756N00634847EA021620231699
B1207174558755N00634852EA021630231731
B1207184558753N00634856EA021640231891
B1207194558752N00634860EA021650231973
B1207204558751N00634864EA021660232099
B1207214558751N00634869EA021670232159
B1207224558752N00634875EA021680232103
B1207234558753N00634880EA021680232118
B1207244558753N00634886EA021680232286
B1207254558754N00634893EA021680232330
B1207264558754N00634898EA021690232558
B1207274558755N00634903EA021700232727
B1207284558756N00634908EA021710232954
B1207294558758N00634913EA021730233152
B1207304558761N00634918EA021750233290
B1207314558765N00634922EA021760233386
B1207324558770N00634926EA021780233641
B1207334558775N00634928EA021800233803
B1207344558778N00634930EA021830234091
B1207354558782N00634932EA021840234067
B1207364558786N00634935EA021850234037
B1207374558789N00634939EA021850234157
B1207384558789N00634944EA021850234061
B1207394558787N00634948EA021850233896
B1207404558783N00634950EA021840233529
B1207414558777N00634948EA021820233345
B1207424558772N00634943EA021800233339
B1207434558768N00634938EA021790233560
B1207444558766N00634932EA021790233738
B1207454558764N00634927EA021810233889
B1207464558763N00634923EA021820233864
B1207474558761N00634918EA021830233993
B1207484558760N00634912EA021840234050
B1207494558759N00634905EA021860234232
B1207504558758N00634898EA021870234558
B1207514558758N00634893EA021900234710
B1207524558758N00634887EA021920235033
B1207534558759N00634881EA021940235222
B1207544558761N00634875EA021970235448
B1207554558764N00634871EA021990235631
B1207564558767N00634866EA022010235954
B1207574558769N00634862EA022030236093
B1207584558771N00634858EA022050236148
B1207594558771N00634854EA022060236190
B1208004558771N00634847EA022050236009
B1208014558768N00634842EA022050236012
B1208024558762N00634840EA022050236068
B1208034558757N00634844EA022050235960
B1208044558754N00634852EA022040235784
B1208054558756N00634862EA022040235803
B1208064558759N00634871EA022030236017
B1208074558763N00634877EA022040236476
B1208084558768N00634881EA022050236802
B1208094558772N00634885EA022070237033
B1208104558776N00634889EA022090237191
B1208114558781N00634893EA022110237145
B1208124558785N00634900EA022130237142
B1208134558786N00634908EA022140237286
B1208144558784N00634915EA022160237231
B1208154558779N00634918EA022160236921
B1208164558773N00634916EA022150236857
B1208174558769N00634912EA022140237322
B1208184558767N00634906EA022160237737
B1208194558766N00634901EA022180237987
B1208204558766N00634896EA022200238244
B1208214558766N00634891EA022220238492
B1208224558768N00634885EA022250238668
B1208234558771N00634880EA022270238854
B1208244558775N00634876EA022290239014
B1208254558778N00634873EA022320239252
B1208264558781N00634870EA022340239450
B1208274558784N00634866EA022370239719
B1208284558787N00634863EA022400239929
B1208294558790N00634861EA022420240141
B1208304558793N00634857EA022440240377
B1208314558796N00634853EA022460240658
B1208324558799N00634850EA022490240821
B1208334558801N00634845EA022510241027
B1208344558801N00634840EA022530241262
B1208354558799N00634834EA022550241347
B1208364558794N00634832EA022550241372
B1208374558790N00634833EA022550241228
B1208384558786N00634841EA022550241172
B1208394558786N00634850EA022540241251
B1208404558789N00634858EA022540241339
B1208414558793N00634864EA022530241599
B1208424558798N00634869EA022540241885
B1208434558803N00634873EA022560242020
B1208444558807N00634876EA022580242403
B1208454558810N00634879EA022610242725
B1208464558813N00634881EA022640242837
B1208474558816N00634884EA022660242844
B1208484558819N00634888EA022680242819
B1208494558821N00634895EA022670242615
B1208504558821N00634902EA022670242412
B1208514558818N00634908EA022660242343
B1208524558813N00634910EA022640242119
B1208534558808N00634909EA022630242003
B1208544558804N00634902EA022630242399
B1208554558804N00634895EA022640242867
B1208564558804N00634891EA022660243159
B1208574558803N00634889EA022690243316
B1208584558801N00634887EA022710243359
B1208594558800N00634884EA022730243315
B1209004558799N00634879EA022750243481
B1209014558800N00634872EA022760243744
B1209024558802N00634866EA022780244117
B1209034558804N00634863EA022800244452
B1209044558806N00634860EA022830244691
B1209054558809N00634858EA022850244852
B1209064558812N00634856EA022880244983
B1209074558817N00634854EA022890245022
B1209084558821N00634851EA022900245199
B1209094558826N00634849EA022900245458
B1209104558830N00634848EA022920245750
B1209114558834N00634846EA022940245810
B1209124558837N00634843EA022950245620
B1209134558839N00634838EA022950245324
B1209144558838N00634832EA022930245140
B1209154558835N00634828EA022920244922
B1209164558830N00634828EA022900244717
B1209174558825N00634834EA022880244720
B1209184558821N00634839EA022860244889
B1209194558819N00634848EA022860245174
B1209204558819N00634856EA022880245372
B1209214558821N00634863EA022890245433
B1209224558823N00634869EA022910245559
B1209234558824N00634877EA022920245586
B1209244558823N00634886EA022930245543
B1209254558819N00634893EA022940245320
B1209264558814N00634894EA022940245344
B1209274558810N00634892EA022950245626
B1209284558808N00634889EA022960246002
B1209294558807N00634884EA022980246389
B1209304558809N00634880EA023000246607
B1209314558811N00634876EA023030246882
B1209324558816N00634874EA023050247013
B1209334558821N00634876EA023080247261
B1209344558826N00634881EA023100247381
B1209354558829N00634889EA023120247575
B1209364558828N00634897EA023140247534
B1209374558823N00634901EA023150247589
B1209384558818N00634900EA023140247536
B1209394558815N00634895EA023150247985
B1209404558815N00634889EA023160248357
B1209414558817N00634885EA023190248857
B1209424558820N00634883EA023210248967
B1209434558824N00634882EA023240249097
B1209444558829N00634882EA023270249266
B1209454558834N00634885EA023290249347
B1209464558837N00634892EA023310249442
B1209474558838N00634899EA023330249506
B1209484558836N00634905EA023330249627
B1209494558832N00634910EA023340249871
B1209504558828N00634910EA023350249912
B1209514558823N00634906EA023360250194
B1209524558822N00634900EA023370250430
B1209534558823N00634893EA023400250730
B1209544558825N00634887EA023420251057
B1209554558828N00634885EA023440251252
B1209564558832N00634884EA023470251334
B1209574558836N00634884EA023490251468
B1209584558841N00634888EA023510251592
B1209594558845N00634893EA023520251743
B1210004558846N00634899EA023530251812
B1210014558845N00634905EA023540251907
B1210024558842N00634911EA023550251915
B1210034558837N00634915EA023550252083
B1210044558833N00634915EA023550252020
B1210054558829N00634909EA023560252204
B1210064558828N00634902EA023570252622
B1210074558828N00634896EA023590253189
B1210084558828N00634893EA023620253363
B1210094558827N00634891EA023650253494
B1210104558827N00634889EA023670253330
B1210114558827N00634884EA023680253109
B1210124558828N00634879EA023680253011
B1210134558830N00634873EA023670252981
B1210144558834N00634869EA023660253071
B1210154558839N00634866EA023660253228
B1210164558843N00634866EA023670253475
B1210174558847N00634868EA023680253660
B1210184558850N00634871EA023690253648
B1210194558852N00634878EA023700253660
B1210204558852N00634884EA023710253788
B1210214558850N00634890EA023720253998
B1210224558847N00634893EA023730253906
B1210234558841N00634892EA023730253837
B1210244558835N00634889EA023730253950
B1210254558831N00634883EA023730254398
B1210264558831N00634877EA023750254748
B1210274558832N00634873EA023770254690
B1210284558836N00634869EA023790254523
B1210294558841N00634867EA023790254512
B1210304558845N00634867EA023800254673
B1210314558850N00634868EA023800254839
B1210324558854N00634870EA023810255087
B1210334558859N00634872EA023830255220
B1210344558863N00634872EA023840255373
B1210354558868N00634873EA023860255315
B1210364558871N00634876EA023870255373
B1210374558873N00634882EA023880255361
B1210384558874N00634889EA023880255204
B1210394558872N00634896EA023880255344
B1210404558869N00634902EA023880255420
B1210414558864N00634904EA023880255521
B1210424558859N00634902EA023890255539
B1210434558855N00634899EA023890255621
B1210444558852N00634893EA023900255747
B1210454558851N00634887EA023910256084
B1210464558853N00634880EA023920256128
B1210474558856N00634874EA023930256207
B1210484558859N00634868EA023950256350
B1210494558862N00634861EA023960256598
B1210504558865N00634856EA023980256785
B1210514558868N00634851EA023990256724
B1210524558869N00634845EA024000256795
B1210534558871N00634839EA024010256810
B1210544558871N00634832EA024010256953
B1210554558872N00634826EA024010257031
B1210564558873N00634820EA024020257036
B1210574558874N00634815EA024020257031
B1210584558875N00634809EA024030257043
B1210594558877N00634802EA024040257218
B1211004558878N00634795EA024050257567
B1211014558880N00634788EA024060257853
B1211024558881N00634781EA024080258192
B1211034558883N00634774EA024110258404
B1211044558884N00634767EA024140258827
B1211054558885N00634761EA024170259123
B1211064558886N00634754EA024210259415
B1211074558887N00634748EA024250259834
B1211084558888N00634742EA024290260136
B1211094558889N00634737EA024320260516
B1211104558890N00634732EA024360260706
B1211114558890N00634728EA024390260870
B1211124558891N00634723EA024400260808
B1211134558890N00634719EA024390260639
B1211144558888N00634715EA024380260500
B1211154558884N00634708EA024370260436
B1211164558880N00634704EA024370260602
B1211174558875N00634703EA024380260853
B1211184558870N00634708EA024390260811
B1211194558865N00634715EA024390260741
B1211204558863N00634724EA024390260726
B1211214558863N00634733EA024390260776
B1211224558866N00634740EA024380260791
B1211234558871N00634742EA024380260574
B1211244558875N00634738EA024370260435
B1211254558876N00634730EA024360260469
B1211264558875N00634723EA024350260667
B1211274558874N00634717EA024360260960
B1211284558874N00634711EA024370261243
B1211294558875N00634705EA024390261350
B1211304558877N00634698EA024410261453
B1211314558879N00634692EA024430261635
B1211324558881N00634686EA024440261707
B1211334558882N00634680EA024460261985
B1211344558884N00634674EA024490262257
B1211354558886N00634668EA024510262436
B1211364558888N00634663EA024530262322
B1211374558889N00634657EA024530262299
B1211384558891N00634652EA024520262067
B1211394558893N00634646EA024510261812
B1211404558892N00634639EA024490261782
B1211414558890N00634634EA024480261700
B1211424558886N00634629EA024470261747
B1211434558883N00634625EA024460261705
B1211444558880N00634620EA024450261626
B1211454558878N00634614EA024450261616
B1211464558876N00634608EA024450261653
B1211474558875N00634602EA024450261693
B1211484558875N00634596EA024450261676
B1211494558875N00634590EA024450261559
B1211504558875N00634585EA024450261542
B1211514558874N00634580EA024440261490
B1211524558873N00634575EA024440261363
B1211534558871N00634570EA024430261183
B1211544558869N00634565EA024420260992
B1211554558868N00634559EA024400260689
B1211564558867N00634554EA024370260372
B1211574558866N00634547EA024340259944
B1211584558864N00634540EA024310259680
B1211594558863N00634531EA024270259329
B1212004558861N00634524EA024240259264
B1212014558859N00634517EA024210259179
B1212024558857N00634512EA024200259036
B1212034558854N00634506EA024190258889
B1212044558852N00634500EA024190258769
B1212054558850N00634494EA024180258584
B1212064558849N00634487EA024170258445
B1212074558848N00634481EA024160258320
B1212084558846N00634474EA024140258152
B1212094558844N00634467EA024130257943
B1212104558841N00634460EA024110257895
B1212114558839N00634453EA024090257799
B1212124558837N00634447EA024080257687
B1212134558835N00634441EA024070257426
B1212144558831N00634434EA024050257299
B1212154558828N00634427EA024030257066
B1212164558825N00634420EA024020257093
B1212174558823N00634413EA024020257096
B1212184558822N00634407EA024020257008
B1212194558819N00634402EA024020256825
B1212204558815N00634397EA024010256772
B1212214558812N00634391EA024000256619
B1212224558808N00634386EA023980256579
B1212234558805N00634381EA023970256437
B1212244558801N00634377EA023960256273
B1212254558798N00634372EA023950256116
B1212264558794N00634368EA023930255961
B1212274558791N00634363EA023920255702
B1212284558787N00634358EA023900255640
B1212294558783N00634352EA023880255588
B1212304558780N00634347EA023860255428
B1212314558776N00634343EA023850255282
B1212324558773N00634338EA023840255155
B1212334558769N00634333EA023820254996
B1212344558766N00634328EA023810254704
B1212354558761N00634323EA023790254698
B1212364558757N00634319EA023780254565
B1212374558753N00634315EA023770254352
B1212384558749N00634310EA023760254266
B1212394558746N00634305EA023750254006
B1212404558742N00634300EA023730253855
B1212414558738N00634295EA023720253795
B1212424558735N00634290EA023700253555
B1212434558732N00634285EA023680253336
B1212444558729N00634280EA023660253147
B1212454558726N00634275EA023640252848
B1212464558723N00634270EA023620252645
B1212474558721N00634264EA023600252418
B1212484558718N00634258EA023580252369
B1212494558715N00634253EA023560252186
B1212504558712N00634248EA023540251962
B1212514558709N00634242EA023520251878
B1212524558707N00634237EA023520251717
B1212534558704N00634232EA023510251669
B1212544558701N00634228EA023500251383
B1212554558698N00634223EA023490251067
B1212564558695N00634218EA023470250839
B1212574558691N00634213EA023440250567
B1212584558687N00634208EA023420250282
B1212594558684N00634202EA023390250137
B1213004558681N00634197EA023370249902
B1213014558678N00634191EA023350249716
B1213024558675N00634186EA023320249540
B1213034558672N00634180EA023300249291
B1213044558670N00634174EA023270248941
B1213054558667N00634167EA023250248680
B1213064558665N00634159EA023220248334
B1213074558663N00634151EA023190248137
B1213084558661N00634144EA023160247971
B1213094558659N00634136EA023140247877
B1213104558657N00634129EA023130247647
B1213114558655N00634122EA023130247537
B1213124558653N00634115EA023120247336
B1213134558650N00634108EA023110247284
B1213144558647N00634100EA023100247089
B1213154558644N00634094EA023080246913
B1213164558639N00634088EA023070246998
B1213174558635N00634084EA023060246826
B1213184558630N00634080EA023040246616
B1213194558625N00634077EA023030246532
B1213204558620N00634074EA023020246343
B1213214558614N00634071EA023000246299
B1213224558608N00634070EA022990246074
B1213234558602N00634069EA022980245997
B1213244558596N00634068EA022960245889
B1213254558590N00634068EA022950245790
B1213264558584N00634067EA022940245590
B1213274558578N00634066EA022940245443
B1213284558571N00634066EA022920245229
B1213294558564N00634068EA022910245202
B1213304558557N00634069EA022910245311
B1213314558550N00634069EA022910245489
B1213324558544N00634070EA022920245482
B1213334558538N00634071EA022920245353
B1213344558532N00634073EA022920245201
B1213354558525N00634075EA022910245122
B1213364558518N00634077EA022900245130
B1213374558511N00634078EA022900245164
B1213384558505N00634079EA022900245123
B1213394558498N00634080EA022900245193
B1213404558492N00634081EA022890245044
B1213414558485N00634082EA022890244949
B1213424558478N00634084EA022880244906
B1213434558471N00634086EA022880244914
B1213444558464N00634088EA022870245089
B1213454558458N00634091EA022880245048
B1213464558452N00634093EA022880244906
B1213474558445N00634094EA022870244946
B1213484558438N00634094EA022880244974
B1213494558431N00634093EA022880245092
B1213504558425N00634091EA022880244931
B1213514558419N00634087EA022880244829
B1213524558412N00634082EA022880244875
B1213534558406N00634075EA022870245057
B1213544558401N00634068EA022890245522
B1213554558396N00634061EA022920246444
B1213564558392N00634056EA022970247045
B1213574558388N00634052EA023030247697
B1213584558385N00634049EA023090248176
B1213594558381N00634046EA023150248599
B1214004558377N00634046EA023210248956
B1214014558373N00634048EA023270249312
B1214024558370N00634050EA023330249851
B1214034558370N00634051EA023380250328
B1214044558372N00634053EA023420250565
B1214054558377N00634051EA023450250762
B1214064558381N00634044EA023470251083
B1214074558384N00634036EA023500251620
B1214084558383N00634028EA023530252143
B1214094558380N00634025EA023570252480
B1214104558377N00634024EA023600252531
B1214114558373N00634028EA023610252667
B1214124558373N00634037EA023630253100
B1214134558375N00634043EA023650253888
B1214144558380N00634048EA023700254591
B1214154558384N00634048EA023750255259
B1214164558386N00634046EA023820255765
B1214174558386N00634042EA023870256077
B1214184558384N00634036EA023920256147
B1214194558381N00634031EA023970256672
B1214204558376N00634030EA024020257189
B1214214558371N00634035EA024070257353
B1214224558368N00634042EA024110257789
B1214234558368N00634051EA024150258454
B1214244558369N00634055EA024200259160
B1214254558370N00634055EA024250259693
B1214264558373N00634052EA024290259902
B1214274558374N00634045EA024290260039
B1214284558372N00634038EA024300260375
B1214294558368N00634031EA024330260767
B1214304558363N00634027EA024360261322
B1214314558359N00634026EA024410262025
B1214324558356N00634028EA024460262506
B1214334558355N00634032EA024510262615
B1214344558356N00634038EA024550262932
B1214354558359N00634043EA024600263475
B1214364558362N00634045EA024650264096
B1214374558366N00634042EA024700264505
B1214384558368N00634037EA024750265040
B1214394558369N00634030EA024810265568
B1214404558368N00634025EA024860266185
B1214414558366N00634023EA024910266472
B1214424558363N00634021EA024950266738
B1214434558359N00634023EA024970266943
B1214444558356N00634028EA024990267403
B1214454558355N00634035EA025020267952
B1214464558357N00634041EA025060268592
B1214474558362N00634043EA025100269165
B1214484558365N00634041EA025150269452
B1214494558366N00634036EA025200269575
B1214504558366N00634030EA025240269860
B1214514558364N00634024EA025280270374
B1214524558361N00634021EA025320270965
B1214534558358N00634021EA025360271338
B1214544558355N00634026EA025400271621
B1214554558354N00634032EA025440271956
B1214564558356N00634038EA025480272389
B1214574558361N00634043EA025520272844
B1214584558364N00634043EA025550273347
B1214594558367N00634041EA025590273714
B1215004558368N00634037EA025640274134
B1215014558367N00634032EA025670274396
B1215024558365N00634028EA025700274645
B1215034558361N00634026EA025720274877
B1215044558356N00634028EA025740275282
B1215054558352N00634030EA025760275728
B1215064558349N00634035EA025800276175
B1215074558349N00634040EA025830276451
B1215084558351N00634045EA025860276625
B1215094558353N00634050EA025890276990
B1215104558358N00634052EA025920277214
B1215114558362N00634052EA025950277571
B1215124558366N00634048EA025980277819
B1215134558367N00634043EA026010278067
B1215144558366N00634037EA026040278286
B1215154558364N00634031EA026060278538
B1215164558360N00634028EA026090279037
B1215174558355N00634028EA026110279404
B1215184558350N00634029EA026150279749
B1215194558346N00634033EA026180280076
B1215204558344N00634037EA026210280288
B1215214558343N00634042EA026240280364
B1215224558344N00634048EA026250280506
B1215234558348N00634054EA026250280512
B1215244558353N00634055EA026250280613
B1215254558358N00634052EA026260280925
B1215264558361N00634046EA026270281337
B1215274558362N00634039EA026300281916
B1215284558360N00634033EA026340282231
B1215294558357N00634027EA026380282619
B1215304558353N00634024EA026420282841
B1215314558350N00634022EA026460282915
B1215324558347N00634024EA026480282742
B1215334558345N00634028EA026470282425
B1215344558343N00634034EA026450282147
B1215354558343N00634042EA026440282070
B1215364558348N00634048EA026420282101
B1215374558354N00634050EA026410282165
B1215384558362N00634050EA026400282312
B1215394558368N00634048EA026410283006
B1215404558373N00634046EA026450283604
B1215414558376N00634045EA026490284085
B1215424558380N00634045EA026540284347
B1215434558384N00634046EA026580284614
B1215444558387N00634045EA026620284788
B1215454558391N00634043EA026660284852
B1215464558394N00634038EA026680285098
B1215474558397N00634033EA026710285225
B1215484558398N00634028EA026730285680
B1215494558399N00634022EA026750285876
B1215504558400N00634017EA026770286021
B1215514558400N00634011EA026780286012
B1215524558399N00634005EA026780286183
B1215534558398N00633998EA026790286393
B1215544558397N00633991EA026790286481
B1215554558395N00633982EA026810286699
B1215564558393N00633975EA026820286944
B1215574558390N00633968EA026840287052
B1215584558387N00633961EA026860287208
B1215594558383N00633956EA026880287240
B1216004558378N00633950EA026900287297
B1216014558374N00633945EA026900287273
B1216024558370N00633940EA026890287302
B1216034558365N00633935EA026900287543
B1216044558360N00633930EA026910287981
B1216054558356N00633924EA026930288206
B1216064558350N00633920EA026960288690
B1216074558346N00633916EA026990288902
B1216084558341N00633913EA027020289130
B1216094558337N00633910EA027050289202
B1216104558332N00633907EA027080289222
B1216114558326N00633903EA027090289253
B1216124558319N00633899EA027090289488
B1216134558313N00633896EA027100289879
B1216144558308N00633893EA027120290446
B1216154558304N00633890EA027150290832
B1216164558300N00633886EA027200291233
B1216174558297N00633882EA027230291455
B1216184558294N00633878EA027260291383
B1216194558292N00633874EA027290291305
B1216204558288N00633871EA027280291282
B1216214558285N00633868EA027270291074
B1216224558282N00633865EA027260290844
B1216234558278N00633862EA027240290543
B1216244558273N00633859EA027220290382
B1216254558269N00633855EA027200290127
B1216264558264N00633852EA027180290091
B1216274558260N00633848EA027160289957
B1216284558256N00633845EA027140289737
B1216294558251N00633843EA027130289570
B1216304558246N00633839EA027110289496
B1216314558242N00633836EA027100289332
B1216324558237N00633833EA027090289270
B1216334558233N00633829EA027090289229
B1216344558228N00633827EA027090289181
B1216354558224N00633824EA027080289043
B1216364558219N00633821EA027070288998
B1216374558215N00633819EA027060288734
B1216384558210N00633817EA027050288663
B1216394558205N00633815EA027030288495
B1216404558201N00633814EA027020288210
B1216414558196N00633812EA027000288025
B1216424558191N00633810EA026980287926
B1216434558186N00633808EA026950287753
B1216444558181N00633805EA026930287595
B1216454558177N00633801EA026910287478
B1216464558173N00633798EA026890287271
B1216474558169N00633794EA026880287079
B1216484558165N00633792EA026860286950
B1216494558161N00633788EA026840286708
B1216504558156N00633785EA026830286653
B1216514558151N00633782EA026830286683
B1216524558146N00633780EA026830286690
B1216534558142N00633778EA026820286524
B1216544558137N00633777EA026820286475
B1216554558133N00633776EA026810286340
B1216564558128N00633774EA026810286392
B1216574558124N00633772EA026800286236
B1216584558119N00633771EA026790286153
B1216594558114N00633770EA026780285974
B1217004558109N00633768EA026770285788
B1217014558105N00633766EA026750285624
B1217024558100N00633763EA026730285578
B1217034558096N00633761EA026720285368
B1217044558092N00633759EA026710285257
B1217054558088N00633757EA026690285150
B1217064558084N00633754EA026680285053
B1217074558080N00633751EA026680285047
B1217084558076N00633749EA026680285095
B1217094558073N00633747EA026680284959
B1217104558069N00633745EA026670284799
B1217114558065N00633743EA026660284598
B1217124558061N00633741EA026650284458
B1217134558057N00633739EA026640284318
B1217144558053N00633737EA026620284325
B1217154558049N00633734EA026610284269
B1217164558045N00633732EA026600284163
B1217174558041N00633729EA026590284028
B1217184558036N00633727EA026580283976
B1217194558032N00633725EA026570283832
B1217204558028N00633723EA026560283731
B1217214558023N00633721EA026540283580
B1217224558019N00633719EA026530283441
B1217234558015N00633716EA026520283217
B1217244558010N00633714EA026500283080
B1217254558006N00633711EA026490282960
B1217264558002N00633708EA026480282941
B1217274557998N00633704EA026470282858
B1217284557994N00633701EA026470282760
B1217294557990N00633697EA026470282684
B1217304557986N00633693EA026460282686
B1217314557983N00633689EA026460282519
B1217324557979N00633685EA026450282559
B1217334557976N00633682EA026450282520
B1217344557973N00633678EA026440282405
B1217354557969N00633675EA026430282232
B1217364557965N00633671EA026420282036
B1217374557961N00633668EA026400281832
B1217384557957N00633664EA026390281703
B1217394557952N00633660EA026370281679
B1217404557948N00633658EA026360281646
B1217414557944N00633656EA026350281623
B1217424557939N00633653EA026350281588
B1217434557935N00633651EA026350281541
B1217444557930N00633648EA026350281692
B1217454557926N00633646EA026350281640
B1217464557921N00633644EA026360281688
B1217474557916N00633643EA026360281698
B1217484557911N00633642EA026360281585
B1217494557906N00633641EA026360281642
B1217504557901N00633640EA026360281741
B1217514557896N00633639EA026370281843
B1217524557891N00633638EA026370281936
B1217534557886N00633637EA026380281936
B1217544557881N00633635EA026390282017
B1217554557875N00633633EA026390282098
B1217564557870N00633632EA026400282196
B1217574557866N00633631EA026400282106
B1217584557861N00633630EA026410282231
B1217594557856N00633627EA026410282267
B1218004557852N00633625EA026420282320
B1218014557847N00633622EA026430282335
B1218024557842N00633620EA026430282453
B1218034557838N00633618EA026430282414
B1218044557834N00633616EA026430282506
B1218054557829N00633615EA026440282594
B1218064557825N00633614EA026440282585
B1218074557821N00633613EA026440282434
B1218084557816N00633611EA026440282356
B1218094557811N00633609EA026430282340
B1218104557806N00633606EA026430282552
B1218114557802N00633604EA026440282633
B1218124557798N00633603EA026440282666
B1218134557794N00633602EA026450282777
B1218144557790N00633600EA026460282778
B1218154557786N00633598EA026460282732
B1218164557781N00633595EA026460282888
B1218174557777N00633594EA026470282922
B1218184557772N00633592EA026480283186
B1218194557768N00633591EA026490283221
B1218204557763N00633589EA026500283248
B1218214557758N00633587EA026500283228
B1218224557753N00633585EA026510283338
B1218234557748N00633583EA026520283458
B1218244557743N00633582EA026520283492
B1218254557739N00633581EA026530283440
B1218264557734N00633579EA026530283385
B1218274557730N00633577EA026520283337
B1218284557725N00633575EA026520283384
B1218294557721N00633573EA026520283261
B1218304557717N00633571EA026510283123
B1218314557712N00633569EA026500283049
B1218324557707N00633568EA026490282946
B1218334557702N00633567EA026490282922
B1218344557697N00633565EA026480282846
B1218354557692N00633563EA026470282895
B1218364557688N00633561EA026460282720
B1218374557683N00633558EA026460282654
B1218384557678N00633556EA026450282570
B1218394557674N00633553EA026440282417
B1218404557669N00633551EA026430282250
B1218414557664N00633548EA026420282093
B1218424557660N00633545EA026400281949
B1218434557656N00633543EA026390281706
B1218444557651N00633541EA026370281610
B1218454557645N00633539EA026360281583
B1218464557640N00633537EA026340281428
B1218474557634N00633536EA026340281484
B1218484557629N00633534EA026340281496
B1218494557624N00633532EA026330281289
B1218504557619N00633531EA026330281163
B1218514557614N00633529EA026320281034
B1218524557609N00633526EA026310281068
B1218534557605N00633523EA026300281058
B1218544557601N00633522EA026290280960
B1218554557596N00633520EA026280280894
B1218564557591N00633518EA026270280758
B1218574557586N00633517EA026270280711
B1218584557581N00633515EA026270280939
B1218594557577N00633514EA026280281107
B1219004557573N00633513EA026290281134
B1219014557569N00633511EA026290281034
B1219024557565N00633509EA026290280911
B1219034557560N00633506EA026280280726
B1219044557555N00633504EA026280280711
B1219054557550N00633502EA026270280712
B1219064557545N00633500EA026260280749
B1219074557540N00633499EA026260280671
B1219084557536N00633497EA026260280504
B1219094557531N00633495EA026250280459
B1219104557526N00633494EA026240280270
B1219114557521N00633492EA026230280091
B1219124557517N00633490EA026210279922
B1219134557512N00633488EA026200279872
B1219144557508N00633485EA026190279766
B1219154557504N00633482EA026170279595
B1219164557501N00633479EA026160279352
B1219174557498N00633475EA026140279207
B1219184557494N00633472EA026120279043
B1219194557490N00633468EA026110279088
B1219204557487N00633465EA026100279045
B1219214557484N00633463EA026100278926
B1219224557481N00633461EA026100278868
B1219234557478N00633459EA026090278589
B1219244557475N00633457EA026080278356
B1219254557471N00633455EA026060278091
B1219264557468N00633452EA026040277843
B1219274557464N00633448EA026010277758
B1219284557460N00633445EA026000277762
B1219294557457N00633440EA025990277917
B1219304557454N00633436EA026000278147
B1219314557451N00633433EA026010278252
B1219324557448N00633430EA026020278202
B1219334557443N00633427EA026030278148
B1219344557439N00633425EA026020277912
B1219354557434N00633421EA026020277933
B1219364557429N00633417EA026010277972
B1219374557425N00633413EA026010278164
B1219384557421N00633410EA026020278484
B1219394557418N00633407EA026040278629
B1219404557414N00633405EA026050278657
B1219414557410N00633403EA026070278755
B1219424557406N00633400EA026080278803
B1219434557401N00633397EA026090278944
B1219444557396N00633394EA026110279176
B1219454557392N00633391EA026120279429
B1219464557387N00633388EA026140279786
B1219474557383N00633384EA026170279966
B1219484557379N00633380EA026190280286
B1219494557375N00633376EA026220280499
B1219504557371N00633373EA026240280588
B1219514557367N00633369EA026260280629
B1219524557362N00633365EA026270280663
B1219534557358N00633358EA026270280806
B1219544557354N00633352EA026290281201
B1219554557351N00633347EA026310281760
B1219564557351N00633341EA026340281957
B1219574557352N00633336EA026370282070
B1219584557354N00633329EA026390281988
B1219594557358N00633324EA026400281814
B1220004557363N00633321EA026400281629
B1220014557369N00633324EA026390281402
B1220024557372N00633331EA026370281369
B1220034557373N00633341EA026350281221
B1220044557371N00633349EA026340281330
B1220054557366N00633353EA026330281583
B1220064557362N00633354EA026340281928
B1220074557358N00633354EA026360282214
B1220084557355N00633354EA026380282412
B1220094557352N00633354EA026410282536
B1220104557348N00633355EA026430282654
B1220114557344N00633357EA026450282611
B1220124557339N00633357EA026460282831
B1220134557335N00633354EA026490283257
B1220144557333N00633349EA026510283425
B1220154557332N00633343EA026530283431
B1220164557334N00633335EA026560283519
B1220174557337N00633330EA026570283677
B1220184557343N00633329EA026570283615
B1220194557348N00633332EA026560283343
B1220204557350N00633339EA026550283293
B1220214557350N00633348EA026540283358
B1220224557347N00633355EA026540283697
B1220234557342N00633358EA026540283983
B1220244557337N00633357EA026560284177
B1220254557333N00633354EA026580284456
B1220264557330N00633349EA026600284658
B1220274557329N00633343EA026620284712
B1220284557329N00633336EA026640284936
B1220294557331N00633330EA026670285037
B1220304557334N00633325EA026680285047
B1220314557338N00633322EA026680284850
B1220324557343N00633320EA026670284634
B1220334557348N00633321EA026660284358
B1220344557352N00633326EA026640283948
B1220354557353N00633335EA026620283684
B1220364557351N00633344EA026590283520
B1220374557345N00633350EA026570283886
B1220384557339N00633354EA026560284195
B1220394557334N00633356EA026580284602
B1220404557329N00633357EA026610285034
B1220414557324N00633357EA026640285375
B1220424557320N00633357EA026680285619
B1220434557315N00633357EA026710285858
B1220444557310N00633358EA026740286172
B1220454557306N00633358EA026780286411
B1220464557301N00633357EA026810286733
B1220474557296N00633356EA026840287065
B1220484557292N00633355EA026870287225
B1220494557288N00633353EA026900287333
B1220504557286N00633348EA026910287202
B1220514557285N00633341EA026900286992
B1220524557288N00633333EA026880286858
B1220534557292N00633330EA026870286773
B1220544557297N00633330EA026860286494
B1220554557302N00633335EA026840286297
B1220564557305N00633343EA026820286299
B1220574557306N00633352EA026810286449
B1220584557304N00633361EA026810286648
B1220594557300N00633369EA026820287079
B1221004557296N00633376EA026840287365
B1221014557293N00633382EA026870287730
B1221024557290N00633387EA026900288073
B1221034557287N00633392EA026930288240
B1221044557283N00633396EA026960288444
B1221054557278N00633400EA026990288581
B1221064557273N00633402EA027020288671
B1221074557269N00633400EA027040288714
B1221084557265N00633395EA027060288751
B1221094557262N00633389EA027050288762
B1221104557259N00633383EA027040288766
B1221114557255N00633378EA027040288637
B1221124557250N00633374EA027030288524
B1221134557244N00633370EA027030288418
B1221144557237N00633367EA027020288455
B1221154557231N00633364EA027020288660
B1221164557226N00633359EA027020288899
B1221174557222N00633356EA027030288956
B1221184557218N00633354EA027040288903
B1221194557213N00633352EA027050288808
B1221204557207N00633350EA027040288837
B1221214557202N00633347EA027040288714
B1221224557197N00633343EA027040288737
B1221234557192N00633339EA027030288677
B1221244557188N00633335EA027020288507
B1221254557183N00633331EA027020288451
B1221264557179N00633325EA027010288336
B1221274557174N00633319EA027000288377
B1221284557169N00633313EA027000288596
B1221294557165N00633307EA027010288877
B1221304557161N00633302EA027030289094
B1221314557157N00633298EA027050289280
B1221324557153N00633294EA027060289160
B1221334557149N00633289EA027070289025
B1221344557144N00633283EA027060288835
B1221354557139N00633276EA027050288666
B1221364557134N00633269EA027040288693
B1221374557130N00633262EA027030288868
B1221384557126N00633257EA027040288925
B1221394557122N00633252EA027040288816
B1221404557118N00633247EA027040288681
B1221414557115N00633240EA027030288356
B1221424557111N00633233EA027010288137
B1221434557106N00633227EA026990287970
B1221444557102N00633220EA026970287811
B1221454557098N00633213EA026960287814
B1221464557094N00633206EA026950287828
B1221474557090N00633200EA026950287827
B1221484557085N00633194EA026950287854
B1221494557080N00633188EA026950287993
B1221504557076N00633181EA026960288069
B1221514557072N00633175EA026960288083
B1221524557069N00633168EA026970288218
B1221534557065N00633162EA026980288433
B1221544557060N00633156EA027000288584
B1221554557056N00633150EA027020288720
B1221564557051N00633143EA027040288756
B1221574557046N00633137EA027050288851
B1221584557041N00633130EA027070288947
B1221594557036N00633125EA027080289271
B1222004557032N00633119EA027100289547
B1222014557028N00633115EA027120289843
B1222024557024N00633111EA027140289930
B1222034557020N00633106EA027170290119
B1222044557015N00633102EA027180290184
B1222054557011N00633097EA027190290294
B1222064557007N00633091EA027190290378
B1222074557003N00633086EA027200290555
B1222084556999N00633081EA027210290753
B1222094556995N00633076EA027220290942
B1222104556991N00633071EA027240291107
B1222114556986N00633066EA027260291149
B1222124556981N00633061EA027270291278
B1222134556976N00633056EA027290291377
B1222144556972N00633051EA027300291525
B1222154556967N00633046EA027320291688
B1222164556963N00633042EA027330291745
B1222174556958N00633037EA027330291674
B1222184556953N00633031EA027330291788
B1222194556948N00633025EA027340291883
B1222204556944N00633019EA027350292122
B1222214556939N00633014EA027360292473
B1222224556935N00633009EA027380292548
B1222234556931N00633004EA027400292405
B1222244556926N00632998EA027410292444
B1222254556921N00632991EA027410292487
B1222264556917N00632985EA027410292511
B1222274556912N00632979EA027410292762
B1222284556908N00632973EA027420292935
B1222294556903N00632968EA027440293084
B1222304556899N00632963EA027450293224
B1222314556894N00632957EA027470293386
B1222324556890N00632951EA027490293444
B1222334556886N00632945EA027500293501
B1222344556881N00632939EA027510293703
B1222354556876N00632933EA027530293936
B1222364556871N00632927EA027540294069
B1222374556867N00632921EA027560294206
B1222384556862N00632915EA027580294571
B1222394556859N00632909EA027600294716
B1222404556856N00632903EA027610294807
B1222414556852N00632898EA027630294960
B1222424556848N00632891EA027640295088
B1222434556844N00632885EA027650295186
B1222444556840N00632879EA027660295355
B1222454556835N00632873EA027670295583
B1222464556831N00632867EA027680295868
B1222474556828N00632862EA027700296207
B1222484556825N00632858EA027730296401
B1222494556821N00632853EA027760296634
B1222504556817N00632848EA027780296615
B1222514556812N00632843EA027800296761
B1222524556808N00632837EA027810296730
B1222534556804N00632830EA027810296970
B1222544556801N00632823EA027820297028
B1222554556797N00632818EA027820297046
B1222564556793N00632813EA027830296947
B1222574556789N00632808EA027820296703
B1222584556784N00632801EA027810296726
B1222594556778N00632794EA027810297075
B1223004556773N00632788EA027820297587
B1223014556769N00632784EA027840297873
B1223024556766N00632780EA027870297938
B1223034556762N00632777EA027890297777
B1223044556758N00632774EA027890297441
B1223054556753N00632769EA027880297195
B1223064556749N00632763EA027860296804
B1223074556744N00632755EA027830296744
B1223084556740N00632748EA027820296810
B1223094556734N00632743EA027810297091
B1223104556730N00632741EA027820297112
B1223114556726N00632739EA027830297135
B1223124556722N00632737EA027840297166
B1223134556718N00632734EA027840297089
B1223144556714N00632732EA027840296960
B1223154556709N00632729EA027830296934
B1223164556704N00632727EA027830297016
B1223174556699N00632724EA027830297146
B1223184556694N00632721EA027840297393
B1223194556690N00632718EA027850297560
B1223204556686N00632715EA027870297711
B1223214556681N00632712EA027890298061
B1223224556677N00632709EA027910298226
B1223234556673N00632706EA027930298404
B1223244556668N00632703EA027960298681
B1223254556664N00632700EA027980298890
B1223264556660N00632697EA028000299088
B1223274556656N00632695EA028020299154
B1223284556652N00632692EA028040299118
B1223294556647N00632689EA028040299355
B1223304556643N00632686EA028050299531
B1223314556639N00632683EA028050299644
B1223324556635N00632680EA028060299623
B1223334556630N00632676EA028070299659
B1223344556625N00632672EA028080299898
B1223354556621N00632669EA028090300062
B1223364556617N00632665EA028100300242
B1223374556613N00632661EA028110300372
B1223384556609N00632657EA028130300380
B1223394556605N00632653EA028140300331
B1223404556600N00632648EA028140300429
B1223414556594N00632644EA028140300486
B1223424556589N00632639EA028140300676
B1223434556585N00632635EA028150300960
B1223444556582N00632631EA028170301133
B1223454556578N00632628EA028190301143
B1223464556573N00632625EA028200301176
B1223474556568N00632622EA028210301190
B1223484556563N00632617EA028210301185
B1223494556558N00632613EA028200301183
B1223504556554N00632609EA028200301106
B1223514556549N00632606EA028210301228
B1223524556544N00632604EA028210301272
B1223534556540N00632601EA028210301070
B1223544556536N00632597EA028200300866
B1223554556532N00632594EA028190300603
B1223564556527N00632590EA028170300368
B1223574556523N00632587EA028160300211
B1223584556519N00632583EA028140300023
B1223594556515N00632580EA028120299810
B1224004556510N00632577EA028090299691
B1224014556506N00632573EA028070299306
B1224024556500N00632569EA028040299027
B1224034556493N00632565EA028020298958
B1224044556486N00632561EA028000299193
B1224054556482N00632557EA028020299502
B1224064556478N00632553EA028040299863
B1224074556475N00632550EA028060299975
B1224084556472N00632548EA028080299808
B1224094556467N00632546EA028090299669
B1224104556462N00632543EA028080299368
B1224114556458N00632539EA028060299004
B1224124556453N00632534EA028040298928
B1224134556448N00632531EA028020298839
B1224144556443N00632530EA028000298642
B1224154556438N00632528EA027980298583
B1224164556434N00632525EA027970298470
B1224174556431N00632521EA027950298314
B1224184556427N00632517EA027940298269
B1224194556423N00632514EA027930298048
B1224204556419N00632511EA027920297908
B1224214556414N00632509EA027910297820
B1224224556409N00632506EA027890297894
B1224234556405N00632503EA027890297793
B1224244556401N00632500EA027890297781
B1224254556397N00632496EA027880297648
B1224264556393N00632493EA027880297501
B1224274556389N00632489EA027880297637
B1224284556385N00632487EA027880297774
B1224294556382N00632485EA027890297806
B1224304556377N00632484EA027900297882
B1224314556373N00632482EA027900297834
B1224324556368N00632480EA027900297940
B1224334556363N00632477EA027910298225
B1224344556358N00632475EA027930298613
B1224354556353N00632473EA027950298845
B1224364556348N00632471EA027970299092
B1224374556344N00632469EA027990299012
B1224384556338N00632466EA028010299088
B1224394556333N00632463EA028020298929
B1224404556327N00632460EA028020299034
B1224414556321N00632457EA028020299147
B1224424556315N00632456EA028020299192
B1224434556310N00632455EA028020299171
B1224444556305N00632452EA028020298947
B1224454556300N00632449EA028010298703
B1224464556294N00632445EA027990298597
B1224474556289N00632442EA027980298480
B1224484556284N00632438EA027970298384
B1224494556279N00632435EA027950298270
B1224504556275N00632431EA027930298017
B1224514556270N00632428EA027920297872
B1224524556265N00632424EA027900297558
B1224534556259N00632421EA027880297397
B1224544556254N00632418EA027860297236
B1224554556248N00632415EA027840297195
B1224564556243N00632412EA027820297072
B1224574556238N00632409EA027810296930
B1224584556232N00632405EA027800296826
B1224594556225N00632401EA027800296896
B1225004556220N00632397EA027800296927
B1225014556215N00632393EA027810297069
B1225024556211N00632390EA027820297135
B1225034556206N00632387EA027830297063
B1225044556201N00632383EA027820296813
B1225054556194N00632379EA027810296672
B1225064556188N00632375EA027800296554
B1225074556183N00632371EA027790296517
B1225084556177N00632368EA027780296494
B1225094556172N00632364EA027770296289
B1225104556167N00632361EA027750296134
B1225114556161N00632358EA027740296070
B1225124556156N00632355EA027720295931
B1225134556151N00632352EA027720295929
B1225144556146N00632352EA027710295822
B1225154556140N00632351EA027700295678
B1225164556135N00632350EA027690295517
B1225174556129N00632348EA027680295434
B1225184556123N00632345EA027670295457
B1225194556118N00632344EA027670295530
B1225204556113N00632342EA027670295559
B1225214556108N00632342EA027670295482
B1225224556103N00632341EA027670295294
B1225234556098N00632339EA027660295057
B1225244556092N00632337EA027650294952
B1225254556086N00632335EA027640294986
B1225264556081N00632335EA027630295023
B1225274556075N00632335EA027630295093
B1225284556070N00632334EA027630295040
B1225294556064N00632332EA027630294973
B1225304556058N00632329EA027630294958
B1225314556052N00632327EA027630295214
B1225324556046N00632325EA027640295583
B1225334556042N00632323EA027660295756
B1225344556038N00632321EA027680295739
B1225354556033N00632319EA027690295636
B1225364556027N00632317EA027700295747
B1225374556021N00632314EA027710296169
B1225384556018N00632311EA027730296618
B1225394556015N00632308EA027760297012
B1225404556011N00632304EA027800297369
B1225414556006N00632302EA027830297590
B1225424556001N00632299EA027860297744
B1225434555995N00632296EA027890298158
B1225444555990N00632293EA027930298529
B1225454555985N00632290EA027970299159
B1225464555981N00632288EA028010299512
B1225474555976N00632284EA028050299878
B1225484555971N00632279EA028090300089
B1225494555966N00632274EA028130300356
B1225504555961N00632269EA028160300719
B1225514555956N00632265EA028200301208
B1225524555951N00632261EA028230301444
B1225534555947N00632255EA028260301718
B1225544555942N00632250EA028280301922
B1225554555936N00632245EA028310302346
B1225564555930N00632240EA028340302859
B1225574555925N00632236EA028370303438
B1225584555920N00632232EA028420304079
B1225594555916N00632228EA028470304406
B1226004555911N00632224EA028520304732
B1226014555906N00632219EA028570305043
B1226024555901N00632213EA028610305328
B1226034555896N00632207EA028650305708
B1226044555891N00632202EA028690306129
B1226054555886N00632199EA028720306540
B1226064555881N00632196EA028750306882
B1226074555877N00632194EA028780307151
B1226084555873N00632192EA028800307272
B1226094555869N00632190EA028800307281
B1226104555865N00632187EA028800307254
B1226114555860N00632184EA028800307233
B1226124555855N00632180EA028790307236
B1226134555850N00632176EA028800307371
B1226144555846N00632172EA028800307435
B1226154555841N00632169EA028810307590
B1226164555837N00632165EA028810307443
B1226174555832N00632160EA028810307427
B1226184555827N00632156EA028820307405
B1226194555821N00632152EA028820307567
B1226204555816N00632149EA028830307737
B1226214555811N00632146EA028840307819
B1226224555806N00632143EA028840307857
B1226234555802N00632140EA028840307740
B1226244555798N00632135EA028850307738
B1226254555794N00632133EA028850307800
B1226264555789N00632132EA028860308040
B1226274555784N00632132EA028870308191
B1226284555781N00632131EA028870308038
B1226294555776N00632130EA028870307882
B1226304555771N00632127EA028870307751
B1226314555766N00632124EA028860307725
B1226324555761N00632123EA028860307831
B1226334555756N00632121EA028860307889
B1226344555752N00632120EA028860307752
B1226354555747N00632116EA028850307578
B1226364555742N00632112EA028830307358
B1226374555737N00632109EA028820307254
B1226384555732N00632105EA028810307398
B1226394555729N00632101EA028800307388
B1226404555727N00632097EA028790307109
B1226414555723N00632094EA028780306966
B1226424555719N00632091EA028770306738
B1226434555714N00632089EA028750306598
B1226444555710N00632087EA028740306451
B1226454555706N00632083EA028720306396
B1226464555704N00632079EA028700306122
B1226474555701N00632074EA028680305976
B1226484555699N00632069EA028660305828
B1226494555696N00632065EA028650305835
B1226504555693N00632062EA028650305948
B1226514555690N00632061EA028650305901
B1226524555686N00632059EA028650305877
B1226534555683N00632058EA028650305690
B1226544555681N00632055EA028650305404
B1226554555677N00632052EA028640305222
B1226564555673N00632048EA028620305105
B1226574555668N00632045EA028610305166
B1226584555664N00632043EA028590305260
B1226594555661N00632040EA028590305322
B1227004555658N00632037EA028600305455
B1227014555655N00632035EA028610305492
B1227024555653N00632033EA028610305451
B1227034555652N00632031EA028610305335
B1227044555651N00632028EA028610305189
B1227054555650N00632024EA028600304943
B1227064555648N00632019EA028590304706
B1227074555644N00632014EA028570304553
B1227084555640N00632009EA028550304594
B1227094555637N00632005EA028540304753
B1227104555635N00632002EA028550304917
B1227114555632N00632000EA028550304996
B1227124555630N00631998EA028560304773
B1227134555627N00631995EA028550304486
B1227144555623N00631991EA028530304285
B1227154555619N00631987EA028520304092
B1227164555616N00631982EA028510304018
B1227174555612N00631978EA028500304059
B1227184555609N00631976EA028500304132
B1227194555606N00631973EA028500304035
B1227204555603N00631970EA028500303913
B1227214555599N00631966EA028490303672
B1227224555595N00631960EA028480303599
B1227234555591N00631955EA028470303495
B1227244555587N00631950EA028460303596
B1227254555583N00631946EA028460303692
B1227264555580N00631942EA028470303645
B1227274555576N00631938EA028470303674
B1227284555573N00631934EA028470303524
B1227294555569N00631930EA028470303561
B1227304555565N00631926EA028470303590
B1227314555562N00631921EA028470303535
B1227324555558N00631917EA028470303790
B1227334555555N00631912EA028470303887
B1227344555552N00631908EA028470303898
B1227354555549N00631904EA028470303777
B1227364555546N00631899EA028470303607
B1227374555542N00631893EA028460303549
B1227384555539N00631888EA028450303520
B1227394555535N00631882EA028440303683
B1227404555532N00631877EA028440303766
B1227414555529N00631874EA028450303835
B1227424555525N00631871EA028450303785
B1227434555521N00631867EA028460303682
B1227444555517N00631862EA028450303692
B1227454555513N00631857EA028450303594
B1227464555509N00631852EA028440303396
B1227474555506N00631847EA028430303223
B1227484555502N00631841EA028420303023
B1227494555498N00631835EA028400302901
B1227504555493N00631829EA028390302994
B1227514555489N00631824EA028380302992
B1227524555486N00631819EA028380302918
B1227534555482N00631815EA028380302832
B1227544555478N00631810EA028380302760
B1227554555475N00631804EA028370302505
B1227564555471N00631799EA028370302403
B1227574555466N00631794EA028370302496
B1227584555463N00631790EA028360302411
B1227594555460N00631785EA028360302307
B1228004555457N00631780EA028350302168
B1228014555454N00631775EA028330301957
B1228024555450N00631771EA028320301763
B1228034555445N00631767EA028300301583
B1228044555441N00631762EA028290301682
B1228054555438N00631757EA028300301603
B1228064555434N00631753EA028300301760
B1228074555431N00631749EA028310301783
B1228084555429N00631745EA028310301623
B1228094555426N00631739EA028310301521
B1228104555423N00631732EA028310301521
B1228114555420N00631725EA028310301787
B1228124555419N00631720EA028310301933
B1228134555417N00631715EA028320302071
B1228144555416N00631709EA028320301926
B1228154555414N00631703EA028320301812
B1228164555411N00631697EA028320301771
B1228174555409N00631691EA028310301613
B1228184555406N00631685EA028310301792
B1228194555405N00631679EA028310301925
B1228204555403N00631674EA028320301950
B1228214555401N00631668EA028320301926
B1228224555397N00631663EA028310301896
B1228234555394N00631658EA028310301847
B1228244555391N00631653EA028310302081
B1228254555389N00631648EA028320302280
B1228264555387N00631643EA028330302389
B1228274555385N00631640EA028340302403
B1228284555381N00631636EA028350302468
B1228294555378N00631631EA028360302448
B1228304555375N00631625EA028370302543
B1228314555372N00631619EA028380302851
B1228324555369N00631613EA028400303239
B1228334555365N00631610EA028420303674
B1228344555362N00631607EA028450303969
B1228354555359N00631605EA028480304263
B1228364555357N00631601EA028520304515
B1228374555354N00631597EA028550304742
B1228384555351N00631592EA028580304938
B1228394555348N00631588EA028620305225
B1228404555344N00631584EA028650305568
B1228414555341N00631581EA028680305803
B1228424555337N00631577EA028710306194
B1228434555335N00631572EA028730306324
B1228444555332N00631567EA028740306532
B1228454555329N00631562EA028740306615
B1228464555324N00631559EA028750306632
B1228474555318N00631558EA028740306528
B1228484555311N00631559EA028740306674
B1228494555306N00631557EA028740306988
B1228504555303N00631553EA028750307151
B1228514555301N00631548EA028760307345
B1228524555299N00631544EA028780307504
B1228534555296N00631541EA028800307623
B1228544555292N00631538EA028820307699
B1228554555289N00631536EA028830307603
B1228564555284N00631532EA028830307798
B1228574555281N00631528EA028840307952
B1228584555278N00631522EA028840308019
B1228594555274N00631518EA028850308134
B1229004555270N00631515EA028860308273
B1229014555267N00631513EA028870308230
B1229024555264N00631509EA028880308126
B1229034555261N00631505EA028870308033
B1229044555258N00631500EA028870307766
B1229054555255N00631496EA028850307610
B1229064555251N00631492EA028840307601
B1229074555246N00631488EA028840307989
B1229084555243N00631485EA028850308135
B1229094555240N00631481EA028860308229
B1229104555237N00631478EA028870308124
B1229114555233N00631474EA028860307816
B1229124555228N00631470EA028850307562
B1229134555223N00631463EA028830307259
B1229144555219N00631457EA028810307112
B1229154555214N00631450EA028790307248
B1229164555210N00631445EA028780307224
B1229174555205N00631440EA028770307259
B1229184555200N00631435EA028770307267
B1229194555195N00631430EA028770307293
B1229204555190N00631424EA028780307371
B1229214555185N00631418EA028780307460
B1229224555181N00631412EA028790307610
B1229234555177N00631406EA028810307835
B1229244555173N00631401EA028820307763
B1229254555169N00631395EA028820307783
B1229264555166N00631389EA028820307615
B1229274555162N00631384EA028820307754
B1229284555158N00631379EA028820307758
B1229294555154N00631375EA028820307618
B1229304555150N00631372EA028820307501
B1229314555145N00631368EA028810307480
B1229324555141N00631363EA028810307465
B1229334555137N00631359EA028810307545
B1229344555132N00631355EA028810307587
B1229354555128N00631352EA028810307551
B1229364555124N00631347EA028800307436
B1229374555120N00631342EA028800307484
B1229384555117N00631337EA028800307351
B1229394555114N00631332EA028790307310
B1229404555110N00631327EA028790307340
B1229414555106N00631322EA028790307440
B1229424555102N00631316EA028800307518
B1229434555097N00631310EA028800307637
B1229444555092N00631304EA028810307835
B1229454555087N00631298EA028830308093
B1229464555083N00631291EA028850308388
B1229474555079N00631285EA028870308571
B1229484555075N00631279EA028890308632
B1229494555070N00631273EA028910308728
B1229504555065N00631268EA028920308716
B1229514555060N00631263EA028920308721
B1229524555055N00631256EA028920308888
B1229534555052N00631251EA028920308940
B1229544555048N00631245EA028930308989
B1229554555044N00631241EA028930308868
B1229564555039N00631237EA028920308699
B1229574555035N00631232EA028920308417
B1229584555030N00631226EA028900308314
B1229594555024N00631220EA028890308455
B1230004555018N00631216EA028900308774
B1230014555013N00631212EA028910309099
B1230024555009N00631210EA028930309170
B1230034555006N00631206EA028940309127
B1230044555001N00631203EA028950308996
B1230054554996N00631200EA028950308667
B1230064554990N00631197EA028930308459
B1230074554984N00631193EA028920308454
B1230084554979N00631187EA028900308403
B1230094554973N00631181EA028890308498
B1230104554967N00631178EA028890308473
B1230114554961N00631176EA028880308317
B1230124554955N00631174EA028880308205
B1230134554949N00631170EA028880308115
B1230144554943N00631164EA028870308063
B1230154554938N00631158EA028860307913
B1230164554932N00631153EA028850307725
B1230174554925N00631149EA028840307532
B1230184554918N00631145EA028820307434
B1230194554911N00631140EA028810307486
B1230204554905N00631135EA028790307487
B1230214554900N00631131EA028790307303
B1230224554893N00631127EA028790307382
B1230234554887N00631123EA028790307273
B1230244554881N00631118EA028780307176
B1230254554876N00631113EA028770306935
B1230264554871N00631107EA028760306708
B1230274554865N00631102EA028740306575
B1230284554860N00631098EA028730306210
B1230294554853N00631093EA028700305985
B1230304554847N00631088EA028680305645
B1230314554841N00631082EA028650305434
B1230324554836N00631076EA028620305210
B1230334554830N00631069EA028590305197
B1230344554825N00631064EA028570305081
B1230354554820N00631059EA028550304847
B1230364554814N00631055EA028540304594
B1230374554809N00631050EA028510304226
B1230384554803N00631045EA028490304074
B1230394554798N00631039EA028470303828
B1230404554792N00631034EA028450303665
B1230414554786N00631030EA028430303530
B1230424554780N00631025EA028410303405
B1230434554774N00631020EA028410303348
B1230444554769N00631016EA028400303242
B1230454554764N00631011EA028400302926
B1230464554758N00631007EA028390302618
B1230474554751N00631004EA028360302330
B1230484554744N00630999EA028340302385
B1230494554739N00630995EA028330302310
B1230504554733N00630991EA028320302380
B1230514554728N00630987EA028310302253
B1230524554723N00630982EA028300301909
B1230534554717N00630977EA028290301673
B1230544554712N00630970EA028270301363
B1230554554707N00630963EA028250301141
B1230564554702N00630956EA028220301050
B1230574554698N00630949EA028200300901
B1230584554693N00630942EA028190300847
B1230594554688N00630936EA028170300666
B1231004554683N00630931EA028150300331
B1231014554677N00630925EA028130300198
B1231024554672N00630920EA028100299830
B1231034554666N00630913EA028080299747
B1231044554660N00630907EA028060299773
B1231054554655N00630901EA028060299818
B1231064554649N00630896EA028070299956
B1231074554644N00630891EA028080300006
B1231084554638N00630886EA028090300059
B1231094554633N00630881EA028100300004
B1231104554627N00630876EA028100300014
B1231114554620N00630871EA028100300057
B1231124554613N00630867EA028100300121
B1231134554605N00630862EA028100300195
B1231144554598N00630857EA028100300393
B1231154554592N00630851EA028110300339
B1231164554585N00630846EA028120300537
B1231174554577N00630842EA028130300670
B1231184554570N00630836EA028140300807
B1231194554563N00630829EA028160301239
B1231204554557N00630822EA028190301758
B1231214554552N00630816EA028230302226
B1231224554546N00630811EA028270302578
B1231234554540N00630807EA028310302768
B1231244554534N00630803EA028350302913
B1231254554527N00630797EA028380303253
B1231264554521N00630790EA028410303449
B1231274554515N00630784EA028440303725
B1231284554508N00630778EA028470304058
B1231294554501N00630773EA028490304329
B1231304554494N00630768EA028520304812
B1231314554488N00630762EA028550305310
B1231324554482N00630755EA028590305658
B1231334554476N00630751EA028630306070
B1231344554470N00630747EA028670306461
B1231354554464N00630743EA028710306858
B1231364554458N00630739EA028740307159
B1231374554453N00630734EA028780307423
B1231384554448N00630728EA028810307701
B1231394554442N00630722EA028830307960
B1231404554437N00630716EA028850308108
B1231414554431N00630711EA028870308332
B1231424554426N00630705EA028890308502
B1231434554420N00630698EA028910308884
B1231444554415N00630691EA028930309197
B1231454554410N00630686EA028960309460
B1231464554404N00630680EA028990309884
B1231474554398N00630674EA029020310197
B1231484554393N00630668EA029060310416
B1231494554387N00630662EA029090310820
B1231504554381N00630655EA029120311155
B1231514554375N00630649EA029160311680
B1231524554369N00630642EA029200312087
B1231534554364N00630636EA029240312415
B1231544554358N00630630EA029280312842
B1231554554353N00630623EA029330313366
B1231564554348N00630616EA029370313796
B1231574554343N00630610EA029420314160
B1231584554337N00630603EA029460314447
B1231594554330N00630597EA029500314776
B1232004554323N00630590EA029510314999
B1232014554318N00630583EA029520315108
B1232024554313N00630576EA029530315101
B1232034554308N00630568EA029540315121
B1232044554302N00630560EA029540315092
B1232054554297N00630552EA029530314846
B1232064554291N00630545EA029520314556
B1232074554285N00630538EA029500314533
B1232084554279N00630530EA029490314377
B1232094554274N00630522EA029470314199
B1232104554270N00630515EA029450313861
B1232114554266N00630507EA029420313420
B1232124554260N00630498EA029390312968
B1232134554254N00630490EA029350312624
B1232144554248N00630481EA029310312316
B1232154554242N00630472EA029270312249
B1232164554237N00630465EA029240312150
B1232174554232N00630457EA029230312092
B1232184554228N00630449EA029230311740
B1232194554223N00630440EA029220311448
B1232204554217N00630433EA029200311180
B1232214554211N00630424EA029170310998
B1232224554206N00630416EA029150310817
B1232234554200N00630408EA029130310767
B1232244554195N00630400EA029110310746
B1232254554190N00630392EA029100310664
B1232264554185N00630384EA029090310483
B1232274554180N00630376EA029080310393
B1232284554176N00630368EA029070310004
B1232294554171N00630360EA029050309823
B1232304554166N00630351EA029030309659
B1232314554161N00630343EA029010309549
B1232324554156N00630336EA029000309414
B1232334554150N00630329EA028980309392
B1232344554146N00630322EA028960309130
B1232354554142N00630314EA028950308915
B1232364554137N00630307EA028930308713
B1232374554131N00630300EA028910308636
B1232384554125N00630294EA028910308679
B1232394554121N00630288EA028910308617
B1232404554118N00630282EA028920308600
B1232414554115N00630274EA028920308658
B1232424554112N00630267EA028920308476
B1232434554109N00630260EA028910308471
B1232444554106N00630252EA028910308445
B1232454554102N00630244EA028900308473
B1232464554098N00630236EA028900308565
B1232474554094N00630228EA028910308785
B1232484554092N00630220EA028920308845
B1232494554090N00630211EA028930309058
B1232504554088N00630202EA028950309279
B1232514554086N00630194EA028970309371
B1232524554084N00630185EA028980309562
B1232534554082N00630176EA029000309673
B1232544554081N00630167EA029020309803
B1232554554079N00630157EA029040309958
B1232564554078N00630147EA029050310109
B1232574554075N00630138EA029070310383
B1232584554072N00630129EA029080310546
B1232594554068N00630121EA029100310719
B1233004554063N00630114EA029120311088
B1233014554059N00630108EA029150311160
B1233024554055N00630100EA029160311045
B1233034554050N00630092EA029160310999
B1233044554046N00630085EA029150310701
B1233054554040N00630078EA029130310673
B1233064554035N00630072EA029110310520
B1233074554029N00630065EA029100310548
B1233084554023N00630059EA029090310697
B1233094554019N00630053EA029100310613
B1233104554014N00630046EA029100310598
B1233114554011N00630039EA029100310427
B1233124554006N00630032EA029090310135
B1233134554000N00630025EA029070309985
B1233144553994N00630018EA029050309898
B1233154553989N00630011EA029040309838
B1233164553984N00630004EA029020309830
B1233174553979N00629997EA029010309770
B1233184553974N00629990EA029000309698
B1233194553969N00629985EA028990309482
B1233204553964N00629979EA028980309134
B1233214553958N00629972EA028960308976
B1233224553953N00629965EA028940308745
B1233234553948N00629958EA028920308513
B1233244553943N00629950EA028900308329
B1233254553938N00629943EA028880308265
B1233264553934N00629935EA028860307916
B1233274553929N00629927EA028840307764
B1233284553924N00629919EA028820307570
B1233294553919N00629911EA028810307441
B1233304553914N00629903EA028800307426
B1233314553909N00629896EA028800307322
B1233324553904N00629889EA028800307252
B1233334553899N00629882EA028790307173
B1233344553894N00629874EA028790307088
B1233354553889N00629867EA028780306860
B1233364553884N00629859EA028760306771
B1233374553879N00629851EA028750306580
B1233384553874N00629843EA028740306473
B1233394553869N00629835EA028720306379
B1233404553864N00629828EA028710306263
B1233414553859N00629820EA028690306156
B1233424553854N00629812EA028680305969
B1233434553849N00629805EA028660305851
B1233444553844N00629797EA028650305750
B1233454553839N00629789EA028630305523
B1233464553833N00629781EA028620305596
B1233474553828N00629773EA028610305385
B1233484553823N00629765EA028600305283
B1233494553818N00629756EA028590305069
B1233504553813N00629749EA028570304911
B1233514553807N00629741EA028560304824
B1233524553801N00629734EA028550304720
B1233534553795N00629726EA028540304646
B1233544553789N00629719EA028530304574
B1233554553783N00629712EA028530304483
B1233564553778N00629705EA028520304406
B1233574553772N00629698EA028520304449
B1233584553767N00629691EA028520304435
B1233594553762N00629683EA028520304366
B1234004553758N00629675EA028510304129
B1234014553753N00629667EA028500304026
B1234024553748N00629659EA028490303804
B1234034553742N00629650EA028480303775
B1234044553737N00629641EA028460303782
B1234054553733N00629632EA028450303744
B1234064553728N00629624EA028440303674
B1234074553724N00629616EA028440303508
B1234084553719N00629609EA028430303358
B1234094553715N00629602EA028420303113
B1234104553710N00629594EA028400302885
B1234114553706N00629585EA028380302628
B1234124553701N00629577EA028360302530
B1234134553696N00629568EA028350302458
B1234144553691N00629560EA028330302389
B1234154553687N00629553EA028320302233
B1234164553682N00629545EA028310302038
B1234174553677N00629538EA028300301810
B1234184553671N00629529EA028280301869
B1234194553666N00629522EA028270301843
B1234204553661N00629514EA028270301886
B1234214553657N00629507EA028270301931
B1234224553653N00629499EA028280301819
B1234234553648N00629492EA028270301786
B1234244553644N00629485EA028270301634
B1234254553639N00629478EA028260301555
B1234264553634N00629471EA028250301496
B1234274553630N00629464EA028240301306
B1234284553624N00629458EA028230301194
B1234294553619N00629452EA028220301045
B1234304553614N00629446EA028200300916
B1234314553608N00629440EA028190300893
B1234324553604N00629434EA028180300716
B1234334553599N00629428EA028160300559
B1234344553594N00629423EA028140300290
B1234354553590N00629416EA028120299935
B1234364553585N00629409EA028100299585
B1234374553581N00629402EA028060299132
B1234384553576N00629395EA028030298891
B1234394553572N00629389EA027990298630
B1234404553567N00629383EA027950298364
B1234414553563N00629377EA027920298038
B1234424553559N00629371EA027890297759
B1234434553555N00629365EA027860297366
B1234444553551N00629359EA027830296930
B1234454553547N00629352EA027800296845
B1234464553544N00629346EA027780296746
B1234474553542N00629341EA027780296514
B1234484553539N00629336EA027770296295
B1234494553537N00629331EA027760295814
B1234504553533N00629325EA027730295380
B1234514553530N00629318EA027700294951
B1234524553527N00629311EA027650294523
B1234534553523N00629305EA027620294490
B1234544553521N00629299EA027580294255
B1234554553519N00629294EA027550293904
B1234564553516N00629289EA027520293555
B1234574553513N00629284EA027480293024
B1234584553509N00629278EA027450292628
B1234594553505N00629272EA027400292349
B1235004553501N00629267EA027370292071
B1235014553498N00629261EA027330291744
B1235024553495N00629255EA027300291308
B1235034553491N00629249EA027260290937
B1235044553487N00629243EA027220290411
B1235054553482N00629235EA027190290177
B1235064553478N00629228EA027150289903
B1235074553473N00629220EA027130289923
B1235084553469N00629212EA027130289965
B1235094553466N00629204EA027140289968
B1235104553463N00629197EA027150289975
B1235114553460N00629190EA027160289925
B1235124553455N00629183EA027150289961
B1235134553451N00629174EA027150290119
B1235144553447N00629167EA027160290522
B1235154553443N00629161EA027190290990
B1235164553440N00629156EA027210291264
B1235174553437N00629152EA027240291343
B1235184553433N00629148EA027260291281
B1235194553429N00629142EA027280291178
B1235204553425N00629137EA027270291041
B1235214553420N00629130EA027260290977
B1235224553416N00629123EA027260291118
B1235234553412N00629117EA027260291202
B1235244553408N00629110EA027270291207
B1235254553404N00629104EA027270291234
B1235264553401N00629098EA027280291208
B1235274553397N00629093EA027280291181
B1235284553395N00629086EA027270291015
B1235294553392N00629079EA027260290815
B1235304553389N00629072EA027250290704
B1235314553385N00629066EA027240290793
B1235324553382N00629060EA027240290878
B1235334553379N00629055EA027230290781
B1235344553376N00629049EA027230290684
B1235354553373N00629043EA027220290438
B1235364553369N00629038EA027210290141
B1235374553365N00629031EA027190290099
B1235384553362N00629025EA027180289882
B1235394553360N00629018EA027160289700
B1235404553357N00629010EA027140289664
B1235414553355N00629002EA027130289626
B1235424553352N00628995EA027120289645
B1235434553349N00628988EA027110289506
B1235444553345N00628982EA027110289552
B1235454553342N00628975EA027110289413
B1235464553338N00628968EA027100289546
B1235474553334N00628962EA027110289543
B1235484553330N00628957EA027110289841
B1235494553326N00628952EA027130290069
B1235504553323N00628950EA027140290211
B1235514553319N00628947EA027150290191
B1235524553316N00628943EA027160290063
B1235534553313N00628938EA027160290007
B1235544553309N00628933EA027160290024
B1235554553305N00628928EA027160290161
B1235564553302N00628922EA027160290315
B1235574553298N00628917EA027170290363
B1235584553295N00628912EA027180290450
B1235594553292N00628906EA027180290489
B1236004553290N00628901EA027190290447
B1236014553287N00628896EA027190290489
B1236024553285N00628892EA027200290412
B1236034553282N00628887EA027200290455
B1236044553279N00628882EA027190290377
B1236054553276N00628878EA027190290200
B1236064553271N00628873EA027180290062
B1236074553266N00628868EA027170290084
B1236084553262N00628864EA027160290084
B1236094553259N00628860EA027160290123
B1236104553255N00628856EA027160290113
B1236114553251N00628852EA027160290108
B1236124553246N00628848EA027160289969
B1236134553242N00628844EA027150289725
B1236144553237N00628839EA027140289562
B1236154553232N00628834EA027130289650
B1236164553227N00628829EA027130289764
B1236174553223N00628825EA027130289954
B1236184553220N00628821EA027140290183
B1236194553218N00628817EA027160290463
B1236204553216N00628814EA027180290700
B1236214553212N00628811EA027210291082
B1236224553209N00628808EA027240291276
B1236234553206N00628805EA027270291387
B1236244553203N00628801EA027290291499
B1236254553200N00628797EA027310291652
B1236264553197N00628793EA027330292010
B1236274553194N00628789EA027360292511
B1236284553191N00628786EA027400293083
B1236294553189N00628784EA027440293463
B1236304553187N00628782EA027480293672
B1236314553186N00628779EA027510293607
B1236324553184N00628775EA027530293805
B1236334553181N00628770EA027530294078
B1236344553178N00628765EA027540294398
B1236354553176N00628761EA027550294625
B1236364553175N00628757EA027580295028
B1236374553176N00628754EA027610295229
B1236384553179N00628753EA027640295231
B1236394553184N00628752EA027660295316
B1236404553190N00628756EA027680295513
B1236414553194N00628763EA027700295870
B1236424553196N00628772EA027730296068
B1236434553195N00628783EA027750296366
B1236444553192N00628793EA027780296753
B1236454553189N00628800EA027810297005
B1236464553185N00628805EA027840297340
B1236474553181N00628809EA027870297550
B1236484553177N00628812EA027890297857
B1236494553173N00628814EA027920298059
B1236504553169N00628814EA027940298168
B1236514553166N00628812EA027960298248
B1236524553164N00628809EA027960298423
B1236534553163N00628805EA027980298744
B1236544553164N00628802EA027990299090
B1236554553168N00628799EA028020299321
B1236564553172N00628797EA028050299607
B1236574553176N00628798EA028080299971
B1236584553181N00628800EA028100300186
B1236594553186N00628805EA028130300383
B1237004553190N00628812EA028160300588
B1237014553193N00628821EA028180300708
B1237024553193N00628832EA028200300953
B1237034553192N00628841EA028230301258
B1237044553190N00628850EA028250301601
B1237054553186N00628856EA028280301843
B1237064553182N00628860EA028300301804
B1237074553177N00628862EA028320302165
B1237084553173N00628863EA028330302350
B1237094553169N00628861EA028350302569
B1237104553165N00628860EA028370302772
B1237114553161N00628858EA028390303070
B1237124553157N00628854EA028410303378
B1237134553154N00628852EA028440303630
B1237144553151N00628849EA028460303912
B1237154553147N00628845EA028490304196
B1237164553144N00628841EA028520304324
B1237174553140N00628836EA028540304606
B1237184553135N00628831EA028560304865
B1237194553131N00628826EA028590305242
B1237204553127N00628821EA028620305690
B1237214553124N00628816EA028660306158
B1237224553121N00628813EA028700306548
B1237234553118N00628811EA028740306745
B1237244553115N00628809EA028770306732
B1237254553111N00628805EA028760306465
B1237264553107N00628799EA028740306118
B1237274553101N00628793EA028720306045
B1237284553095N00628787EA028700306282
B1237294553091N00628781EA028700306567
B1237304553088N00628777EA028710306651
B1237314553086N00628773EA028720306623
B1237324553083N00628769EA028720306388
B1237334553080N00628765EA028710305883
B1237344553077N00628759EA028680305367
B1237354553073N00628752EA028640304859
B1237364553068N00628746EA028600304783
B1237374553064N00628741EA028570304641
B1237384553060N00628737EA028540304641
B1237394553056N00628733EA028520304498
B1237404553053N00628729EA028500304067
B1237414553049N00628724EA028460303559
B1237424553044N00628719EA028430303077
B1237434553039N00628713EA028380302536
B1237444553034N00628706EA028340302121
B1237454553030N00628698EA028290301810
B1237464553026N00628690EA028250301628
B1237474553022N00628684EA028220301350
B1237484553019N00628677EA028210301002
B1237494553015N00628670EA028190300750
B1237504553011N00628662EA028170300685
B1237514553008N00628655EA028150300432
B1237524553005N00628647EA028130300219
B1237534553002N00628640EA028110299949
B1237544552999N00628633EA028080299677
B1237554552996N00628626EA028060299264
B1237564552993N00628618EA028020298809
B1237574552989N00628610EA027990298549
B1237584552986N00628602EA027960298374
B1237594552984N00628593EA027920298039
B1238004552982N00628585EA027890297736
B1238014552980N00628577EA027860297322
B1238024552978N00628568EA027830297124
B1238034552976N00628559EA027800297076
B1238044552975N00628550EA027790296918
B1238054552973N00628542EA027800296768
B1238064552972N00628535EA027790296563
B1238074552971N00628527EA027780296155
B1238084552970N00628519EA027750295731
B1238094552968N00628510EA027720295383
B1238104552966N00628501EA027680294981
B1238114552964N00628491EA027650294769
B1238124552962N00628482EA027610294648
B1238134552960N00628473EA027590294588
B1238144552959N00628465EA027570294554
B1238154552958N00628457EA027580294424
B1238164552956N00628449EA027570294267
B1238174552955N00628441EA027560294116
B1238184552954N00628433EA027550293907
B1238194552953N00628426EA027540293802
B1238204552951N00628418EA027520293689
B1238214552950N00628412EA027510293534
B1238224552948N00628406EA027490293392
B1238234552947N00628399EA027470293166
B1238244552946N00628392EA027450292864
B1238254552945N00628384EA027430292647
B1238264552944N00628377EA027410292510
B1238274552942N00628369EA027390292457
B1238284552941N00628363EA027370292223
B1238294552939N00628356EA027350292054
B1238304552937N00628349EA027330291774
B1238314552935N00628342EA027310291454
B1238324552933N00628335EA027280291023
B1238334552931N00628327EA027250290618
B1238344552928N00628319EA027210290269
B1238354552925N00628311EA027180289998
B1238364552923N00628303EA027140289667
B1238374552922N00628295EA027110289411
B1238384552921N00628286EA027080289175
B1238394552921N00628277EA027050288818
B1238404552919N00628269EA027020288586
B1238414552917N00628261EA027000288421
B1238424552914N00628252EA026990288346
B1238434552911N00628244EA026990288369
B1238444552909N00628237EA026990288389
B1238454552908N00628231EA026990288314
B1238464552906N00628224EA026990288256
B1238474552904N00628217EA026980288045
B1238484552901N00628210EA026970287990
B1238494552899N00628202EA026960287841
B1238504552897N00628193EA026950288018
B1238514552895N00628185EA026960288219
B1238524552892N00628177EA026970288499
B1238534552890N00628169EA026980288526
B1238544552886N00628161EA027000288792
B1238554552883N00628152EA027010288867
B1238564552880N00628144EA027030289065
B1238574552877N00628136EA027050289173
B1238584552875N00628128EA027070289221
B1238594552872N00628119EA027080289299
B1239004552870N00628111EA027080289142
B1239014552867N00628102EA027070289030
B1239024552864N00628092EA027070289012
B1239034552860N00628082EA027060289188
B1239044552857N00628074EA027070289322
B1239054552853N00628066EA027070289450
B1239064552850N00628058EA027080289523
B1239074552847N00628051EA027090289592
B1239084552846N00628044EA027090289211
B1239094552844N00628037EA027080288940
B1239104552842N00628029EA027060288696
B1239114552841N00628021EA027040288357
B1239124552839N00628014EA027010288182
B1239134552837N00628007EA026980288095
B1239144552835N00628001EA026960287944
B1239154552832N00627996EA026940287882
B1239164552830N00627990EA026930287578
B1239174552828N00627985EA026910287241
B1239184552825N00627978EA026890286838
B1239194552821N00627972EA026860286524
B1239204552816N00627965EA026830286399
B1239214552813N00627959EA026810286261
B1239224552811N00627952EA026790286213
B1239234552808N00627946EA026780286143
B1239244552805N00627940EA026780285917
B1239254552801N00627934EA026770285667
B1239264552798N00627927EA026760285327
B1239274552795N00627920EA026740285103
B1239284552791N00627912EA026720285079
B1239294552788N00627906EA026700284943
B1239304552785N00627900EA026690284927
B1239314552782N00627895EA026680284952
B1239324552780N00627890EA026680284810
B1239334552777N00627884EA026680284745
B1239344552774N00627878EA026670284605
B1239354552770N00627872EA026660284568
B1239364552767N00627866EA026650284567
B1239374552765N00627861EA026650284645
B1239384552763N00627855EA026650284658
B1239394552761N00627850EA026650284543
B1239404552758N00627845EA026640284485
B1239414552756N00627840EA026630284306
B1239424552753N00627835EA026620284128
B1239434552750N00627831EA026610284050
B1239444552748N00627826EA026590283910
B1239454552745N00627820EA026580283757
B1239464552742N00627815EA026560283568
B1239474552739N00627810EA026550283375
B1239484552736N00627805EA026530283131
B1239494552732N00627800EA026510283044
B1239504552728N00627796EA026490282927
B1239514552724N00627793EA026480282903
B1239524552720N00627789EA026470282724
B1239534552716N00627784EA026470282585
B1239544552713N00627779EA026460282333
B1239554552709N00627774EA026440282153
B1239564552705N00627769EA026420281949
B1239574552701N00627765EA026400281763
B1239584552698N00627759EA026380281559
B1239594552695N00627753EA026360281288
B1240004552693N00627747EA026330280926
B1240014552690N00627741EA026310280652
B1240024552687N00627734EA026280280374
B1240034552685N00627727EA026250280126
B1240044552683N00627721EA026220279921
B1240054552681N00627715EA026200279682
B1240064552680N00627708EA026170279257
B1240074552679N00627701EA026140278804
B1240084552677N00627693EA026100278559
B1240094552675N00627686EA026080278255
B1240104552673N00627679EA026060278052
B1240114552671N00627672EA026040277853
B1240124552669N00627666EA026020277734
B1240134552666N00627661EA026010277593
B1240144552664N00627656EA025990277359
B1240154552662N00627652EA025960277038
B1240164552659N00627648EA025940276789
B1240174552656N00627645EA025910276323
B1240184552652N00627643EA025880275900
B1240194552647N00627640EA025840275653
B1240204552642N00627635EA025810275399
B1240214552638N00627631EA025780275250
B1240224552634N00627626EA025760275275
B1240234552631N00627622EA025760275127
B1240244552627N00627619EA025760274992
B1240254552624N00627615EA025750274781
B1240264552622N00627610EA025740274423
B1240274552619N00627606EA025720274130
B1240284552616N00627601EA025690273836
B1240294552613N00627597EA025660273566
B1240304552611N00627593EA025620273332
B1240314552609N00627588EA025590273033
B1240324552607N00627583EA025560272822
B1240334552605N00627578EA025530272652
B1240344552603N00627572EA025500272487
B1240354552602N00627566EA025480272127
B1240364552600N00627561EA025460271920
B1240374552598N00627555EA025440271636
B1240384552596N00627550EA025410271463
B1240394552595N00627544EA025390271226
B1240404552594N00627539EA025370271021
B1240414552592N00627534EA025350270881
B1240424552591N00627529EA025330270626
B1240434552589N00627524EA025310270239
B1240444552587N00627520EA025280269820
B1240454552585N00627514EA025250269507
B1240464552582N00627509EA025210269385
B1240474552580N00627504EA025180269198
B1240484552579N00627500EA025160268849
B1240494552578N00627496EA025130268577
B1240504552578N00627491EA025100268065
B1240514552577N00627485EA025060267438
B1240524552574N00627480EA025020266992
B1240534552572N00627475EA024970266712
B1240544552570N00627471EA024940266617
B1240554552569N00627468EA024920266432
B1240564552568N00627464EA024900266057
B1240574552567N00627461EA024880265513
B1240584552565N00627456EA024850264919
B1240594552562N00627450EA024810264596
B1241004552560N00627444EA024770264387
B1241014552559N00627440EA024740264407
B1241024552557N00627438EA024720264356
B1241034552556N00627436EA024710264017
B1241044552554N00627433EA024690263458
B1241054552552N00627428EA024660262946
B1241064552550N00627422EA024620262567
B1241074552548N00627417EA024570262326
B1241084552545N00627413EA024540262173
B1241094552543N00627409EA024500262004
B1241104552540N00627406EA024480261885
B1241114552538N00627403EA024470261582
B1241124552536N00627399EA024460261262
B1241134552534N00627394EA024440260866
B1241144552532N00627389EA024410260629
B1241154552529N00627385EA024390260482
B1241164552527N00627380EA024360260276
B1241174552526N00627376EA024340260018
B1241184552524N00627372EA024320259769
B1241194552522N00627368EA024290259367
B1241204552520N00627364EA024260259032
B1241214552518N00627359EA024230258622
B1241224552516N00627353EA024190258349
B1241234552514N00627349EA024160257990
B1241244552513N00627344EA024120257616
B1241254552511N00627340EA024080257274
B1241264552510N00627336EA024050256841
B1241274552509N00627331EA024000256426
B1241284552508N00627326EA023960255807
B1241294552506N00627321EA023910255374
B1241304552505N00627315EA023860254812
B1241314552503N00627309EA023820254530
B1241324552501N00627303EA023780254235
B1241334552499N00627298EA023750254067
B1241344552497N00627294EA023730253763
B1241354552495N00627289EA023700253243
B1241364552492N00627284EA023660252880
B1241374552489N00627278EA023620252497
B1241384552487N00627273EA023590252119
B1241394552485N00627269EA023550251711
B1241404552483N00627263EA023510251268
B1241414552481N00627257EA023470250767
B1241424552478N00627252EA023420250111
B1241434552473N00627246EA023370249681
B1241444552468N00627240EA023320249292
B1241454552465N00627235EA023280248901
B1241464552462N00627229EA023230248719
B1241474552459N00627224EA023220248456
B1241484552456N00627219EA023210248048
B1241494552452N00627215EA023180247630
B1241504552448N00627209EA023150247336
B1241514552444N00627203EA023120247097
B1241524552442N00627198EA023090246811
B1241534552438N00627192EA023060246458
B1241544552434N00627188EA023030246240
B1241554552430N00627183EA023000245936
B1241564552426N00627179EA022970245791
B1241574552424N00627174EA022940245415
B1241584552421N00627169EA022920245139
B1241594552418N00627165EA022880244715
B1242004552414N00627160EA022850244274
B1242014552411N00627154EA022810243730
B1242024552408N00627147EA022760243341
B1242034552405N00627140EA022730243061
B1242044552402N00627133EA022690242746
B1242054552398N00627127EA022650242491
B1242064552395N00627120EA022630242185
B1242074552393N00627113EA022600241756
B1242084552391N00627106EA022570241446
B1242094552388N00627099EA022540241161
B1242104552385N00627092EA022510240800
B1242114552381N00627084EA022480240668
B1242124552378N00627078EA022470240431
B1242134552375N00627071EA022450240116
B1242144552371N00627065EA022430239990
B1242154552368N00627058EA022410239683
B1242164552365N00627051EA022390239361
B1242174552362N00627044EA022360239152
B1242184552359N00627037EA022340238932
B1242194552355N00627030EA022310238792
B1242204552352N00627023EA022290238562
B1242214552349N00627016EA022270238343
B1242224552346N00627009EA022260238169
B1242234552343N00627003EA022240237889
B1242244552340N00626997EA022210237485
B1242254552337N00626990EA022190237086
B1242264552334N00626982EA022150236779
B1242274552331N00626975EA022120236582
B1242284552328N00626967EA022090236385
B1242294552325N00626960EA022070236081
B1242304552322N00626953EA022040235880
B1242314552319N00626945EA022010235578
B1242324552316N00626938EA021980235218
B1242334552312N00626931EA021960235133
B1242344552309N00626923EA021960235119
B1242354552306N00626917EA021960235112
B1242364552302N00626911EA021960235087
B1242374552299N00626906EA021960234937
B1242384552296N00626901EA021960234701
B1242394552292N00626894EA021940234599
B1242404552289N00626888EA021930234380
B1242414552287N00626880EA021910234208
B1242424552284N00626873EA021900234187
B1242434552283N00626866EA021880234009
B1242444552280N00626860EA021860233853
B1242454552277N00626853EA021840233639
B1242464552273N00626847EA021820233437
B1242474552269N00626841EA021800233233
B1242484552265N00626835EA021780233135
B1242494552261N00626829EA021760232927
B1242504552256N00626824EA021740232761
B1242514552251N00626817EA021730232488
B1242524552247N00626811EA021700232281
B1242534552243N00626803EA021680232096
B1242544552239N00626796EA021660231882
B1242554552235N00626789EA021640231763
B1242564552231N00626782EA021630231624
B1242574552227N00626776EA021620231503
B1242584552222N00626770EA021620231458
B1242594552218N00626765EA021620231135
B1243004552214N00626759EA021600230815
B1243014552209N00626752EA021580230485
B1243024552205N00626744EA021550230145
B1243034552201N00626736EA021520230000
B1243044552196N00626728EA021500230032
B1243054552191N00626721EA021490230094
B1243064552188N00626715EA021490230141
B1243074552185N00626708EA021490230114
B1243084552180N00626701EA021500230196
B1243094552176N00626695EA021500230121
B1243104552171N00626688EA021500230272
B1243114552167N00626681EA021510230585
B1243124552164N00626675EA021520230746
B1243134552160N00626670EA021540230840
B1243144552156N00626664EA021560230929
B1243154552152N00626659EA021570231002
B1243164552147N00626652EA021590231367
B1243174552143N00626648EA021610231824
B1243184552138N00626645EA021650232497
B1243194552135N00626644EA021680232716
B1243204552132N00626642EA021720232919
B1243214552128N00626640EA021750232971
B1243224552124N00626637EA021780233144
B1243234552118N00626633EA021800233499
B1243244552113N00626630EA021820233805
B1243254552108N00626628EA021840234313
B1243264552103N00626626EA021880234815
B1243274552098N00626624EA021920235219
B1243284552093N00626623EA021960235757
B1243294552089N00626622EA022010236011
B1243304552084N00626620EA022040236284
B1243314552080N00626618EA022080236432
B1243324552075N00626615EA022110236641
B1243334552070N00626612EA022130237021
B1243344552064N00626609EA022150237486
B1243354552059N00626609EA022180237872
B1243364552054N00626608EA022210238177
B1243374552050N00626607EA022250238304
B1243384552045N00626605EA022280238580
B1243394552041N00626602EA022300238620
B1243404552036N00626599EA022310238824
B1243414552031N00626597EA022320239138
B1243424552026N00626597EA022340239527
B1243434552021N00626597EA022370239757
B1243444552017N00626598EA022390239941
B1243454552013N00626598EA022410240073
B1243464552009N00626598EA022430240157
B1243474552004N00626598EA022450240308
B1243484551998N00626598EA022460240546
B1243494551992N00626597EA022480240882
B1243504551988N00626595EA022510241151
B1243514551984N00626593EA022530241671
B1243524551980N00626591EA022570242165
B1243534551976N00626591EA022610242693
B1243544551973N00626592EA022660243020
B1243554551969N00626593EA022700243364
B1243564551965N00626594EA022740243565
B1243574551960N00626594EA022780243677
B1243584551955N00626594EA022790243800
B1243594551950N00626591EA022810244255
B1244004551947N00626588EA022820244490
B1244014551947N00626584EA022840244594
B1244024551950N00626581EA022860244527
B1244034551953N00626580EA022870244741
B1244044551956N00626581EA022890244886
B1244054551960N00626585EA022900244891
B1244064551964N00626591EA022900244849
B1244074551966N00626601EA022900244992
B1244084551967N00626611EA022900244967
B1244094551965N00626622EA022900245026
B1244104551960N00626632EA022900245142
B1244114551954N00626639EA022910245469
B1244124551949N00626646EA022920245833
B1244134551944N00626652EA022950246241
B1244144551939N00626657EA022970246569
B1244154551934N00626664EA023010246880
B1244164551930N00626670EA023040247138
B1244174551925N00626676EA023080247583
B1244184551921N00626679EA023120247933
B1244194551917N00626679EA023160248359
B1244204551913N00626679EA023200248670
B1244214551910N00626677EA023240248974
B1244224551908N00626674EA023280249210
B1244234551907N00626668EA023320249814
B1244244551907N00626662EA023380250526
B1244254551908N00626659EA023430251243
B1244264551910N00626658EA023490251854
B1244274551913N00626658EA023560252269
B1244284551917N00626659EA023610252572
B1244294551922N00626659EA023650252899
B1244304551927N00626662EA023680253295
B1244314551932N00626669EA023710253521
B1244324551934N00626678EA023720253890
B1244334551935N00626687EA023740254032
B1244344551934N00626695EA023770254538
B1244354551931N00626703EA023800254870
B1244364551927N00626707EA023830255186
B1244374551923N00626709EA023860255448
B1244384551919N00626709EA023890255839
B1244394551915N00626707EA023930256332
B1244404551913N00626702EA023970256852
B1244414551913N00626696EA024020257336
B1244424551914N00626690EA024060257895
B1244434551917N00626686EA024120258450
B1244444551920N00626683EA024180258976
B1244454551924N00626684EA024230259396
B1244464551929N00626687EA024280259684
B1244474551934N00626692EA024320259945
B1244484551938N00626699EA024350260309
B1244494551939N00626708EA024380260647
B1244504551938N00626716EA024410260909
B1244514551934N00626725EA024430261220
B1244524551929N00626730EA024460261670
B1244534551925N00626733EA024490262102
B1244544551920N00626732EA024530262696
B1244554551918N00626728EA024570263195
B1244564551918N00626722EA024610263607
B1244574551918N00626717EA024660264168
B1244584551920N00626713EA024710264691
B1244594551924N00626709EA024770265065
B1245004551929N00626707EA024810265404
B1245014551933N00626707EA024860265877
B1245024551938N00626710EA024910266351
B1245034551942N00626716EA024960266791
B1245044551945N00626724EA025000267155
B1245054551946N00626734EA025030267532
B1245064551944N00626743EA025060267880
B1245074551941N00626750EA025090268153
B1245084551937N00626755EA025120268414
B1245094551932N00626758EA025140268933
B1245104551928N00626757EA025180269504
B1245114551925N00626752EA025220270018
B1245124551924N00626747EA025270270430
B1245134551925N00626741EA025320270990
B1245144551929N00626736EA025370271233
B1245154551934N00626734EA025410271668
B1245164551941N00626737EA025460272020
B1245174551947N00626742EA025500272421
B1245184551951N00626750EA025550273083
B1245194551953N00626759EA025590273699
B1245204551954N00626768EA025640274205
B1245214551951N00626776EA025690274763
B1245224551948N00626782EA025740275040
B1245234551945N00626786EA025780275300
B1245244551941N00626788EA025800275506
B1245254551936N00626788EA025820275875
B1245264551933N00626786EA025840276315
B1245274551930N00626781EA025870276869
B1245284551929N00626776EA025900277378
B1245294551929N00626773EA025950277822
B1245304551927N00626770EA025990278265
B1245314551925N00626767EA026040278584
B1245324551923N00626762EA026090278923
B1245334551920N00626757EA026140279625
B1245344551918N00626753EA026190280343
B1245354551918N00626749EA026250281018
B1245364551919N00626745EA026320281555
B1245374551922N00626740EA026380281839
B1245384551925N00626736EA026430282278
B1245394551930N00626734EA026480282703
B1245404551935N00626736EA026520283222
B1245414551940N00626741EA026560283566
B1245424551944N00626749EA026580283767
B1245434551945N00626759EA026590284148
B1245444551944N00626769EA026620284627
B1245454551941N00626777EA026650285321
B1245464551937N00626781EA026700285824
B1245474551933N00626783EA026750286400
B1245484551929N00626781EA026810287019
B1245494551926N00626779EA026860287533
B1245504551924N00626775EA026920288030
B1245514551924N00626769EA026980288505
B1245524551925N00626764EA027040289032
B1245534551928N00626760EA027090289518
B1245544551932N00626759EA027140289847
B1245554551938N00626762EA027180290043
B1245564551943N00626767EA027200290468
B1245574551947N00626775EA027220290754
B1245584551949N00626784EA027250291026
B1245594551947N00626794EA027270291385
B1246004551944N00626803EA027300291725
B1246014551939N00626810EA027340292493
B1246024551935N00626813EA027380293009
B1246034551930N00626814EA027430293637
B1246044551926N00626812EA027490294023
B1246054551923N00626808EA027540294511
B1246064551921N00626803EA027600295086
B1246074551923N00626799EA027660295500
B1246084551926N00626796EA027710295909
B1246094551931N00626798EA027760296401
B1246104551935N00626804EA027810296770
B1246114551938N00626812EA027850297129
B1246124551937N00626823EA027880297648
B1246134551933N00626833EA027910298170
B1246144551928N00626838EA027950298753
B1246154551922N00626839EA028000299399
B1246164551918N00626838EA028050300091
B1246174551916N00626835EA028100300528
B1246184551914N00626833EA028160301136
B1246194551912N00626831EA028220301693
B1246204551913N00626827EA028280302005
B1246214551916N00626823EA028340302316
B1246224551921N00626821EA028380302637
B1246234551927N00626821EA028400303039
B1246244551932N00626825EA028430303515
B1246254551934N00626832EA028460304098
B1246264551935N00626841EA028500304477
B1246274551934N00626850EA028540304831
B1246284551931N00626858EA028590305272
B1246294551927N00626864EA028630305674
B1246304551923N00626868EA028670306058
B1246314551919N00626872EA028710306416
B1246324551914N00626875EA028750307093
B1246334551911N00626876EA028800307423
B1246344551908N00626875EA028840307933
B1246354551906N00626872EA028890308335
B1246364551905N00626867EA028930308597
B1246374551907N00626861EA028960308739
B1246384551911N00626857EA028980309133
B1246394551917N00626855EA029010309620
B1246404551922N00626855EA029040310148
B1246414551927N00626861EA029080310701
B1246424551929N00626867EA029120311099
B1246434551930N00626876EA029160311287
B1246444551929N00626886EA029200311462
B1246454551925N00626894EA029230311750
B1246464551919N00626898EA029250312085
B1246474551913N00626900EA029270312462
B1246484551908N00626901EA029300313145
B1246494551903N00626903EA029340313781
B1246504551900N00626905EA029380314109
B1246514551896N00626909EA029430314302
B1246524551891N00626911EA029460314438
B1246534551886N00626912EA029500314519
B1246544551879N00626913EA029510314549
B1246554551872N00626914EA029510314604
B1246564551864N00626916EA029510314991
B1246574551858N00626919EA029530315362
B1246584551852N00626922EA029550315785
B1246594551847N00626925EA029580315946
B1247004551841N00626927EA029600315992
B1247014551835N00626927EA029620315858
B1247024551828N00626927EA029630315867
B1247034551821N00626928EA029620316040
B1247044551814N00626927EA029630316269
B1247054551808N00626927EA029640316571
B1247064551803N00626925EA029650316606
B1247074551797N00626925EA029670316780
B1247084551792N00626925EA029690316853
B1247094551787N00626926EA029700316710
B1247104551781N00626926EA029690316442
B1247114551774N00626926EA029680316297
B1247124551768N00626926EA029660316125
B1247134551761N00626925EA029650316087
B1247144551755N00626924EA029630315984
B1247154551750N00626922EA029620315756
B1247164551745N00626921EA029600315612
B1247174551739N00626921EA029590315420
B1247184551732N00626921EA029570315353
B1247194551726N00626921EA029560315113
B1247204551720N00626920EA029540315027
B1247214551714N00626919EA029530314929
B1247224551708N00626919EA029520314823
B1247234551702N00626919EA029510314701
B1247244551695N00626919EA029490314483
B1247254551689N00626920EA029470314030
B1247264551682N00626920EA029450313713
B1247274551676N00626919EA029420313501
B1247284551670N00626917EA029390313580
B1247294551665N00626915EA029380313483
B1247304551660N00626915EA029360313150
B1247314551654N00626915EA029340312782
B1247324551648N00626914EA029310312242
B1247334551641N00626912EA029270311871
B1247344551634N00626908EA029230311576
B1247354551628N00626905EA029200311314
B1247364551622N00626903EA029170311202
B1247374551616N00626902EA029150311111
B1247384551610N00626901EA029150310977
B1247394551605N00626901EA029140310693
B1247404551600N00626900EA029120310060
B1247414551594N00626897EA029090309438
B1247424551587N00626895EA029050309026
B1247434551579N00626892EA029010308788
B1247444551572N00626890EA028970308774
B1247454551567N00626888EA028940308803
B1247464551562N00626886EA028920308637
B1247474551557N00626884EA028910308399
B1247484551552N00626882EA028890307987
B1247494551546N00626880EA028860307433
B1247504551539N00626879EA028830307113
B1247514551532N00626878EA028790306912
B1247524551525N00626876EA028760306868
B1247534551519N00626874EA028740306798
B1247544551514N00626872EA028720306476
B1247554551509N00626870EA028710306148
B1247564551503N00626869EA028680305742
B1247574551496N00626867EA028660305497
B1247584551490N00626866EA028620305123
B1247594551484N00626865EA028600304910
B1248004551478N00626863EA028560304628
B1248014551472N00626862EA028540304338
B1248024551466N00626861EA028510304036
B1248034551459N00626860EA028470303672
B1248044551452N00626858EA028440303399
B1248054551446N00626857EA028410303239
B1248064551440N00626856EA028390303136
B1248074551435N00626854EA028390302908
B1248084551429N00626853EA028390302740
B1248094551423N00626851EA028370302396
B1248104551417N00626850EA028350301931
B1248114551410N00626849EA028320301630
B1248124551403N00626849EA028290301533
B1248134551397N00626850EA028260301705
B1248144551392N00626850EA028260301729
B1248154551388N00626850EA028260301614
B1248164551383N00626850EA028250301370
B1248174551378N00626849EA028240300939
B1248184551371N00626849EA028210300592
B1248194551365N00626849EA028180300205
B1248204551358N00626849EA028150300158
B1248214551352N00626850EA028130300240
B1248224551347N00626849EA028110300113
B1248234551342N00626848EA028100300007
B1248244551336N00626848EA028100299983
B1248254551331N00626848EA028090299720
B1248264551325N00626847EA028080299561
B1248274551319N00626845EA028060299462
B1248284551313N00626843EA028050299378
B1248294551307N00626843EA028040299160
B1248304551301N00626843EA028020299050
B1248314551295N00626842EA028010298931
B1248324551288N00626840EA028000298894
B1248334551283N00626839EA027990298802
B1248344551277N00626839EA027990298841
B1248354551272N00626840EA027990298743
B1248364551267N00626841EA027990298625
B1248374551261N00626841EA027990298694
B1248384551256N00626840EA027980298541
B1248394551250N00626838EA027980298586
B1248404551245N00626837EA027970298445
B1248414551240N00626837EA027960298406
B1248424551234N00626837EA027960298355
B1248434551229N00626837EA027950298224
B1248444551224N00626837EA027940298131
B1248454551219N00626836EA027930298054
B1248464551214N00626835EA027920297725
B1248474551208N00626835EA027900297501
B1248484551201N00626835EA027880297432
B1248494551194N00626835EA027870297495
B1248504551189N00626835EA027860297525
B1248514551183N00626835EA027860297584
B1248524551178N00626835EA027870297383
B1248534551173N00626835EA027860297110
B1248544551167N00626834EA027850297023
B1248554551161N00626833EA027840296938
B1248564551156N00626832EA027830296805
B1248574551151N00626831EA027810296744
B1248584551146N00626830EA027800296591
B1248594551142N00626829EA027790296325
B1249004551137N00626829EA027770296103
B1249014551131N00626829EA027750295963
B1249024551126N00626829EA027730295870
B1249034551121N00626828EA027710295794
B1249044551117N00626828EA027700295840
B1249054551113N00626827EA027710295917
B1249064551109N00626827EA027720296256
B1249074551106N00626827EA027740296548
B1249084551103N00626828EA027760296586
B1249094551100N00626828EA027770296446
B1249104551096N00626828EA027780296311
B1249114551090N00626828EA027770296207
B1249124551083N00626830EA027760296351
B1249134551077N00626832EA027770296633
B1249144551072N00626834EA027780297105
B1249154551067N00626836EA027810297528
B1249164551062N00626838EA027840297961
B1249174551057N00626839EA027870298151
B1249184551052N00626840EA027900298320
B1249194551046N00626841EA027930298565
B1249204551041N00626843EA027960298820
B1249214551036N00626844EA027990299129
B1249224551031N00626846EA028030299480
B1249234551028N00626847EA028060299601
B1249244551024N00626848EA028080299645
B1249254551020N00626850EA028080299595
B1249264551016N00626853EA028070299344
B1249274551011N00626855EA028060299309
B1249284551005N00626858EA028050299553
B1249294551000N00626860EA028060299802
B1249304550995N00626862EA028070300134
B1249314550990N00626864EA028090300467
B1249324550985N00626867EA028120300573
B1249334550980N00626870EA028130300580
B1249344550975N00626872EA028150300547
B1249354550969N00626874EA028160300699
B1249364550965N00626877EA028170300823
B1249374550961N00626880EA028190300901
B1249384550957N00626883EA028190300913
B1249394550953N00626887EA028190300800
B1249404550948N00626890EA028180300745
B1249414550943N00626894EA028180300727
B1249424550938N00626899EA028180300956
B1249434550934N00626905EA028190301411
B1249444550930N00626909EA028210301733
B1249454550926N00626912EA028240302088
B1249464550923N00626917EA028270302222
B1249474550919N00626923EA028300302333
B1249484550915N00626930EA028320302626
B1249494550911N00626938EA028350303186
B1249504550909N00626946EA028390303770
B1249514550908N00626953EA028430304290
B1249524550908N00626959EA028480304517
B1249534550906N00626967EA028520304612
B1249544550903N00626975EA028550304771
B1249554550901N00626983EA028560304917
B1249564550898N00626992EA028570305344
B1249574550895N00626999EA028600305968
B1249584550892N00627004EA028630306465
B1249594550888N00627006EA028670306786
B1250004550884N00627007EA028710306984
B1250014550881N00627006EA028750307118
B1250024550877N00627004EA028780307338
B1250034550873N00627001EA028810307538
B1250044550869N00626998EA028840307752
B1250054550865N00626993EA028850308087
B1250064550863N00626988EA028860308207
B1250074550861N00626982EA028880308319
B1250084550859N00626976EA028890308491
B1250094550859N00626969EA028910308540
B1250104550860N00626960EA028920308683
B1250114550863N00626951EA028930308951
B1250124550866N00626942EA028950309465
B1250134550869N00626934EA028990310055
B1250144550872N00626928EA029030310639
B1250154550875N00626924EA029090311002
B1250164550878N00626919EA029140311307
B1250174550881N00626915EA029180311541
B1250184550885N00626910EA029220311650
B1250194550890N00626904EA029240311949
B1250204550895N00626900EA029260312245
B1250214550900N00626898EA029290312631
B1250224550905N00626898EA029320312940
B1250234550910N00626900EA029350313166
B1250244550916N00626904EA029380313208
B1250254550921N00626910EA029390313406
B1250264550925N00626917EA029390313654
B1250274550928N00626924EA029400313886
B1250284550932N00626932EA029420314008
B1250294550935N00626941EA029430314311
B1250304550938N00626949EA029450314503
B1250314550940N00626957EA029480314861
B1250324550943N00626964EA029510315147
B1250334550945N00626972EA029540315393
B1250344550948N00626980EA029560315616
B1250354550949N00626989EA029590315920
B1250364550949N00626997EA029620316158
B1250374550949N00627007EA029640316321
B1250384550947N00627016EA029660316696
B1250394550945N00627024EA029680316975
B1250404550942N00627029EA029710317211
B1250414550938N00627030EA029730317317
B1250424550933N00627029EA029760317547
B1250434550930N00627026EA029780317590
B1250444550930N00627019EA029800317769
B1250454550933N00627013EA029810317810
B1250464550938N00627007EA029830318134
B1250474550944N00627005EA029860318362
B1250484550951N00627007EA029880318665
B1250494550956N00627013EA029910318973
B1250504550958N00627022EA029930319157
B1250514550958N00627031EA029950319321
B1250524550955N00627037EA029970319505
B1250534550950N00627039EA029990319767
B1250544550947N00627037EA030000319808
B1250554550944N00627032EA030010319961
B1250564550944N00627025EA030020320238
B1250574550946N00627020EA030050320612
B1250584550950N00627017EA030070320817
B1250594550955N00627016EA030100321048
B1251004550960N00627018EA030120321170
B1251014550965N00627021EA030140321369
B1251024550969N00627027EA030170321586
B1251034550972N00627034EA030190321857
B1251044550974N00627042EA030210322111
B1251054550973N00627049EA030230322462
B1251064550971N00627056EA030250322662
B1251074550968N00627062EA030280322851
B1251084550964N00627066EA030290323053
B1251094550959N00627068EA030310323173
B1251104550955N00627068EA030330323384
B1251114550952N00627063EA030350323486
B1251124550951N00627058EA030370323692
B1251134550955N00627051EA030380323808
B1251144550960N00627049EA030410323900
B1251154550967N00627051EA030420324103
B1251164550971N00627057EA030440324291
B1251174550973N00627066EA030450324496
B1251184550973N00627076EA030460324771
B1251194550971N00627083EA030470325137
B1251204550967N00627089EA030490325496
B1251214550963N00627093EA030510325574
B1251224550959N00627096EA030530325739
B1251234550954N00627100EA030550325865
B1251244550949N00627104EA030570326165
B1251254550944N00627107EA030590326257
B1251264550939N00627109EA030610326428
B1251274550933N00627111EA030630326756
B1251284550927N00627114EA030660327052
B1251294550921N00627118EA030690327570
B1251304550916N00627121EA030720327875
B1251314550911N00627124EA030750328081
B1251324550907N00627125EA030780328213
B1251334550902N00627125EA030800328241
B1251344550897N00627124EA030790328108
B1251354550890N00627124EA030790328085
B1251364550884N00627124EA030780328151
B1251374550878N00627122EA030780328245
B1251384550872N00627120EA030790328364
B1251394550866N00627117EA030800328530
B1251404550859N00627113EA030810328983
B1251414550854N00627109EA030830329238
B1251424550849N00627107EA030860329444
B1251434550843N00627105EA030890329682
B1251444550838N00627102EA030910329737
B1251454550832N00627099EA030930329978
B1251464550826N00627097EA030960330372
B1251474550821N00627094EA030990330713
B1251484550815N00627091EA031020331192
B1251494550810N00627088EA031050331480
B1251504550805N00627085EA031090331882
B1251514550801N00627083EA031130332221
B1251524550796N00627080EA031170332678
B1251534550792N00627078EA031210333052
B1251544550788N00627074EA031250333309
B1251554550783N00627070EA031290333665
B1251564550779N00627065EA031320334045
B1251574550776N00627060EA031350334306
B1251584550772N00627055EA031390334788
B1251594550769N00627050EA031420335057
B1252004550766N00627045EA031450335222
B1252014550762N00627039EA031460335380
B1252024550758N00627031EA031460335498
B1252034550755N00627024EA031470335631
B1252044550752N00627017EA031490335910
B1252054550748N00627010EA031510336196
B1252064550745N00627005EA031530336262
B1252074550741N00627000EA031550336284
B1252084550737N00626995EA031550336035
B1252094550731N00626990EA031540335885
B1252104550726N00626985EA031520335606
B1252114550720N00626981EA031500335703
B1252124550714N00626977EA031490335748
B1252134550708N00626974EA031490335764
B1252144550702N00626971EA031490335685
B1252154550697N00626968EA031490335555
B1252164550692N00626963EA031480335325
B1252174550687N00626957EA031470335284
B1252184550683N00626950EA031460334946
B1252194550678N00626944EA031440334594
B1252204550673N00626938EA031410334068
B1252214550667N00626934EA031370333450
B1252224550660N00626931EA031320332705
B1252234550650N00626931EA031260332465
B1252244550641N00626932EA031220332624
B1252254550632N00626932EA031210333102
B1252264550624N00626931EA031240333693
B1252274550618N00626930EA031270333994
B1252284550613N00626929EA031310334135
B1252294550607N00626929EA031330334200
B1252304550600N00626929EA031360334332
B1252314550594N00626929EA031380334515
B1252324550588N00626930EA031390334516
B1252334550582N00626932EA031390334521
B1252344550575N00626934EA031390334593
B1252354550569N00626937EA031380334573
B1252364550564N00626940EA031380334407
B1252374550558N00626944EA031380334442
B1252384550553N00626947EA031380334404
B1252394550547N00626951EA031380334385
B1252404550542N00626956EA031370334248
B1252414550536N00626963EA031370334292
B1252424550531N00626969EA031360334353
B1252434550526N00626975EA031370334476
B1252444550522N00626981EA031370334540
B1252454550517N00626986EA031380334494
B1252464550513N00626992EA031370334303
B1252474550507N00626998EA031370334233
B1252484550501N00627004EA031360334282
B1252494550496N00627009EA031360334398
B1252504550492N00627015EA031370334433
B1252514550487N00627021EA031370334497
B1252524550483N00627028EA031370334336
B1252534550478N00627035EA031370334383
B1252544550474N00627041EA031370334302
B1252554550469N00627047EA031360334124
B1252564550464N00627053EA031350333815
B1252574550458N00627059EA031330333799
B1252584550453N00627066EA031320333556
B1252594550448N00627073EA031300333450
B1253004550443N00627078EA031290333477
B1253014550437N00627081EA031280333483
B1253024550431N00627081EA031260333131
B1253034550424N00627078EA031240332784
B1253044550418N00627075EA031220332401
B1253054550411N00627071EA031190332347
B1253064550405N00627068EA031170332138
B1253074550399N00627066EA031150331952
B1253084550393N00627063EA031130331653
B1253094550387N00627060EA031100331361
B1253104550381N00627056EA031080331160
B1253114550375N00627051EA031050330955
B1253124550369N00627047EA031030330761
B1253134550363N00627042EA031010330585
B1253144550357N00627037EA030990330296
B1253154550351N00627033EA030960330080
B1253164550345N00627028EA030940329873
B1253174550339N00627023EA030920329545
B1253184550333N00627018EA030890329243
B1253194550327N00627012EA030870329094
B1253204550322N00627006EA030840328754
B1253214550316N00627000EA030820328586
B1253224550310N00626995EA030800328377
B1253234550304N00626991EA030780328274
B1253244550298N00626986EA030770328188
B1253254550293N00626982EA030770328254
B1253264550288N00626977EA030770328258
B1253274550283N00626973EA030770328038
B1253284550278N00626969EA030770327802
B1253294550272N00626963EA030760327648
B1253304550266N00626958EA030740327340
B1253314550260N00626952EA030720327130
B1253324550254N00626946EA030700327006
B1253334550247N00626940EA030680326967
B1253344550241N00626934EA030660326884
B1253354550236N00626928EA030650326860
B1253364550231N00626922EA030650326897
B1253374550227N00626917EA030650326718
B1253384550222N00626912EA030650326486
B1253394550218N00626906EA030630326024
B1253404550213N00626898EA030600325757
B1253414550208N00626890EA030570325491
B1253424550204N00626881EA030540325278
B1253434550200N00626875EA030510325140
B1253444550195N00626869EA030480324902
B1253454550189N00626863EA030450324644
B1253464550184N00626856EA030420324206
B1253474550179N00626848EA030390323925
B1253484550174N00626840EA030360323643
B1253494550168N00626832EA030330323468
B1253504550162N00626826EA030310323356
B1253514550156N00626821EA030300323250
B1253524550150N00626815EA030300323149
B1253534550144N00626811EA030290322950
B1253544550138N00626806EA030280322664
B1253554550132N00626801EA030270322444
B1253564550126N00626796EA030250322200
B1253574550119N00626790EA030220321926
B1253584550112N00626785EA030190321703
B1253594550105N00626780EA030170321656
B1254004550099N00626776EA030150321662
B1254014550094N00626772EA030140321430
B1254024550088N00626768EA030130321284
B1254034550082N00626764EA030110320966
B1254044550075N00626760EA030090320757
B1254054550068N00626756EA030070320635
B1254064550061N00626752EA030050320569
B1254074550055N00626749EA030030320417
B1254084550048N00626747EA030020320351
B1254094550041N00626744EA030010320198
B1254104550035N00626742EA030000319921
B1254114550028N00626738EA029990319877
B1254124550022N00626735EA029970319709
B1254134550015N00626733EA029960319646
B1254144550009N00626731EA029950319520
B1254154550003N00626727EA029940319427
B1254164549997N00626724EA029930319233
B1254174549991N00626721EA029920319013
B1254184549985N00626718EA029900318806
B1254194549978N00626715EA029880318666
B1254204549972N00626712EA029860318330
B1254214549965N00626708EA029840318195
B1254224549959N00626705EA029820317973
B1254234549953N00626703EA029800317730
B1254244549946N00626702EA029780317561
B1254254549939N00626702EA029750317291
B1254264549933N00626701EA029730317156
B1254274549927N00626701EA029720316963
B1254284549921N00626702EA029700316693
B1254294549915N00626704EA029680316207
B1254304549907N00626707EA029650316186
B1254314549901N00626709EA029630316115
B1254324549895N00626710EA029620316066
B1254334549890N00626712EA029620315800
B1254344549883N00626714EA029610315685
B1254354549876N00626718EA029590315486
B1254364549870N00626723EA029580315485
B1254374549866N00626728EA029560315433
B1254384549862N00626732EA029560315330
B1254394549858N00626735EA029550315141
B1254404549853N00626737EA029530314658
B1254414549847N00626741EA029500314199
B1254424549841N00626747EA029470313662
B1254434549834N00626753EA029430313356
B1254444549827N00626760EA029400313543
B1254454549820N00626765EA029400313985
B1254464549814N00626770EA029420314490
B1254474549808N00626774EA029440314947
B1254484549801N00626778EA029480315381
B1254494549794N00626778EA029520315779
B1254504549788N00626778EA029570316137
B1254514549782N00626778EA029620316469
B1254524549777N00626780EA029660316570
B1254534549772N00626781EA029690316427
B1254544549765N00626782EA029680316066
B1254554549757N00626783EA029650315613
B1254564549748N00626784EA029620315326
B1254574549739N00626787EA029590315144
B1254584549730N00626790EA029550315012
B1254594549721N00626791EA029530315025
B1255004549712N00626791EA029520315358
B1255014549705N00626792EA029540315517
B1255024549698N00626793EA029560315737
B1255034549691N00626794EA029570315723
B1255044549683N00626795EA029590315649
B1255054549674N00626798EA029590315596
B1255064549666N00626802EA029580315536
B1255074549657N00626807EA029580315674
B1255084549649N00626812EA029580315751
B1255094549641N00626816EA029590315864
B1255104549633N00626820EA029590315899
B1255114549626N00626826EA029600315777
B1255124549619N00626833EA029600315722
B1255134549611N00626840EA029590315652
B1255144549603N00626847EA029590315567
B1255154549596N00626854EA029580315406
B1255164549588N00626861EA029570315483
B1255174549582N00626867EA029560315316
B1255184549575N00626874EA029550315062
B1255194549569N00626881EA029540314737
B1255204549563N00626889EA029510314408
B1255214549556N00626898EA029480314149
B1255224549550N00626907EA029460314009
B1255234549544N00626918EA029430313951
B1255244549539N00626928EA029410313881
B1255254549535N00626937EA029400313767
B1255264549531N00626947EA029390313552
B1255274549527N00626957EA029380313366
B1255284549523N00626968EA029360313169
B1255294549519N00626980EA029350313011
B1255304549514N00626990EA029330313020
B1255314549508N00626998EA029330313188
B1255324549504N00627006EA029330313208
B1255334549499N00627014EA029340313396
B1255344549495N00627022EA029350313294
B1255354549491N00627030EA029340313064
B1255364549487N00627038EA029330312700
B1255374549482N00627045EA029320312555
B1255384549477N00627053EA029300312274
B1255394549472N00627062EA029270312080
B1255404549467N00627071EA029250311951
B1255414549462N00627079EA029230311819
B1255424549457N00627088EA029220311957
B1255434549453N00627097EA029220311914
B1255444549449N00627106EA029220311701
B1255454549444N00627115EA029220311681
B1255464549440N00627124EA029210311450
B1255474549435N00627132EA029200311265
B1255484549430N00627140EA029180311188
B1255494549426N00627149EA029160311012
B1255504549421N00627157EA029150310887
B1255514549417N00627166EA029130310755
B1255524549413N00627175EA029120310564
B1255534549409N00627184EA029100310369
B1255544549405N00627194EA029080310272
B1255554549401N00627203EA029070310173
B1255564549397N00627211EA029060310063
B1255574549393N00627219EA029050309964
B1255584549389N00627228EA029050309980
B1255594549385N00627237EA029050309961
B1256004549381N00627246EA029050310036
B1256014549377N00627255EA029050310217
B1256024549373N00627264EA029060310482
B1256034549371N00627272EA029070310630
B1256044549368N00627279EA029090310776
B1256054549365N00627286EA029100310639
B1256064549361N00627294EA029100310442
B1256074549357N00627302EA029090310111
B1256084549352N00627309EA029070309879
B1256094549348N00627318EA029050309546
B1256104549344N00627327EA029020309216
B1256114549339N00627336EA029000309193
B1256124549335N00627344EA028970308988
B1256134549331N00627353EA028950308784
B1256144549327N00627362EA028920308590
B1256154549323N00627370EA028900308373
B1256164549319N00627378EA028880308161
B1256174549315N00627385EA028850307989
B1256184549312N00627393EA028840307718
B1256194549308N00627401EA028820307526
B1256204549304N00627409EA028800307331
B1256214549300N00627416EA028790307241
B1256224549296N00627422EA028770307168
B1256234549293N00627429EA028750306918
B1256244549290N00627437EA028740306723
B1256254549287N00627444EA028720306645
B1256264549284N00627451EA028710306445
B1256274549280N00627458EA028700306277
B1256284549276N00627465EA028680306078
B1256294549272N00627473EA028660305961
B1256304549268N00627480EA028650305971
B1256314549265N00627486EA028640305827
B1256324549261N00627493EA028640305670
B1256334549257N00627499EA028630305475
B1256344549253N00627506EA028620305153
B1256354549249N00627513EA028600304814
B1256364549244N00627521EA028580304680
B1256374549241N00627528EA028550304501
B1256384549237N00627535EA028530304380
B1256394549234N00627541EA028510304049
B1256404549230N00627549EA028480303690
B1256414549227N00627556EA028450303308
B1256424549222N00627565EA028420303071
B1256434549218N00627573EA028390302844
B1256444549214N00627581EA028360302645
B1256454549210N00627589EA028330302537
B1256464549205N00627597EA028320302385
B1256474549201N00627605EA028310302210
B1256484549196N00627612EA028310302140
B1256494549191N00627618EA028310302079
B1256504549187N00627625EA028290301779
B1256514549183N00627633EA028280301464
B1256524549179N00627641EA028250301009
B1256534549174N00627650EA028220300779
B1256544549169N00627660EA028190300694
B1256554549164N00627669EA028170300683
B1256564549159N00627677EA028150300689
B1256574549155N00627686EA028150300660
B1256584549151N00627693EA028150300589
B1256594549147N00627702EA028150300440
B1257004549142N00627710EA028140300250
B1257014549137N00627718EA028130300002
B1257024549131N00627726EA028110299924
B1257034549126N00627735EA028090299710
B1257044549121N00627743EA028080299679
B1257054549118N00627752EA028060299527
B1257064549114N00627760EA028050299347
B1257074549109N00627768EA028030299188
B1257084549104N00627776EA028010298877
B1257094549099N00627785EA027990298641
B1257104549094N00627793EA027970298545
B1257114549089N00627802EA027950298331
B1257124549084N00627810EA027930298109
B1257134549078N00627819EA027910297978
B1257144549073N00627829EA027890297651
B1257154549068N00627838EA027870297323
B1257164549062N00627847EA027840297197
B1257174549057N00627856EA027820296973
B1257184549052N00627865EA027790296781
B1257194549048N00627874EA027770296501
B1257204549043N00627883EA027750296264
B1257214549038N00627892EA027730295994
B1257224549034N00627900EA027700295635
B1257234549029N00627908EA027670295373
B1257244549025N00627915EA027640295049
B1257254549021N00627923EA027620294833
B1257264549017N00627930EA027600294546
B1257274549013N00627937EA027570294106
B1257284549008N00627945EA027540293714
B1257294549003N00627952EA027510293316
B1257304548997N00627960EA027470292970
B1257314548992N00627967EA027440292622
B1257324548986N00627974EA027410292374
B1257334548981N00627981EA027380292146
B1257344548976N00627988EA027360291738
B1257354548971N00627996EA027340291420
B1257364548966N00628003EA027310291023
B1257374548961N00628010EA027270290738
B1257384548957N00628018EA027240290308
B1257394548952N00628026EA027210289999
B1257404548949N00628035EA027170289622
B1257414548945N00628043EA027130289342
B1257424548941N00628051EA027090288843
B1257434548937N00628059EA027040288309
B1257444548932N00628069EA026990287866
B1257454548928N00628079EA026950287448
B1257464548924N00628090EA026910287120
B1257474548920N00628099EA026870287004
B1257484548916N00628108EA026860286802
B1257494548912N00628116EA026850286619
B1257504548908N00628125EA026830286219
B1257514548904N00628135EA026810285835
B1257524548900N00628145EA026780285528
B1257534548895N00628156EA026750285391
B1257544548891N00628166EA026720285151
B1257554548887N00628176EA026700285150
B1257564548883N00628185EA026680284999
B1257574548880N00628195EA026660284636
B1257584548876N00628205EA026640284374
B1257594548872N00628215EA026610284077
B1258004548868N00628226EA026590283862
B1258014548864N00628236EA026580283941
B1258024548860N00628244EA026580283955
B1258034548856N00628252EA026580283842
B1258044548852N00628260EA026580283644
B1258054548848N00628269EA026570283454
B1258064548844N00628279EA026560283241
B1258074548840N00628288EA026540283116
B1258084548835N00628297EA026530283073
B1258094548831N00628305EA026510283014
B1258104548826N00628313EA026500282941
B1258114548821N00628320EA026490282752
B1258124548817N00628327EA026480282505
B1258134548812N00628335EA026460282342
B1258144548807N00628343EA026440282183
B1258154548803N00628351EA026420281904
B1258164548798N00628359EA026400281713
B1258174548792N00628367EA026380281490
B1258184548787N00628374EA026360281269
B1258194548782N00628383EA026330280952
B1258204548777N00628391EA026300280645
B1258214548772N00628399EA026280280414
B1258224548766N00628406EA026250280181
B1258234548761N00628412EA026220279828
B1258244548756N00628420EA026190279524
B1258254548751N00628428EA026160279287
B1258264548747N00628437EA026130278821
B1258274548742N00628444EA026100278559
B1258284548737N00628452EA026070278243
B1258294548732N00628460EA026040278060
B1258304548728N00628468EA026020277910
B1258314548724N00628476EA026010277817
B1258324548720N00628484EA026010277844
B1258334548716N00628491EA026010277786
B1258344548713N00628498EA026010277667
B1258354548710N00628506EA026000277363
B1258364548707N00628514EA025990277184
B1258374548704N00628522EA025980276991
B1258384548701N00628529EA025960276793
B1258394548699N00628536EA025930276529
B1258404548696N00628545EA025910276195
B1258414548694N00628555EA025880275935
B1258424548691N00628565EA025860275837
B1258434548687N00628574EA025840275716
B1258444548682N00628582EA025820275885
B1258454548679N00628590EA025820275854
B1258464548677N00628599EA025820275823
B1258474548674N00628608EA025830275750
B1258484548671N00628616EA025830275711
B1258494548666N00628623EA025820275598
B1258504548662N00628631EA025810275478
B1258514548659N00628640EA025810275404
B1258524548656N00628649EA025800275321
B1258534548653N00628658EA025790275208
B1258544548649N00628667EA025780275339
B1258554548645N00628675EA025780275429
B1258564548640N00628683EA025790275491
B1258574548637N00628689EA025790275417
B1258584548633N00628696EA025790275296
B1258594548630N00628704EA025780274965
B1259004548627N00628712EA025760274538
B1259014548623N00628721EA025740274344
B1259024548619N00628729EA025720274236
B1259034548615N00628737EA025700274164
B1259044548612N00628744EA025670273916
B1259054548608N00628751EA025650273783
B1259064548605N00628758EA025630273421
B1259074548601N00628765EA025610273135
B1259084548597N00628773EA025580272913
B1259094548592N00628780EA025560272883
B1259104548588N00628786EA025540272764
B1259114548584N00628792EA025520272534
B1259124548580N00628797EA025500272308
B1259134548575N00628803EA025490272048
B1259144548570N00628810EA025470271786
B1259154548566N00628817EA025450271556
B1259164548562N00628825EA025430271441
B1259174548558N00628832EA025410271263
B1259184548554N00628839EA025390271094
B1259194548551N00628846EA025370270827
B1259204548547N00628854EA025350270627
B1259214548543N00628862EA025330270427
B1259224548538N00628870EA025310270285
B1259234548534N00628877EA025300270169
B1259244548530N00628884EA025290270057
B1259254548526N00628891EA025280269864
B1259264548522N00628898EA025270269772
B1259274548518N00628904EA025260269577
B1259284548514N00628911EA025240269361
B1259294548510N00628917EA025230269141
B1259304548506N00628923EA025210268911
B1259314548501N00628929EA025190268785
B1259324548497N00628936EA025170268472
B1259334548493N00628943EA025140268243
B1259344548489N00628950EA025120268111
B1259354548484N00628956EA025100268099
B1259364548481N00628963EA025080267904
B1259374548477N00628969EA025070267736
B1259384548473N00628975EA025060267579
B1259394548470N00628982EA025050267305
B1259404548466N00628988EA025030267009
B1259414548462N00628995EA025010266807
B1259424548458N00629002EA024990266608
B1259434548454N00629010EA024970266420
B1259444548450N00629017EA024950266351
B1259454548446N00629023EA024930266198
B1259464548442N00629030EA024910265993
B1259474548438N00629036EA024890265778
B1259484548434N00629043EA024870265654
B1259494548430N00629049EA024850265567
B1259504548426N00629056EA024840265371
B1259514548422N00629062EA024820265183
B1259524548418N00629068EA024810265064
B1259534548414N00629074EA024800264846
B1259544548410N00629080EA024780264779
B1259554548407N00629087EA024770264500
B1259564548403N00629092EA024760264338
B1259574548399N00629098EA024740264169
B1259584548395N00629104EA024720263963
B1259594548391N00629110EA024710263742
B1300004548387N00629116EA024690263536
B1300014548383N00629123EA024670263402
B1300024548378N00629129EA024660263492
B1300034548374N00629135EA024640263280
B1300044548370N00629140EA024630263199
B1300054548367N00629146EA024620262908
B1300064548363N00629152EA024610262709
B1300074548359N00629159EA024590262510
B1300084548355N00629165EA024570262332
B1300094548351N00629170EA024560262239
B1300104548347N00629176EA024540262012
B1300114548343N00629181EA024520261818
B1300124548339N00629187EA024500261716
B1300134548335N00629193EA024490261625
B1300144548331N00629199EA024470261452
B1300154548327N00629204EA024460261246
B1300164548323N00629210EA024440261041
B1300174548319N00629215EA024430260938
B1300184548315N00629221EA024410260746
B1300194548311N00629227EA024400260572
B1300204548307N00629232EA024380260476
B1300214548303N00629237EA024360260279
B1300224548299N00629243EA024350259964
B1300234548295N00629249EA024320259742
B1300244548291N00629255EA024300259542
B1300254548287N00629261EA024280259241
B1300264548283N00629266EA024260259058
B1300274548279N00629272EA024230258819
B1300284548274N00629279EA024210258574
B1300294548270N00629286EA024180258345
B1300304548265N00629294EA024150258160
B1300314548260N00629301EA024130257951
B1300324548255N00629307EA024120257824
B1300334548249N00629313EA024110257781
B1300344548244N00629318EA024110257678
B1300354548239N00629324EA024100257457
B1300364548234N00629330EA024090257227
B1300374548228N00629336EA024080257185
B1300384548223N00629342EA024060256920
B1300394548217N00629347EA024040256792
B1300404548212N00629352EA024020256566
B1300414548207N00629358EA024000256330
B1300424548202N00629363EA023980256015
B1300434548196N00629368EA023960255859
B1300444548191N00629374EA023940255600
B1300454548185N00629378EA023910255408
B1300464548178N00629383EA023890255294
B1300474548172N00629388EA023870255082
B1300484548167N00629393EA023850254811
B1300494548161N00629398EA023830254732
B1300504548155N00629402EA023820254535
B1300514548149N00629406EA023800254404
B1300524548143N00629410EA023790254219
B1300534548137N00629416EA023780254142
B1300544548132N00629421EA023760253916
B1300554548126N00629426EA023750253757
B1300564548120N00629431EA023730253674
B1300574548114N00629435EA023710253497
B1300584548109N00629440EA023690253225
B1300594548103N00629446EA023680253086
B1301004548098N00629453EA023660252841
B1301014548092N00629458EA023640252778
B1301024548086N00629463EA023640252795
B1301034548081N00629468EA023640252600
B1301044548075N00629472EA023630252500
B1301054548069N00629476EA023630252419
B1301064548063N00629482EA023620252331
B1301074548057N00629487EA023610252285
B1301084548052N00629492EA023600252126
B1301094548046N00629497EA023590252165
B1301104548041N00629502EA023580252038
B1301114548036N00629507EA023580251908
B1301124548030N00629513EA023570251732
B1301134548025N00629518EA023560251608
B1301144548020N00629524EA023550251611
B1301154548015N00629529EA023540251554
B1301164548011N00629534EA023530251423
B1301174548006N00629539EA023520251282
B1301184548002N00629544EA023510250913
B1301194547997N00629549EA023490250737
B1301204547992N00629555EA023470250446
B1301214547987N00629561EA023450250369
B1301224547983N00629568EA023430250201
B1301234547978N00629573EA023410250169
B1301244547974N00629579EA023400250054
B1301254547970N00629584EA023380249839
B1301264547966N00629590EA023360249606
B1301274547960N00629596EA023340249295
B1301284547955N00629603EA023310248901
B1301294547949N00629609EA023280248706
B1301304547943N00629616EA023260248532
B1301314547937N00629622EA023240248495
B1301324547932N00629628EA023220248365
B1301334547926N00629633EA023200248099
B1301344547921N00629640EA023190247801
B1301354547914N00629646EA023170247589
B1301364547909N00629653EA023150247417
B1301374547903N00629660EA023130247253
B1301384547897N00629666EA023120247195
B1301394547892N00629672EA023100247036
B1301404547887N00629678EA023090246828
B1301414547882N00629685EA023070246651
B1301424547877N00629691EA023060246456
B1301434547872N00629697EA023040246239
B1301444547866N00629704EA023020246085
B1301454547861N00629711EA023000245754
B1301464547856N00629718EA022980245549
B1301474547851N00629726EA022960245354
B1301484547846N00629733EA022940245274
B1301494547841N00629740EA022920244954
B1301504547836N00629747EA022900244832
B1301514547831N00629754EA022880244634
B1301524547826N00629761EA022860244465
B1301534547822N00629768EA022850244308
B1301544547817N00629776EA022840244154
B1301554547813N00629783EA022830244017
B1301564547808N00629791EA022810243881
B1301574547804N00629798EA022800243678
B1301584547800N00629806EA022780243387
B1301594547796N00629814EA022760243166
B1302004547792N00629822EA022740242817
B1302014547787N00629830EA022710242659
B1302024547783N00629839EA022690242432
B1302034547779N00629847EA022670242352
B1302044547775N00629855EA022650242152
B1302054547771N00629863EA022630241933
B1302064547766N00629871EA022600241693
B1302074547762N00629879EA022580241594
B1302084547758N00629888EA022560241380
B1302094547755N00629896EA022550241103
B1302104547751N00629904EA022530241026
B1302114547747N00629912EA022510240838
B1302124547743N00629921EA022500240720
B1302134547739N00629929EA022480240522
B1302144547735N00629937EA022470240324
B1302154547731N00629945EA022450240123
B1302164547727N00629953EA022440239904
B1302174547723N00629961EA022420239709
B1302184547718N00629970EA022400239591
B1302194547714N00629978EA022390239482
B1302204547710N00629986EA022380239351
B1302214547706N00629993EA022380239264
B1302224547703N00630000EA022370239201
B1302234547699N00630006EA022370239059
B1302244547695N00630013EA022350238887
B1302254547692N00630020EA022340238605
B1302264547688N00630027EA022330238426
B1302274547684N00630035EA022310238320
B1302284547680N00630042EA022290238134
B1302294547676N00630049EA022270238048
B1302304547672N00630056EA022260238059
B1302314547668N00630063EA022240237879
B1302324547665N00630071EA022230237601
B1302334547661N00630078EA022210237427
B1302344547657N00630086EA022200237323
B1302354547653N00630093EA022190237225
B1302364547649N00630100EA022180237232
B1302374547645N00630106EA022170237067
B1302384547641N00630113EA022160236952
B1302394547637N00630119EA022150236757
B1302404547633N00630126EA022130236536
B1302414547629N00630133EA022120236401
B1302424547624N00630139EA022100236375
B1302434547620N00630145EA022090236137
B1302444547616N00630151EA022070236019
B1302454547611N00630157EA022060235889
B1302464547607N00630164EA022040235677
B1302474547603N00630171EA022030235469
B1302484547599N00630179EA022010235361
B1302494547595N00630186EA021990235251
B1302504547591N00630192EA021980235067
B1302514547587N00630199EA021960234993
B1302524547584N00630206EA021940234703
B1302534547579N00630213EA021930234590
B1302544547575N00630219EA021930234477
B1302554547571N00630226EA021920234236
B1302564547567N00630233EA021910234113
B1302574547563N00630240EA021890233900
B1302584547559N00630247EA021880233830
B1302594547555N00630254EA021860233681
B1303004547552N00630261EA021840233424
B1303014547548N00630268EA021820233234
B1303024547544N00630275EA021810233036
B1303034547540N00630283EA021790232961
B1303044547537N00630290EA021770232718
B1303054547534N00630298EA021750232612
B1303064547531N00630305EA021730232429
B1303074547528N00630313EA021720232336
B1303084547525N00630321EA021710232103
B1303094547521N00630329EA021690232070
B1303104547518N00630337EA021680231960
B1303114547515N00630344EA021670231778
B1303124547512N00630352EA021650231568
B1303134547509N00630361EA021640231320
B1303144547505N00630369EA021610231047
B1303154547501N00630378EA021590230857
B1303164547497N00630387EA021570230784
B1303174547494N00630396EA021560230632
B1303184547490N00630404EA021550230576
B1303194547487N00630412EA021540230414
B1303204547483N00630420EA021530230222
B1303214547479N00630428EA021520229956
B1303224547475N00630437EA021500229865
B1303234547471N00630446EA021490229774
B1303244547467N00630454EA021470229699
B1303254547464N00630463EA021460229522
B1303264547460N00630471EA021440229363
B1303274547456N00630479EA021430229276
B1303284547452N00630488EA021410229091
B1303294547449N00630496EA021400228826
B1303304547445N00630504EA021380228707
B1303314547440N00630512EA021370228693
B1303324547436N00630520EA021350228460
B1303334547432N00630527EA021330228268
B1303344547428N00630535EA021310227938
B1303354547424N00630543EA021300227708
B1303364547419N00630551EA021280227658
B1303374547415N00630559EA021260227511
B1303384547410N00630566EA021250227354
B1303394547406N00630574EA021230227240
B1303404547402N00630581EA021220227019
B1303414547397N00630590EA021210226880
B1303424547393N00630598EA021190226650
B1303434547389N00630606EA021180226530
B1303444547385N00630614EA021170226431
B1303454547381N00630622EA021150226362
B1303464547377N00630630EA021140226191
B1303474547373N00630638EA021120225993
B1303484547370N00630646EA021100225715
B1303494547366N00630655EA021090225553
B1303504547363N00630664EA021070225431
B1303514547360N00630673EA021050225220
B1303524547357N00630682EA021030225120
B1303534547354N00630690EA021020224957
B1303544547351N00630699EA021000224792
B1303554547349N00630708EA020980224540
B1303564547346N00630717EA020960224390
B1303574547344N00630725EA020940224138
B1303584547341N00630734EA020920223847
B1303594547338N00630743EA020900223636
B1304004547335N00630752EA020880223414
B1304014547332N00630761EA020860223232
B1304024547329N00630770EA020840223070
B1304034547327N00630779EA020820222820
B1304044547324N00630788EA020800222672
B1304054547322N00630797EA020780222426
B1304064547320N00630807EA020760222301
B1304074547318N00630816EA020750222103
B1304084547315N00630825EA020730222089
B1304094547313N00630834EA020720221859
B1304104547311N00630844EA020700221605
B1304114547308N00630853EA020680221498
B1304124547306N00630863EA020670221265
B1304134547304N00630872EA020650221005
B1304144547301N00630881EA020640220907
B1304154547298N00630890EA020640220835
B1304164547296N00630899EA020640220860
B1304174547295N00630907EA020630220742
B1304184547293N00630915EA020630220585
B1304194547292N00630924EA020610220210
B1304204547289N00630933EA020600220191
B1304214547288N00630942EA020580220011
B1304224547286N00630951EA020570219971
B1304234547285N00630959EA020550219847
B1304244547283N00630967EA020540219799
B1304254547282N00630976EA020520219535
B1304264547281N00630985EA020500219307
B1304274547279N00630995EA020470219182
B1304284547278N00631004EA020450219033
B1304294547276N00631013EA020440218951
B1304304547274N00631021EA020420218894
B1304314547273N00631030EA020410218653
B1304324547272N00631038EA020400218519
B1304334547270N00631047EA020390218473
B1304344547269N00631056EA020380218370
B1304354547268N00631064EA020370218155
B1304364547267N00631073EA020360218021
B1304374547266N00631081EA020340217927
B1304384547265N00631090EA020330217831
B1304394547264N00631098EA020320217676
B1304404547264N00631107EA020300217572
B1304414547264N00631116EA020290217350
B1304424547264N00631125EA020270217250
B1304434547264N00631133EA020260217057
B1304444547264N00631142EA020240216953
B1304454547264N00631151EA020230216891
B1304464547265N00631160EA020220216720
B1304474547265N00631169EA020210216510
B1304484547265N00631177EA020190216406
B1304494547264N00631186EA020180216373
B1304504547264N00631194EA020170216138
B1304514547263N00631203EA020160216086
B1304524547263N00631212EA020150215825
B1304534547262N00631221EA020130215745
B1304544547261N00631230EA020120215683
B1304554547261N00631239EA020110215413
B1304564547260N00631248EA020100215362
B1304574547260N00631256EA020090215249
B1304584547260N00631266EA020080215110
B1304594547259N00631275EA020070214981
B1305004547259N00631284EA020050214733
B1305014547259N00631293EA020040214606
B1305024547258N00631303EA020020214490
B1305034547258N00631312EA020000214374
B1305044547258N00631321EA019990214122
B1305054547257N00631330EA019970213952
B1305064547256N00631339EA019960213895
B1305074547256N00631348EA019940213667
B1305084547256N00631358EA019920213500
B1305094547255N00631366EA019910213379
B1305104547255N00631376EA019900213251
B1305114547254N00631385EA019890213184
B1305124547254N00631394EA019870212917
B1305134547253N00631403EA019860212718
B1305144547252N00631413EA019840212641
B1305154547252N00631422EA019830212502
B1305164547251N00631431EA019820212392
B1305174547251N00631440EA019800212264
B1305184547251N00631449EA019790212035
B1305194547251N00631459EA019770211910
B1305204547250N00631468EA019750211795
B1305214547251N00631477EA019740211517
B1305224547251N00631487EA019720211401
B1305234547251N00631496EA019710211205
B1305244547250N00631505EA019690211197
B1305254547250N00631514EA019670210998
B1305264547250N00631524EA019660210791
B1305274547251N00631533EA019640210513
B1305284547251N00631542EA019630210405
B1305294547251N00631551EA019610210208
B1305304547251N00631561EA019600210002
B1305314547250N00631571EA019580209752
B1305324547250N00631581EA019560209543
B1305334547250N00631591EA019540209239
B1305344547250N00631602EA019520209105
B1305354547249N00631612EA019500209177
B1305364547249N00631622EA019490208925
B1305374547248N00631632EA019480208885
B1305384547248N00631642EA019470208666
B1305394547248N00631652EA019450208328
B1305404547247N00631663EA019440208282
B1305414547247N00631673EA019420208044
B1305424547246N00631683EA019400207896
B1305434547246N00631694EA019390207760
B1305444547246N00631704EA019370207635
B1305454547246N00631715EA019350207400
B1305464547245N00631725EA019340207384
B1305474547245N00631736EA019320207160
B1305484547245N00631746EA019310206968
B1305494547245N00631757EA019290206889
B1305504547246N00631769EA019270206630
B1305514547246N00631779EA019260206448
B1305524547246N00631790EA019240206334
B1305534547246N00631801EA019220206040
B1305544547246N00631811EA019200205757
B1305554547246N00631822EA019170205365
B1305564547246N00631834EA019150205061
B1305574547246N00631846EA019120204836
B1305584547246N00631859EA019090204623
B1305594547246N00631872EA019070204540
B1306004547246N00631884EA019060204590
B1306014547247N00631895EA019060204377
B1306024547248N00631907EA019060204256
B1306034547248N00631919EA019050204089
B1306044547248N00631931EA019040204093
B1306054547249N00631942EA019030203917
B1306064547249N00631953EA019020203865
B1306074547250N00631964EA019010203705
B1306084547250N00631975EA019000203504
B1306094547250N00631985EA018980203427
B1306104547250N00631995EA018970203269
B1306114547251N00632006EA018950203036
B1306124547251N00632017EA018940202884
B1306134547252N00632028EA018920202634
B1306144547252N00632039EA018900202570
B1306154547253N00632049EA018880202420
B1306164547254N00632059EA018870202320
B1306174547255N00632068EA018850202139
B1306184547256N00632079EA018840201837
B1306194547257N00632091EA018820201530
B1306204547257N00632103EA018790201270
B1306214547258N00632115EA018770201140
B1306224547259N00632125EA018750201118
B1306234547260N00632136EA018740201024
B1306244547261N00632146EA018740200815
B1306254547262N00632157EA018730200622
B1306264547263N00632168EA018720200313
B1306274547264N00632180EA018690200152
B1306284547265N00632192EA018670200090
B1306294547267N00632203EA018650199931
B1306304547268N00632213EA018640199719
B1306314547268N00632224EA018620199499
B1306324547269N00632236EA018590199284
B1306334547271N00632248EA018570199021
B1306344547273N00632259EA018550198847
B1306354547275N00632271EA018530198873
B1306364547278N00632282EA018520198747
B1306374547281N00632294EA018510198703
B1306384547282N00632305EA018510198695
B1306394547285N00632315EA018510198519
B1306404547287N00632325EA018510198437
B1306414547289N00632335EA018500198347
B1306424547291N00632345EA018490198153
B1306434547293N00632355EA018480197934
B1306444547295N00632365EA018460197737
B1306454547297N00632375EA018440197579
B1306464547300N00632385EA018420197407
B1306474547302N00632395EA018400197255
B1306484547304N00632405EA018380197054
B1306494547306N00632415EA018360196806
B1306504547307N00632425EA018340196657
B1306514547308N00632435EA018330196496
B1306524547310N00632445EA018310196224
B1306534547311N00632455EA018290196042
B1306544547312N00632465EA018270195879
B1306554547313N00632476EA018250195797
B1306564547315N00632486EA018240195655
B1306574547317N00632495EA018240195627
B1306584547318N00632504EA018240195478
B1306594547320N00632514EA018230195201
B1307004547320N00632523EA018210195099
B1307014547321N00632534EA018200194771
B1307024547322N00632544EA018180194623
B1307034547322N00632554EA018160194543
B1307044547323N00632564EA018140194303
B1307054547323N00632574EA018120194242
B1307064547324N00632584EA018100193908
B1307074547324N00632596EA018080193753
B1307084547325N00632607EA018060193795
B1307094547327N00632617EA018050193784
B1307104547329N00632627EA018050193770
B1307114547331N00632635EA018050193725
B1307124547332N00632644EA018060193881
B1307134547334N00632653EA018060193790
B1307144547337N00632661EA018060193664
B1307154547340N00632669EA018050193545
B1307164547342N00632677EA018050193658
B1307174547343N00632686EA018050193684
B1307184547344N00632694EA018050193758
B1307194547344N00632702EA018060193898
B1307204547345N00632710EA018060193829
B1307214547345N00632719EA018070193700
B1307224547345N00632727EA018070193812
B1307234547345N00632735EA018070193816
B1307244547345N00632743EA018080194065
B1307254547346N00632751EA018080194010
B1307264547346N00632758EA018090194152
B1307274547346N00632766EA018090194161
B1307284547346N00632774EA018100194132
B1307294547345N00632782EA018100194242
B1307304547343N00632790EA018110194263
B1307314547340N00632797EA018110194183
B1307324547337N00632802EA018110194008
B1307334547332N00632806EA018110194011
B1307344547326N00632806EA018110194075
B1307354547323N00632803EA018110194107
B1307364547320N00632800EA018110194292
B1307374547320N00632797EA018120194453
B1307384547321N00632795EA018130194568
B1307394547322N00632795EA018140194693
B1307404547323N00632794EA018150194689
B1307414547324N00632793EA018160194656
B1307424547324N00632790EA018160194689
B1307434547325N00632787EA018160194718
B1307444547324N00632784EA018170194796
B1307454547323N00632781EA018170194950
B1307464547322N00632777EA018180195159
B1307474547322N00632774EA018190195226
B1307484547322N00632770EA018200195358
B1307494547323N00632767EA018220195404
B1307504547324N00632764EA018230195512
B1307514547326N00632763EA018240195586
B1307524547331N00632765EA018250195342
B1307534547337N00632768EA018240195218
B1307544547342N00632773EA018230195237
B1307554547345N00632780EA018230195473
B1307564547347N00632788EA018230195536
B1307574547347N00632797EA018240195526
B1307584547345N00632806EA018240195591
B1307594547342N00632812EA018240195487
B1308004547338N00632817EA018240195434
B1308014547333N00632820EA018230195460
B1308024547329N00632822EA018230195520
B1308034547325N00632823EA018230195624
B1308044547322N00632824EA018240195714
B1308054547319N00632824EA018240195724
B1308064547316N00632822EA018250195685
B1308074547315N00632818EA018250195546
B1308084547314N00632814EA018240195592
B1308094547316N00632810EA018240195711
B1308104547318N00632808EA018250195882
B1308114547321N00632806EA018260195953
B1308124547323N00632804EA018260195853
B1308134547325N00632801EA018260195848
B1308144547327N00632799EA018270195763
B1308154547330N00632796EA018260195638
B1308164547334N00632796EA018260195632
B1308174547338N00632797EA018260195564
B1308184547342N00632800EA018250195690
B1308194547346N00632803EA018250195698
B1308204547350N00632808EA018250195668
B1308214547353N00632814EA018250195663
B1308224547356N00632821EA018250195511
B1308234547358N00632828EA018240195521
B1308244547360N00632835EA018240195414
B1308254547361N00632843EA018230195381
B1308264547362N00632851EA018220195266
B1308274547362N00632860EA018210195068
B1308284547362N00632871EA018200195041
B1308294547362N00632881EA018180195002
B1308304547361N00632890EA018190195169
B1308314547361N00632900EA018190195110
B1308324547360N00632909EA018190195073
B1308334547360N00632919EA018180195011
B1308344547359N00632929EA018180195023
B1308354547358N00632938EA018180195039
B1308364547357N00632948EA018180195022
B1308374547356N00632957EA018180194967
B1308384547355N00632967EA018170194998
B1308394547355N00632978EA018170194961
B1308404547355N00632987EA018170194947
B1308414547354N00632996EA018170194976
B1308424547353N00633005EA018160194860
B1308434547352N00633013EA018160194640
B1308444547351N00633021EA018150194336
B1308454547350N00633030EA018130193909
B1308464547348N00633040EA018100193648
B1308474547346N00633050EA018070193489
B1308484547344N00633061EA018050193190
B1308494547343N00633071EA018010192856
B1308504547342N00633082EA017980192602
B1308514547340N00633093EA017960192440
B1308524547338N00633103EA017930192352
B1308534547336N00633113EA017910192150
B1308544547334N00633122EA017890191998
B1308554547333N00633132EA017880191829
B1308564547331N00633143EA017870191664
B1308574547329N00633153EA017850191681
B1308584547328N00633161EA017850191506
B1308594547326N00633169EA017850191419
B1309004547324N00633178EA017850191233
B1309014547322N00633187EA017830190974
B1309024547320N00633197EA017820190792
B1309034547318N00633206EA017800190767
B1309044547316N00633215EA017780190769
B1309054547314N00633224EA017770190694
B1309064547313N00633233EA017760190571
B1309074547312N00633241EA017750190467
B1309084547311N00633250EA017740190362
B1309094547311N00633258EA017730190108
B1309104547310N00633267EA017710189946
B1309114547309N00633277EA017700189750
B1309124547308N00633286EA017680189657
B1309134547307N00633296EA017670189652
B1309144547306N00633305EA017660189525
B1309154547304N00633314EA017660189577
B1309164547303N00633323EA017660189548
B1309174547302N00633333EA017660189573
B1309184547302N00633342EA017660189610
B1309194547301N00633350EA017660189736
B1309204547301N00633358EA017670189715
B1309214547301N00633366EA017670189522
B1309224547301N00633374EA017670189417
B1309234547300N00633384EA017660189380
B1309244547300N00633392EA017650189378
B1309254547300N00633401EA017650189392
B1309264547301N00633409EA017640189311
B1309274547300N00633416EA017640189362
B1309284547300N00633423EA017640189103
B1309294547299N00633431EA017640188993
B1309304547299N00633440EA017630188831
B1309314547298N00633448EA017610188736
B1309324547296N00633457EA017600188691
B1309334547295N00633464EA017590188658
B1309344547294N00633471EA017580188403
B1309354547291N00633477EA017570188398
B1309364547289N00633485EA017550188100
B1309374547285N00633493EA017540187980
B1309384547282N00633500EA017530187957
B1309394547279N00633507EA017520187978
B1309404547277N00633514EA017520187958
B1309414547275N00633522EA017520187862
B1309424547273N00633530EA017520187781
B1309434547271N00633538EA017510187674
B1309444547269N00633545EA017510187529
B1309454547266N00633553EA017500187441
B1309464547264N00633560EA017480187203
B1309474547261N00633568EA017470187062
B1309484547259N00633576EA017450186834
B1309494547257N00633585EA017430186611
B1309504547255N00633593EA017410186405
B1309514547252N00633602EA017390186360
B1309524547250N00633610EA017370186141
B1309534547248N00633618EA017340185950
B1309544547247N00633626EA017320185603
B1309554547245N00633635EA017300185472
B1309564547244N00633644EA017280185218
B1309574547242N00633654EA017260185127
B1309584547240N00633664EA017250185130
B1309594547238N00633672EA017250185246
B1310004547236N00633680EA017260185169
B1310014547234N00633689EA017250185081
B1310024547233N00633698EA017250184802
B1310034547231N00633707EA017230184506
B1310044547229N00633717EA017220184302
B1310054547226N00633726EA017200184297
B1310064547225N00633735EA017180184128
B1310074547223N00633744EA017170184077
B1310084547221N00633753EA017150183803
B1310094547217N00633761EA017130183648
B1310104547212N00633770EA017120183582
B1310114547208N00633779EA017110183610
B1310124547203N00633787EA017110183681
B1310134547200N00633795EA017110183716
B1310144547196N00633803EA017120183872
B1310154547194N00633810EA017120183724
B1310164547191N00633817EA017120183615
B1310174547187N00633824EA017120183554
B1310184547183N00633831EA017110183551
B1310194547179N00633836EA017110183677
B1310204547176N00633841EA017110183655
B1310214547173N00633846EA017110183739
B1310224547170N00633851EA017110183719
B1310234547167N00633856EA017120183939
B1310244547164N00633862EA017130184090
B1310254547162N00633866EA017140184167
B1310264547160N00633871EA017140184124
B1310274547157N00633877EA017150184281
B1310284547155N00633882EA017160184407
B1310294547152N00633887EA017180184632
B1310304547150N00633891EA017190184867
B1310314547149N00633896EA017210184934
B1310324547147N00633901EA017220184945
B1310334547144N00633907EA017240185094
B1310344547141N00633912EA017240185136
B1310354547136N00633915EA017250185369
B1310364547132N00633916EA017270185438
B1310374547128N00633914EA017280185626
B1310384547125N00633910EA017290185715
B1310394547123N00633905EA017310185878
B1310404547122N00633901EA017330186080
B1310414547123N00633896EA017350186227
B1310424547125N00633892EA017370186305
B1310434547127N00633888EA017380186492
B1310444547132N00633885EA017400186460
B1310454547137N00633884EA017410186596
B1310464547142N00633887EA017420186759
B1310474547145N00633895EA017430186855
B1310484547145N00633903EA017420186968
B1310494547143N00633910EA017430187004
B1310504547139N00633914EA017430187187
B1310514547135N00633916EA017440187267
B1310524547131N00633916EA017450187312
B1310534547127N00633914EA017460187560
B1310544547124N00633909EA017470187752
B1310554547122N00633904EA017490187914
B1310564547120N00633898EA017510188177
B1310574547120N00633893EA017530188355
B1310584547122N00633888EA017550188508
B1310594547125N00633885EA017570188665
B1311004547129N00633886EA017590188898
B1311014547134N00633889EA017610188869
B1311024547137N00633897EA017620188822
B1311034547137N00633905EA017620189087
B1311044547135N00633914EA017630189261
B1311054547131N00633919EA017640189521
B1311064547126N00633920EA017660189724
B1311074547121N00633918EA017680189933
B1311084547117N00633914EA017700190182
B1311094547116N00633909EA017720190330
B1311104547116N00633904EA017740190535
B1311114547119N00633900EA017770190665
B1311124547123N00633899EA017790190675
B1311134547128N00633902EA017800190730
B1311144547131N00633908EA017820190954
B1311154547132N00633916EA017820191046
B1311164547129N00633925EA017830191188
B1311174547125N00633932EA017840191413
B1311184547120N00633934EA017850191719
B1311194547115N00633934EA017870192008
B1311204547111N00633931EA017890192145
B1311214547109N00633926EA017910192203
B1311224547107N00633920EA017930192499
B1311234547108N00633915EA017950192699
B1311244547111N00633913EA017970192851
B1311254547114N00633913EA017990192975
B1311264547118N00633916EA018010192937
B1311274547120N00633923EA018010192955
B1311284547121N00633931EA018010193003
B1311294547118N00633938EA018010193296
B1311304547114N00633944EA018020193480
B1311314547108N00633945EA018030193649
B1311324547102N00633945EA018040193785
B1311334547098N00633942EA018060193924
B1311344547094N00633939EA018080194240
B1311354547092N00633934EA018100194475
B1311364547093N00633931EA018130194403
B1311374547095N00633928EA018140194453
B1311384547098N00633927EA018160194404
B1311394547100N00633929EA018160194576
B1311404547102N00633935EA018160194654
B1311414547103N00633942EA018160194706
B1311424547101N00633950EA018170194829
B1311434547098N00633958EA018180195002
B1311444547093N00633963EA018190195251
B1311454547088N00633964EA018210195456
B1311464547084N00633964EA018230195605
B1311474547079N00633962EA018240195784
B1311484547076N00633958EA018260195726
B1311494547073N00633954EA018270195846
B1311504547072N00633950EA018280195902
B1311514547072N00633946EA018280195952
B1311524547074N00633943EA018280195982
B1311534547078N00633942EA018280195831
B1311544547082N00633943EA018270195968
B1311554547087N00633947EA018280196119
B1311564547090N00633952EA018290196470
B1311574547094N00633955EA018300196700
B1311584547097N00633956EA018320196807
B1311594547100N00633956EA018340196926
B1312004547103N00633955EA018360197084
B1312014547107N00633954EA018370197156
B1312024547111N00633956EA018390197127
B1312034547115N00633963EA018400197144
B1312044547117N00633971EA018410197369
B1312054547116N00633982EA018420197662
B1312064547113N00633989EA018440198077
B1312074547108N00633994EA018460198475
B1312084547103N00633996EA018490198961
B1312094547098N00633995EA018540199493
B1312104547094N00633993EA018580199970
B1312114547090N00633989EA018630200366
B1312124547087N00633986EA018680200624
B1312134547085N00633982EA018720200728
B1312144547083N00633978EA018750200888
B1312154547083N00633974EA018760200992
B1312164547085N00633970EA018760201046
B1312174547088N00633968EA018760201256
B1312184547091N00633969EA018770201581
B1312194547095N00633972EA018790201725
B1312204547097N00633978EA018820201991
B1312214547099N00633986EA018840202036
B1312224547098N00633996EA018860202151
B1312234547094N00634004EA018870202269
B1312244547089N00634011EA018890202569
B1312254547083N00634015EA018910202982
B1312264547078N00634014EA018940203292
B1312274547075N00634009EA018970203598
B1312284547075N00634004EA019000203637
B1312294547078N00634000EA019020203914
B1312304547083N00633999EA019050204221
B1312314547088N00634003EA019080204644
B1312324547091N00634011EA019110205059
B1312334547091N00634021EA019150205319
B1312344547086N00634029EA019180205797
B1312354547081N00634033EA019220206100
B1312364547075N00634030EA019250206452
B1312374547072N00634025EA019290206725
B1312384547071N00634019EA019320207075
B1312394547073N00634015EA019360207570
B1312404547076N00634013EA019400207963
B1312414547080N00634015EA019440208380
B1312424547085N00634019EA019480208609
B1312434547087N00634029EA019510209171
B1312444547087N00634038EA019560209557
B1312454547084N00634047EA019600209990
B1312464547079N00634053EA019640210395
B1312474547074N00634056EA019670210619
B1312484547068N00634056EA019700211068
B1312494547063N00634053EA019730211388
B1312504547060N00634048EA019760211771
B1312514547060N00634041EA019790212137
B1312524547062N00634036EA019830212539
B1312534547066N00634034EA019860213048
B1312544547070N00634036EA019900213375
B1312554547074N00634042EA019940213750
B1312564547076N00634050EA019980214186
B1312574547074N00634060EA020020214539
B1312584547069N00634068EA020060214801
B1312594547061N00634070EA020090215067
B1313004547054N00634068EA020100215517
B1313014547049N00634062EA020130216148
B1313024547047N00634056EA020170216539
B1313034547048N00634051EA020210216813
B1313044547051N00634047EA020240217202
B1313054547055N00634045EA020280217742
B1313064547060N00634047EA020330218333
B1313074547063N00634053EA020380218674
B1313084547065N00634062EA020420219005
B1313094547064N00634071EA020470219476
B1313104547061N00634080EA020510219814
B1313114547055N00634084EA020560220369
B1313124547050N00634085EA020610220633
B1313134547044N00634081EA020640220760
B1313144547041N00634074EA020660221145
B1313154547040N00634067EA020670221684
B1313164547042N00634061EA020700222238
B1313174547044N00634059EA020750222897
B1313184547048N00634059EA020790223361
B1313194547051N00634061EA020840223790
B1313204547055N00634066EA020890224130
B1313214547057N00634073EA020930224416
B1313224547056N00634082EA020970224827
B1313234547049N00634088EA021010225197
B1313244547043N00634088EA021050225227
B1313254547036N00634084EA021060225581
B1313264547032N00634078EA021070226272
B1313274547032N00634071EA021100226876
B1313284547036N00634067EA021140227119
B1313294547040N00634067EA021190227355
B1313304547044N00634069EA021230227786
B1313314547048N00634076EA021270228223
B1313324547048N00634084EA021320228611
B1313334547044N00634091EA021360228978
B1313344547039N00634097EA021400229221
B1313354547031N00634097EA021440229596
B1313364547026N00634094EA021470229913
B1313374547022N00634088EA021500230298
B1313384547022N00634082EA021530230469
B1313394547024N00634078EA021550230882
B1313404547027N00634076EA021580231282
B1313414547030N00634077EA021610231693
B1313424547033N00634081EA021640232048
B1313434547034N00634089EA021670232221
B1313444547033N00634098EA021700232461
B1313454547030N00634105EA021730232898
B1313464547025N00634110EA021770233289
B1313474547020N00634113EA021800233667
B1313484547015N00634114EA021840234059
B1313494547010N00634114EA021880234545
B1313504547006N00634111EA021920234903
B1313514547002N00634105EA021960235439
B1313524547000N00634100EA022000235850
B1313534547000N00634094EA022050236208
B1313544547001N00634091EA022090236601
B1313554547004N00634088EA022130236806
B1313564547007N00634088EA022150237222
B1313574547010N00634092EA022180237515
B1313584547011N00634099EA022210237726
B1313594547009N00634109EA022240238091
B1314004547006N00634118EA022260238341
B1314014547001N00634125EA022290238703
B1314024546995N00634130EA022330239219
B1314034546989N00634133EA022370239855
B1314044546983N00634133EA022410240273
B1314054546980N00634129EA022450240508
B1314064546977N00634123EA022490240836
B1314074546977N00634117EA022530241100
B1314084546978N00634112EA022570241681
B1314094546982N00634108EA022600242029
B1314104546986N00634109EA022640242572
B1314114546989N00634113EA022680242980
B1314124546991N00634119EA022720243336
B1314134546990N00634128EA022760243318
B1314144546986N00634137EA022770243518
B1314154546980N00634145EA022780243922
B1314164546973N00634149EA022790244430
B1314174546966N00634149EA022820244954
B1314184546961N00634145EA022860245334
B1314194546958N00634140EA022900245660
B1314204546958N00634133EA022940245936
B1314214546959N00634128EA022970246302
B1314224546961N00634125EA023020246824
B1314234546964N00634126EA023060247145
B1314244546967N00634130EA023100247406
B1314254546968N00634136EA023140247659
B1314264546969N00634144EA023170247947
B1314274546968N00634153EA023200248202
B1314284546964N00634161EA023220248597
B1314294546960N00634168EA023250248825
B1314304546954N00634174EA023270249051
B1314314546948N00634177EA023300249202
B1314324546941N00634176EA023320249489
B1314334546936N00634173EA023340249781
B1314344546934N00634166EA023360249919
B1314354546933N00634160EA023380250138
B1314364546934N00634154EA023400250318
B1314374546936N00634151EA023410250591
B1314384546940N00634149EA023430250777
B1314394546944N00634149EA023450251047
B1314404546947N00634152EA023470251403
B1314414546948N00634157EA023500251844
B1314424546948N00634164EA023530251942
B1314434546947N00634172EA023560252169
B1314444546944N00634181EA023590252490
B1314454546940N00634188EA023610252602
B1314464546933N00634192EA023640252849
B1314474546926N00634193EA023660253079
B1314484546921N00634189EA023670253219
B1314494546917N00634184EA023690253494
B1314504546917N00634178EA023700253600
B1314514546918N00634171EA023720253888
B1314524546922N00634167EA023740254009
B1314534546925N00634166EA023760254171
B1314544546929N00634167EA023780254344
B1314554546932N00634171EA023800254569
B1314564546934N00634177EA023820254796
B1314574546934N00634183EA023830254778
B1314584546932N00634190EA023830254721
B1314594546927N00634195EA023820254641
B1315004546920N00634198EA023820254642
B1315014546913N00634198EA023820254937
B1315024546907N00634197EA023830255116
B1315034546901N00634196EA023840255434
B1315044546896N00634193EA023860255629
B1315054546892N00634189EA023880255733
B1315064546889N00634183EA023900255830
B1315074546887N00634175EA023920255995
B1315084546887N00634169EA023940256162
B1315094546888N00634163EA023960256479
B1315104546892N00634159EA023980256447
B1315114546896N00634157EA024000256676
B1315124546901N00634158EA024020256801
B1315134546904N00634161EA024040257015
B1315144546904N00634166EA024040256845
B1315154546902N00634172EA024030256694
B1315164546900N00634179EA024010256323
B1315174546898N00634186EA023990256208
B1315184546896N00634194EA023970256042
B1315194546894N00634202EA023950256050
B1315204546891N00634210EA023940256053
B1315214546889N00634219EA023930256206
B1315224546887N00634229EA023940256402
B1315234546885N00634238EA023950256740
B1315244546883N00634246EA023970256962
B1315254546881N00634254EA024000257157
B1315264546879N00634263EA024020257385
B1315274546878N00634273EA024040257540
B1315284546876N00634282EA024070257855
B1315294546874N00634292EA024100258162
B1315304546872N00634301EA024130258494
B1315314546871N00634310EA024150258508
B1315324546868N00634320EA024180258696
B1315334546866N00634330EA024200258795
B1315344546865N00634340EA024200258832
B1315354546864N00634349EA024190258711
B1315364546863N00634357EA024190258709
B1315374546861N00634367EA024190258622
B1315384546859N00634377EA024190258658
B1315394546857N00634387EA024190258857
B1315404546855N00634396EA024190259076
B1315414546854N00634404EA024210259226
B1315424546853N00634412EA024220259407
B1315434546851N00634421EA024240259697
B1315444546851N00634431EA024260259806
B1315454546850N00634441EA024280260056
B1315464546850N00634451EA024310260352
B1315474546850N00634460EA024340260744
B1315484546850N00634468EA024370261159
B1315494546850N00634476EA024410261488
B1315504546851N00634484EA024440261646
B1315514546852N00634492EA024470261716
B1315524546852N00634501EA024500261944
B1315534546852N00634510EA024520262240
B1315544546851N00634518EA024540262491
B1315554546851N00634526EA024550262516
B1315564546850N00634535EA024570262754
B1315574546850N00634544EA024580262865
B1315584546851N00634553EA024600263021
B1315594546851N00634561EA024610263396
B1316004546852N00634569EA024630263518
B1316014546851N00634577EA024650263687
B1316024546851N00634584EA024670263759
B1316034546851N00634592EA024680263718
B1316044546850N00634601EA024670263641
B1316054546849N00634610EA024660263560
B1316064546848N00634619EA024650263470
B1316074546847N00634628EA024640263373
B1316084546846N00634637EA024630263386
B1316094546845N00634646EA024630263387
B1316104546844N00634656EA024620263282
B1316114546844N00634665EA024610263228
B1316124546843N00634676EA024610263260
B1316134546842N00634686EA024610263272
B1316144546841N00634696EA024620263363
B1316154546841N00634706EA024620263405
B1316164546840N00634716EA024630263568
B1316174546840N00634727EA024640263500
B1316184546838N00634736EA024640263598
B1316194546837N00634746EA024650263575
B1316204546836N00634756EA024640263494
B1316214546835N00634767EA024640263390
B1316224546834N00634777EA024630263295
B1316234546833N00634788EA024630263383
B1316244546833N00634798EA024620263405
B1316254546832N00634808EA024620263430
B1316264546831N00634816EA024630263479
B1316274546831N00634826EA024630263300
B1316284546830N00634835EA024620263248
B1316294546829N00634845EA024620263098
B1316304546829N00634856EA024610262842
B1316314546828N00634866EA024600262796
B1316324546828N00634876EA024580262703
B1316334546827N00634885EA024580262707
B1316344546825N00634895EA024570262691
B1316354546825N00634904EA024560262527
B1316364546824N00634914EA024550262352
B1316374546823N00634923EA024540262283
B1316384546823N00634932EA024520262017
B1316394546822N00634942EA024510261882
B1316404546822N00634951EA024490261659
B1316414546821N00634961EA024470261595
B1316424546821N00634970EA024460261447
B1316434546820N00634979EA024440261392
B1316444546820N00634987EA024430261186
B1316454546820N00634996EA024410260875
B1316464546821N00635005EA024390260617
B1316474546821N00635014EA024360260346
B1316484546822N00635023EA024340260003
B1316494546822N00635032EA024310259790
B1316504546824N00635041EA024280259206
B1316514546825N00635052EA024250258831
B1316524546826N00635062EA024200258535
B1316534546827N00635072EA024170258342
B1316544546829N00635081EA024130258027
B1316554546831N00635089EA024100257729
B1316564546833N00635099EA024060257245
B1316574546834N00635109EA024020256995
B1316584546835N00635119EA023990256655
B1316594546836N00635129EA023960256306
B1317004546837N00635139EA023930255924
B1317014546838N00635148EA023890255583
B1317024546840N00635157EA023860255145
B1317034546842N00635166EA023820254709
B1317044546843N00635176EA023780254377
B1317054546845N00635186EA023740254081
B1317064546848N00635194EA023710253859
B1317074546851N00635203EA023700253627
B1317084546853N00635212EA023680253348
B1317094546855N00635222EA023660253025
B1317104546857N00635232EA023640252852
B1317114546860N00635241EA023620252636
B1317124546863N00635250EA023600252564
B1317134546866N00635258EA023580252383
B1317144546869N00635265EA023570252286
B1317154546873N00635272EA023550251907
B1317164546876N00635279EA023530251559
B1317174546880N00635287EA023510251244
B1317184546884N00635295EA023480251051
B1317194546888N00635302EA023450250835
B1317204546891N00635309EA023430250788
B1317214546895N00635316EA023410250516
B1317224546898N00635323EA023400250362
B1317234546901N00635329EA023380250199
B1317244546905N00635336EA023370249939
B1317254546908N00635344EA023350249672
B1317264546912N00635351EA023330249452
B1317274546916N00635357EA023300249268
B1317284546920N00635363EA023280248979
B1317294546924N00635370EA023250248626
B1317304546927N00635377EA023220248389
B1317314546931N00635384EA023190247969
B1317324546936N00635391EA023160247706
B1317334546940N00635397EA023140247647
B1317344546945N00635402EA023120247504
B1317354546949N00635406EA023110247349
B1317364546953N00635410EA023100247079
B1317374546958N00635415EA023080246750
B1317384546963N00635420EA023060246492
B1317394546969N00635425EA023040246258
B1317404546975N00635431EA023010246108
B1317414546979N00635437EA022990246093
B1317424546984N00635442EA022970245965
B1317434546988N00635447EA022960245797
B1317444546993N00635453EA022940245532
B1317454546997N00635458EA022930245298
B1317464547002N00635464EA022910245093
B1317474547007N00635470EA022890244982
B1317484547012N00635475EA022870244836
B1317494547016N00635481EA022850244750
B1317504547020N00635486EA022840244582
B1317514547025N00635491EA022840244487
B1317524547030N00635497EA022820244282
B1317534547035N00635503EA022810244160
B1317544547040N00635508EA022800244139
B1317554547045N00635514EA022800244100
B1317564547049N00635518EA022800244188
B1317574547054N00635523EA022800244020
B1317584547058N00635527EA022800244063
B1317594547062N00635532EA022790243854
B1318004547066N00635537EA022790243779
B1318014547071N00635543EA022770243533
B1318024547076N00635548EA022760243523
B1318034547080N00635552EA022750243498
B1318044547085N00635557EA022740243375
B1318054547090N00635562EA022730243136
B1318064547094N00635567EA022710243064
B1318074547099N00635572EA022700242854
B1318084547104N00635577EA022680242710
B1318094547108N00635581EA022670242644
B1318104547112N00635586EA022660242592
B1318114547117N00635591EA022640242322
B1318124547121N00635596EA022630242252
B1318134547125N00635601EA022610242074
B1318144547130N00635606EA022600241809
B1318154547134N00635612EA022580241661
B1318164547139N00635617EA022560241421
B1318174547143N00635622EA022540241384
B1318184547148N00635627EA022520241227
B1318194547152N00635633EA022510241043
B1318204547156N00635638EA022500240975
B1318214547161N00635643EA022480240724
B1318224547165N00635648EA022470240665
B1318234547169N00635654EA022460240492
B1318244547174N00635660EA022440240228
B1318254547178N00635667EA022420240074
B1318264547183N00635673EA022410239928
B1318274547187N00635680EA022390239781
B1318284547192N00635686EA022380239673
B1318294547197N00635692EA022360239445
B1318304547201N00635698EA022350239378
B1318314547205N00635705EA022340239381
B1318324547209N00635711EA022340239296
B1318334547214N00635717EA022340239115
B1318344547218N00635723EA022330238854
B1318354547223N00635729EA022310238615
B1318364547227N00635735EA022290238478
B1318374547232N00635741EA022270238339
B1318384547236N00635747EA022260238263
B1318394547241N00635752EA022240238124
B1318404547245N00635757EA022220237993
B1318414547250N00635762EA022200237646
B1318424547255N00635768EA022180237423
B1318434547260N00635773EA022160237149
B1318444547265N00635779EA022130236976
B1318454547270N00635785EA022110236889
B1318464547275N00635792EA022100236763
B1318474547280N00635798EA022080236635
B1318484547285N00635804EA022080236436
B1318494547290N00635810EA022070236334
B1318504547295N00635815EA022060236249
B1318514547300N00635821EA022050236158
B1318524547305N00635827EA022030235948
B1318534547310N00635834EA022020235827
B1318544547314N00635841EA022010235893
B1318554547319N00635847EA022000235856
B1318564547323N00635853EA022010235988
B1318574547327N00635859EA022020236077
B1318584547331N00635865EA022030236151
B1318594547335N00635870EA022040236280
B1319004547340N00635874EA022050236369
B1319014547345N00635878EA022070236649
B1319024547349N00635881EA022080236929
B1319034547352N00635884EA022110237127
B1319044547355N00635887EA022130237189
B1319054547359N00635891EA022150237264
B1319064547363N00635895EA022160237331
B1319074547367N00635898EA022170237443
B1319084547371N00635900EA022180237643
B1319094547375N00635901EA022190237816
B1319104547378N00635903EA022210238033
B1319114547381N00635905EA022220238126
B1319124547384N00635908EA022230238130
B1319134547387N00635911EA022240238284
B1319144547391N00635915EA022260238410
B1319154547394N00635917EA022270238638
B1319164547397N00635920EA022290238843
B1319174547400N00635922EA022300238919
B1319184547402N00635925EA022320239066
B1319194547405N00635928EA022330239006
B1319204547407N00635932EA022330239170
B1319214547410N00635936EA022330239140
B1319224547413N00635940EA022330239163
B1319234547416N00635944EA022330239192
B1319244547420N00635947EA022330239232
B1319254547423N00635950EA022340239372
B1319264547426N00635953EA022350239473
B1319274547430N00635956EA022350239512
B1319284547433N00635960EA022360239641
B1319294547436N00635964EA022370239791
B1319304547440N00635968EA022380239862
B1319314547444N00635972EA022390239925
B1319324547447N00635976EA022400240097
B1319334547451N00635981EA022410240281
B1319344547455N00635984EA022430240379
B1319354547459N00635988EA022440240489
B1319364547463N00635992EA022450240579
B1319374547467N00635996EA022460240736
B1319384547470N00636000EA022480240961
B1319394547473N00636003EA022490241061
B1319404547476N00636005EA022510241184
B1319414547479N00636008EA022520241282
B1319424547482N00636012EA022540241421
B1319434547483N00636017EA022550241567
B1319444547483N00636024EA022570241526
B1319454547481N00636031EA022580241696
B1319464547478N00636037EA022580241809
B1319474547472N00636041EA022590241921
B1319484547465N00636041EA022600241935
B1319494547458N00636038EA022600241965
B1319504547453N00636031EA022600241944
B1319514547451N00636023EA022610242156
B1319524547452N00636017EA022610242246
B1319534547455N00636014EA022620242369
B1319544547459N00636016EA022620242268
B1319554547463N00636020EA022630242306
B1319564547465N00636026EA022630242495
B1319574547468N00636033EA022630242520
B1319584547470N00636038EA022630242789
B1319594547473N00636043EA022650242975
B1320004547476N00636047EA022670243115
B1320014547478N00636051EA022690243347
B1320024547481N00636055EA022710243415
B1320034547484N00636058EA022730243541
B1320044547488N00636060EA022740243616
B1320054547491N00636063EA022760243775
B1320064547494N00636066EA022770243876
B1320074547497N00636070EA022790243831
B1320084547500N00636074EA022790243866
B1320094547504N00636079EA022780243978
B1320104547509N00636084EA022790244128
B1320114547514N00636088EA022800244506
B1320124547518N00636092EA022820244831
B1320134547522N00636095EA022840245148
B1320144547526N00636099EA022870245348
B1320154547530N00636104EA022900245542
B1320164547534N00636108EA022920245675
B1320174547539N00636112EA022950245732
B1320184547544N00636115EA022960245801
B1320194547548N00636117EA022980246085
B1320204547553N00636119EA023000246205
B1320214547556N00636121EA023010246293
B1320224547560N00636122EA023010246289
B1320234547565N00636124EA023010246204
B1320244547569N00636126EA023010246222
B1320254547571N00636129EA023010246275
B1320264547572N00636135EA023010246263
B1320274547571N00636143EA023010246102
B1320284547568N00636150EA023010246215
B1320294547563N00636155EA023010246438
B1320304547558N00636158EA023020246602
B1320314547552N00636158EA023030246729
B1320324547547N00636156EA023040246838
B1320334547542N00636152EA023050246839
B1320344547538N00636147EA023060246929
B1320354547535N00636141EA023070246935
B1320364547533N00636134EA023080246869
B1320374547532N00636128EA023080246872
B1320384547532N00636121EA023080246975
B1320394547534N00636115EA023070246849
B1320404547537N00636110EA023070246898
B1320414547542N00636107EA023070246830
B1320424547546N00636104EA023070246921
B1320434547549N00636101EA023070247059
B1320444547552N00636100EA023080247077
B1320454547556N00636100EA023080247187
B1320464547561N00636102EA023090247114
B1320474547565N00636104EA023100247348
B1320484547569N00636107EA023100247478
B1320494547574N00636110EA023120247517
B1320504547578N00636113EA023130247754
B1320514547582N00636115EA023140247996
B1320524547587N00636117EA023160248228
B1320534547591N00636120EA023180248475
B1320544547596N00636123EA023200248752
B1320554547601N00636125EA023230248943
B1320564547606N00636127EA023260249243
B1320574547611N00636129EA023280249563
B1320584547616N00636131EA023310249753
B1320594547621N00636133EA023340249923
B1321004547625N00636135EA023360250092
B1321014547630N00636137EA023380250251
B1321024547635N00636138EA023400250414
B1321034547638N00636139EA023420250740
B1321044547640N00636138EA023440250977
B1321054547643N00636138EA023460251039
B1321064547646N00636139EA023470251139
B1321074547648N00636142EA023480251296
B1321084547651N00636147EA023490251367
B1321094547652N00636154EA023490251261
B1321104547652N00636161EA023490251218
B1321114547648N00636169EA023490251182
B1321124547643N00636173EA023490251140
B1321134547637N00636172EA023480251111
B1321144547631N00636168EA023480251170
B1321154547629N00636161EA023480251227
B1321164547629N00636155EA023480251342
B1321174547631N00636149EA023490251519
B1321184547634N00636146EA023500251620
B1321194547637N00636143EA023510251722
B1321204547640N00636141EA023520251874
B1321214547644N00636140EA023530251926
B1321224547648N00636141EA023550252012
B1321234547652N00636142EA023560252206
B1321244547655N00636145EA023570252374
B1321254547658N00636148EA023590252497
B1321264547661N00636151EA023600252459
B1321274547664N00636155EA023600252364
B1321284547668N00636160EA023590252302
B1321294547671N00636165EA023590252236
B1321304547673N00636171EA023580252276
B1321314547675N00636177EA023570252066
B1321324547677N00636184EA023560251810
B1321334547678N00636190EA023540251669
B1321344547680N00636198EA023530251373
B1321354547683N00636206EA023500251016
B1321364547685N00636215EA023470250853
B1321374547688N00636224EA023450250820
B1321384547690N00636232EA023430250853
B1321394547692N00636240EA023420250860
B1321404547694N00636247EA023420250796
B1321414547696N00636254EA023430250784
B1321424547698N00636260EA023430250724
B1321434547699N00636266EA023430250774
B1321444547700N00636272EA023430250665
B1321454547701N00636278EA023420250537
B1321464547702N00636285EA023420250351
B1321474547703N00636291EA023400250178
B1321484547705N00636299EA023390250033
B1321494547706N00636307EA023370249821
B1321504547706N00636315EA023350249733
B1321514547706N00636323EA023330249573
B1321524547707N00636331EA023320249351
B1321534547708N00636338EA023300249188
B1321544547710N00636347EA023270248960
B1321554547712N00636355EA023250248731
B1321564547714N00636363EA023230248513
B1321574547715N00636371EA023210248485
B1321584547717N00636380EA023200248330
B1321594547719N00636388EA023180248044
B1322004547721N00636397EA023170247993
B1322014547724N00636406EA023150247755
B1322024547726N00636415EA023130247759
B1322034547727N00636425EA023120247690
B1322044547728N00636433EA023120247666
B1322054547728N00636442EA023120247571
B1322064547728N00636450EA023110247394
B1322074547729N00636459EA023100247016
B1322084547729N00636469EA023090246888
B1322094547730N00636480EA023070246662
B1322104547731N00636490EA023050246710
B1322114547731N00636498EA023050246936
B1322124547730N00636507EA023060246933
B1322134547728N00636516EA023060246884
B1322144547726N00636525EA023060246695
B1322154547725N00636534EA023040246454
B1322164547724N00636543EA023030246190
B1322174547724N00636551EA023010246048
B1322184547723N00636561EA022990245783
B1322194547723N00636570EA022970245515
B1322204547722N00636579EA022950245454
B1322214547722N00636587EA022930245318
B1322224547721N00636596EA022910245130
B1322234547720N00636604EA022890244828
B1322244547719N00636614EA022860244522
B1322254547718N00636623EA022840244349
B1322264547717N00636633EA022810244281
B1322274547717N00636641EA022800244127
B1322284547716N00636649EA022790244088
B1322294547716N00636657EA022780243849
B1322304547716N00636666EA022770243603
B1322314547715N00636674EA022760243369
B1322324547715N00636684EA022730243052
B1322334547715N00636693EA022710242866
B1322344547716N00636702EA022690242708
B1322354547716N00636711EA022670242524
B1322364547716N00636719EA022640242335
B1322374547716N00636728EA022620242010
B1322384547716N00636737EA022600241711
B1322394547716N00636746EA022570241437
B1322404547716N00636756EA022540241282
B1322414547717N00636765EA022510241071
B1322424547718N00636773EA022490240985
B1322434547719N00636781EA022470240687
B1322444547720N00636790EA022450240442
B1322454547721N00636799EA022430240120
B1322464547721N00636808EA022410239992
B1322474547722N00636817EA022390239767
B1322484547722N00636827EA022360239574
B1322494547722N00636836EA022350239419
B1322504547721N00636846EA022330239282
B1322514547721N00636855EA022320239082
B1322524547722N00636864EA022310238918
B1322534547722N00636874EA022300238827
B1322544547722N00636884EA022290238813
B1322554547722N00636893EA022300238821
B1322564547722N00636901EA022300238891
B1322574547723N00636908EA022300238779
B1322584547724N00636917EA022300238561
B1322594547725N00636925EA022290238378
B1323004547726N00636934EA022270238273
B1323014547727N00636943EA022260238090
B1323024547728N00636951EA022240238091
B1323034547729N00636958EA022230238044
B1323044547730N00636965EA022220237921
B1323054547731N00636972EA022210237733
B1323064547732N00636980EA022200237542
B1323074547733N00636988EA022180237315
B1323084547733N00636996EA022160237354
B1323094547733N00637003EA022150237399
B1323104547734N00637011EA022150237293
B1323114547736N00637018EA022150237102
B1323124547737N00637025EA022140236912
B1323134547738N00637032EA022130236727
B1323144547738N00637040EA022110236585
B1323154547739N00637048EA022090236351
B1323164547740N00637055EA022070236155
B1323174547741N00637062EA022060236054
B1323184547742N00637069EA022040235845
B1323194547742N00637076EA022020235688
B1323204547742N00637084EA022000235584
B1323214547743N00637092EA021980235402
B1323224547743N00637100EA021970235460
B1323234547744N00637107EA021960235333
B1323244547745N00637113EA021960235238
B1323254547746N00637120EA021960235016
B1323264547746N00637127EA021950234735
B1323274547746N00637135EA021920234324
B1323284547745N00637143EA021900234193
B1323294547745N00637151EA021870233991
B1323304547746N00637158EA021850233845
B1323314547746N00637165EA021830233696
B1323324547747N00637172EA021810233537
B1323334547747N00637180EA021790233211
B1323344547746N00637187EA021760233077
B1323354547746N00637195EA021740232856
B1323364547746N00637203EA021720232673
B1323374547746N00637210EA021700232497
B1323384547747N00637218EA021680232251
B1323394547748N00637225EA021660231934
B1323404547749N00637232EA021640231719
B1323414547749N00637240EA021610231594
B1323424547750N00637247EA021600231359
B1323434547751N00637255EA021580231122
B1323444547752N00637262EA021560230923
B1323454547753N00637270EA021540230660
B1323464547754N00637278EA021520230390
B1323474547756N00637285EA021500230158
B1323484547758N00637293EA021470229926
B1323494547759N00637301EA021450229654
B1323504547760N00637309EA021430229344
B1323514547761N00637317EA021400228926
B1323524547762N00637326EA021370228624
B1323534547763N00637335EA021340228302
B1323544547763N00637343EA021300228175
B1323554547764N00637351EA021280227835
B1323564547764N00637359EA021240227487
B1323574547765N00637368EA021210227176
B1323584547766N00637377EA021180226879
B1323594547767N00637387EA021150226610
B1324004547767N00637396EA021130226520
B1324014547767N00637404EA021120226373
B1324024547768N00637412EA021110226103
B1324034547769N00637420EA021100225804
B1324044547770N00637429EA021080225500
B1324054547771N00637437EA021050225219
B1324064547772N00637446EA021030225039
B1324074547773N00637456EA021000224881
B1324084547774N00637465EA020970224593
B1324094547775N00637474EA020950224353
B1324104547776N00637483EA020920224125
B1324114547777N00637492EA020900223947
B1324124547779N00637502EA020880223752
B1324134547781N00637511EA020860223546
B1324144547782N00637521EA020850223490
B1324154547784N00637529EA020840223328
B1324164547785N00637538EA020830223045
B1324174547786N00637547EA020810222843
B1324184547787N00637556EA020790222516
B1324194547787N00637566EA020770222286
B1324204547789N00637576EA020740222024
B1324214547790N00637585EA020720221997
B1324224547792N00637594EA020710221946
B1324234547793N00637603EA020700221960
B1324244547794N00637611EA020700221896
B1324254547796N00637620EA020700221762
B1324264547798N00637629EA020690221642
B1324274547800N00637638EA020680221564
B1324284547802N00637647EA020680221443
B1324294547804N00637655EA020670221309
B1324304547806N00637664EA020660221318
B1324314547808N00637673EA020650221209
B1324324547810N00637682EA020640221111
B1324334547812N00637690EA020630221037
B1324344547814N00637699EA020620221036
B1324354547815N00637708EA020610221084
B1324364547817N00637717EA020620221100
B1324374547818N00637725EA020620221131
B1324384547819N00637733EA020620221075
B1324394547821N00637742EA020620221050
B1324404547823N00637750EA020620221073
B1324414547826N00637758EA020620221025
B1324424547828N00637766EA020620221077
B1324434547831N00637774EA020620221022
B1324444547833N00637781EA020620221092
B1324454547836N00637787EA020620221065
B1324464547839N00637793EA020620220956
B1324474547842N00637799EA020610220940
B1324484547845N00637803EA020610220867
B1324494547849N00637808EA020610220820
B1324504547853N00637811EA020610220806
B1324514547856N00637815EA020610221040
B1324524547859N00637818EA020620221169
B1324534547862N00637823EA020620221257
B1324544547865N00637828EA020630221268
B1324554547868N00637834EA020640221291
B1324564547872N00637839EA020640221470
B1324574547876N00637843EA020650221555
B1324584547880N00637848EA020670221700
B1324594547883N00637852EA020680221947
B1325004547886N00637857EA020700222078
B1325014547889N00637863EA020720222195
B1325024547892N00637869EA020730222285
B1325034547895N00637875EA020750222498
B1325044547898N00637882EA020760222556
B1325054547901N00637889EA020770222723
B1325064547903N00637896EA020790222891
B1325074547906N00637902EA020800222987
B1325084547909N00637909EA020810223152
B1325094547912N00637915EA020820223269
B1325104547915N00637922EA020830223587
B1325114547919N00637930EA020850223634
B1325124547922N00637937EA020870223906
B1325134547924N00637944EA020890224286
B1325144547927N00637951EA020920224551
B1325154547930N00637957EA020950224749
B1325164547933N00637965EA020970224860
B1325174547936N00637972EA020990224973
B1325184547939N00637979EA021010225179
B1325194547943N00637988EA021030225312
B1325204547946N00637996EA021040225618
B1325214547948N00638004EA021070226078
B1325224547950N00638012EA021100226443
B1325234547951N00638019EA021120226657
B1325244547952N00638026EA021150226799
B1325254547954N00638034EA021170226834
B1325264547956N00638041EA021190226937
B1325274547958N00638049EA021200227083
B1325284547961N00638055EA021210227283
B1325294547965N00638058EA021220227555
B1325304547968N00638058EA021230227491
B1325314547970N00638053EA021240227360
B1325324547969N00638046EA021230227165
B1325334547966N00638041EA021220227152
B1325344547962N00638036EA021220227344
B1325354547959N00638031EA021230227708
B1325364547956N00638027EA021240227900
B1325374547952N00638021EA021270228188
B1325384547949N00638016EA021290228308
B1325394547945N00638012EA021310228702
B1325404547941N00638007EA021340229018
B1325414547937N00638003EA021370229243
B1325424547934N00637999EA021400229542
B1325434547932N00637994EA021420229706
B1325444547931N00637989EA021460229918
B1325454547932N00637985EA021480230108
B1325464547935N00637984EA021500230232
B1325474547939N00637985EA021500230256
B1325484547943N00637991EA021500230230
B1325494547945N00637999EA021490230356
B1325504547947N00638009EA021500230632
B1325514547948N00638018EA021510230841
B1325524547949N00638026EA021530231054
B1325534547951N00638034EA021540231114
B1325544547952N00638042EA021560231291
B1325554547954N00638049EA021570231297
B1325564547956N00638057EA021580231382
B1325574547958N00638064EA021600231476
B1325584547960N00638072EA021610231570
B1325594547963N00638079EA021620231620
B1326004547965N00638085EA021630231887
B1326014547968N00638092EA021640231925
B1326024547970N00638099EA021660232092
B1326034547973N00638106EA021670232182
B1326044547976N00638112EA021680232369
B1326054547978N00638119EA021690232481
B1326064547980N00638125EA021700232487
B1326074547982N00638132EA021710232467
B1326084547985N00638140EA021700232408
B1326094547987N00638149EA021700232442
B1326104547989N00638158EA021700232567
B1326114547991N00638167EA021700232879
B1326124547993N00638176EA021720233198
B1326134547996N00638185EA021740233303
B1326144547998N00638193EA021760233502
B1326154547999N00638200EA021780233622
B1326164548000N00638207EA021800233745
B1326174548001N00638215EA021810233786
B1326184548003N00638224EA021830233845
B1326194548005N00638232EA021840234005
B1326204548006N00638239EA021860234215
B1326214548007N00638246EA021870234222
B1326224548008N00638252EA021880234226
B1326234548009N00638259EA021870234153
B1326244548011N00638266EA021870234127
B1326254548012N00638274EA021870234279
B1326264548014N00638282EA021870234368
B1326274548016N00638290EA021880234556
B1326284548018N00638298EA021890234524
B1326294548019N00638306EA021900234663
B1326304548020N00638315EA021910234721
B1326314548020N00638324EA021920234921
B1326324548020N00638332EA021930235129
B1326334548020N00638341EA021950235433
B1326344548020N00638349EA021970235734
B1326354548020N00638357EA022000235942
B1326364548021N00638364EA022030236227
B1326374548021N00638372EA022050236580
B1326384548022N00638379EA022080236782
B1326394548023N00638385EA022110236949
B1326404548023N00638392EA022130237146
B1326414548022N00638399EA022150237184
B1326424548021N00638405EA022150237245
B1326434548019N00638411EA022150237289
B1326444548018N00638418EA022150237363
B1326454548018N00638424EA022160237342
B1326464548018N00638430EA022160237393
B1326474548019N00638437EA022160237472
B1326484548020N00638444EA022170237454
B1326494548021N00638451EA022170237512
B1326504548021N00638457EA022180237665
B1326514548021N00638463EA022190237896
B1326524548021N00638469EA022200238094
B1326534548021N00638475EA022210238163
B1326544548021N00638480EA022230238238
B1326554548020N00638486EA022240238383
B1326564548020N00638491EA022260238428
B1326574548020N00638497EA022270238528
B1326584548020N00638503EA022290238617
B1326594548019N00638508EA022300238897
B1327004548019N00638513EA022310238967
B1327014548019N00638519EA022330239171
B1327024548020N00638524EA022340239213
B1327034548020N00638530EA022360239341
B1327044548020N00638535EA022360239479
B1327054548020N00638541EA022370239599
B1327064548021N00638547EA022370239725
B1327074548021N00638553EA022390240062
B1327084548022N00638558EA022400240249
B1327094548023N00638564EA022420240369
B1327104548025N00638570EA022440240608
B1327114548026N00638576EA022460240702
B1327124548026N00638581EA022480240988
B1327134548027N00638587EA022500241105
B1327144548026N00638594EA022520241372
B1327154548026N00638600EA022550241518
B1327164548025N00638607EA022570241834
B1327174548024N00638614EA022590242082
B1327184548024N00638620EA022620242228
B1327194548023N00638627EA022640242467
B1327204548023N00638635EA022650242511
B1327214548022N00638643EA022660242593
B1327224548022N00638652EA022660242750
B1327234548021N00638660EA022670242893
B1327244548021N00638668EA022680243178
B1327254548022N00638676EA022690243316
B1327264548022N00638683EA022720243679
B1327274548022N00638691EA022740243870
B1327284548022N00638698EA022760243931
B1327294548022N00638705EA022790244127
B1327304548021N00638713EA022810244284
B1327314548021N00638721EA022820244472
B1327324548021N00638728EA022840244664
B1327334548021N00638735EA022860244853
B1327344548021N00638741EA022880245044
B1327354548021N00638747EA022900245148
B1327364548021N00638754EA022910245267
B1327374548021N00638761EA022910245257
B1327384548020N00638769EA022910245481
B1327394548019N00638776EA022920245571
B1327404548018N00638782EA022930245748
B1327414548017N00638789EA022950245959
B1327424548016N00638797EA022960246295
B1327434548016N00638804EA022990246558
B1327444548016N00638811EA023010246766
B1327454548017N00638818EA023040247041
B1327464548018N00638825EA023060247144
B1327474548019N00638834EA023090247322
B1327484548019N00638843EA023110247634
B1327494548019N00638852EA023140248171
B1327504548020N00638859EA023170248535
B1327514548020N00638865EA023210249078
B1327524548021N00638872EA023250249410
B1327534548021N00638878EA023290249635
B1327544548021N00638885EA023330249926
B1327554548020N00638893EA023360250286
B1327564548020N00638901EA023390250666
B1327574548020N00638908EA023430251039
B1327584548020N00638916EA023460251470
B1327594548021N00638922EA023500251717
B1328004548022N00638929EA023530251901
B1328014548022N00638934EA023550252129
B1328024548022N00638941EA023560252205
B1328034548021N00638949EA023560252340
B1328044548020N00638957EA023560252354
B1328054548019N00638966EA023570252550
B1328064548018N00638974EA023580252840
B1328074548017N00638980EA023600253189
B1328084548017N00638986EA023620253256
B1328094548017N00638992EA023640253251
B1328104548017N00638997EA023650253277
B1328114548017N00639005EA023660253154
B1328124548017N00639013EA023650253031
B1328134548017N00639021EA023650252933
B1328144548017N00639029EA023640252939
B1328154548017N00639038EA023640253013
B1328164548016N00639046EA023650253277
B1328174548016N00639055EA023650253300
B1328184548015N00639063EA023660253370
B1328194548015N00639071EA023670253442
B1328204548015N00639079EA023670253437
B1328214548015N00639088EA023680253513
B1328224548014N00639096EA023690253575
B1328234548013N00639104EA023690253697
B1328244548013N00639113EA023700253645
B1328254548012N00639122EA023710253695
B1328264548012N00639132EA023700253652
B1328274548012N00639141EA023700253645
B1328284548012N00639151EA023700253870
B1328294548013N00639160EA023710253821
B1328304548013N00639168EA023720254038
B1328314548013N00639177EA023720254001
B1328324548012N00639185EA023730254043
B1328334548011N00639194EA023740253991
B1328344548011N00639203EA023740253952
B1328354548011N00639212EA023740254024
B1328364548010N00639221EA023740254088
B1328374548010N00639230EA023740254067
B1328384548010N00639239EA023740254159
B1328394548011N00639249EA023740254102
B1328404548011N00639258EA023740254168
B1328414548011N00639268EA023750254292
B1328424548012N00639277EA023760254404
B1328434548011N00639286EA023770254691
B1328444548011N00639294EA023780254787
B1328454548011N00639302EA023790254889
B1328464548011N00639311EA023810254897
B1328474548012N00639320EA023810254928
B1328484548012N00639329EA023820254977
B1328494548012N00639338EA023820255195
B1328504548013N00639346EA023830255359
B1328514548014N00639355EA023850255641
B1328524548015N00639362EA023870255819
B1328534548015N00639371EA023890256027
B1328544548015N00639380EA023910256321
B1328554548016N00639388EA023940256652
B1328564548018N00639395EA023970257076
B1328574548020N00639401EA024010257559
B1328584548021N00639407EA024050257949
B1328594548021N00639414EA024090258264
B1329004548021N00639420EA024130258465
B1329014548021N00639426EA024160258528
B1329024548020N00639432EA024190258786
B1329034548020N00639438EA024200258984
B1329044548022N00639443EA024210259034
B1329054548025N00639447EA024210259056
B1329064548030N00639448EA024220259085
B1329074548035N00639446EA024220259170
B1329084548038N00639441EA024220259391
B1329094548039N00639433EA024230259478
B1329104548038N00639426EA024240259464
B1329114548035N00639421EA024250259531
B1329124548030N00639416EA024260259749
B1329134548024N00639416EA024280259911
B1329144548018N00639418EA024290260063
B1329154548014N00639422EA024300260252
B1329164548011N00639427EA024320260329
B1329174548009N00639434EA024330260442
B1329184548009N00639441EA024350260556
B1329194548011N00639447EA024360260763
B1329204548015N00639450EA024380260868
B1329214548019N00639451EA024390260973
B1329224548023N00639448EA024400261022
B1329234548026N00639442EA024410261170
B1329244548027N00639434EA024420261145
B1329254548024N00639427EA024430261294
B1329264548021N00639422EA024430261320
B1329274548015N00639419EA024440261453
B1329284548009N00639419EA024450261656
B1329294548003N00639422EA024460261894
B1329304547999N00639427EA024480262054
B1329314547995N00639433EA024490262290
B1329324547993N00639439EA024510262411
B1329334547990N00639444EA024530262689
B1329344547988N00639451EA024550262825
B1329354547985N00639458EA024570263075
B1329364547983N00639465EA024600263378
B1329374547981N00639472EA024640263757
B1329384547980N00639480EA024670263900
B1329394547979N00639488EA024700264408
B1329404547978N00639497EA024740265187
B1329414547981N00639504EA024780265808
B1329424547985N00639508EA024830266256
B1329434547991N00639509EA024880266433
B1329444547996N00639505EA024910266654
B1329454547998N00639498EA024950266985
B1329464547998N00639491EA024990267267
B1329474547996N00639484EA025020267416
B1329484547991N00639479EA025050267855
B1329494547985N00639477EA025080268213
B1329504547979N00639480EA025120268659
B1329514547976N00639486EA025150268934
B1329524547976N00639493EA025190269445
B1329534547980N00639499EA025230269859
B1329544547986N00639503EA025260270480
B1329554547992N00639500EA025300270947
B1329564547996N00639495EA025350271525
B1329574547997N00639488EA025390271818
B1329584547996N00639481EA025430272034
B1329594547993N00639474EA025470272292
B1330004547989N00639468EA025480272454
B1330014547983N00639465EA025490272559
B1330024547976N00639465EA025500272757
B1330034547970N00639467EA025510273029
B1330044547964N00639471EA025530273349
B1330054547959N00639476EA025550273739
B1330064547954N00639482EA025580274177
B1330074547951N00639489EA025620274569
B1330084547950N00639498EA025660274842
B1330094547951N00639506EA025690275016
B1330104547953N00639514EA025720275224
B1330114547956N00639522EA025750275382
B1330124547962N00639528EA025770275529
B1330134547968N00639533EA025790275865
B1330144547975N00639535EA025820276311
B1330154547980N00639533EA025850276834
B1330164547984N00639529EA025890277213
B1330174547986N00639523EA025930277538
B1330184547988N00639516EA025960277709
B1330194547989N00639510EA025990278117
B1330204547989N00639504EA026030278560
B1330214547989N00639497EA026070279003
B1330224547987N00639491EA026110279303
B1330234547984N00639485EA026150279604
B1330244547980N00639479EA026180279843
B1330254547975N00639474EA026200280153
B1330264547969N00639472EA026230280493
B1330274547963N00639473EA026250280685
B1330284547957N00639476EA026270280868
B1330294547952N00639482EA026280281054
B1330304547948N00639489EA026300281283
B1330314547946N00639496EA026310281349
B1330324547945N00639505EA026330281434
B1330334547945N00639514EA026330281411
B1330344547946N00639522EA026330281548
B1330354547950N00639530EA026340281514
B1330364547955N00639536EA026340281631
B1330374547962N00639539EA026360281908
B1330384547968N00639540EA026370282214
B1330394547972N00639537EA026400282796
B1330404547976N00639532EA026430283159
B1330414547978N00639525EA026470283506
B1330424547976N00639519EA026510283886
B1330434547972N00639513EA026550284089
B1330444547967N00639512EA026580284341
B1330454547961N00639515EA026630284912
B1330464547957N00639521EA026680285554
B1330474547956N00639530EA026730285990
B1330484547959N00639538EA026770286306
B1330494547963N00639545EA026810286714
B1330504547968N00639549EA026850287015
B1330514547973N00639551EA026890287543
B1330524547978N00639550EA026930287955
B1330534547982N00639547EA026980288346
B1330544547984N00639542EA027010288695
B1330554547986N00639534EA027040288968
B1330564547986N00639526EA027060289235
B1330574547984N00639519EA027090289511
B1330584547980N00639512EA027110289957
B1330594547974N00639509EA027140290280
B1331004547968N00639507EA027170290516
B1331014547961N00639508EA027210290957
B1331024547955N00639511EA027240291359
B1331034547950N00639517EA027280291623
B1331044547945N00639524EA027310291889
B1331054547942N00639534EA027340292145
B1331064547941N00639545EA027370292661
B1331074547943N00639554EA027400293025
B1331084547946N00639562EA027430293388
B1331094547951N00639569EA027470293534
B1331104547956N00639574EA027490293825
B1331114547961N00639578EA027520294120
B1331124547966N00639580EA027540294471
B1331134547972N00639579EA027570294734
B1331144547976N00639575EA027600294976
B1331154547978N00639568EA027620295078
B1331164547977N00639560EA027630295148
B1331174547973N00639555EA027630295270
B1331184547968N00639552EA027640295545
B1331194547963N00639553EA027660296016
B1331204547959N00639557EA027700296730
B1331214547957N00639562EA027740297339
B1331224547956N00639570EA027790297716
B1331234547957N00639578EA027830297946
B1331244547961N00639587EA027870298102
B1331254547966N00639594EA027910298351
B1331264547972N00639596EA027950298798
B1331274547978N00639595EA027980298992
B1331284547983N00639590EA028010299254
B1331294547986N00639584EA028040299562
B1331304547987N00639577EA028060299719
B1331314547985N00639572EA028070299926
B1331324547981N00639568EA028080300040
B1331334547976N00639564EA028090300119
B1331344547970N00639562EA028090300265
B1331354547965N00639561EA028110300504
B1331364547959N00639563EA028130301020
B1331374547953N00639566EA028160301650
B1331384547949N00639568EA028210302327
B1331394547945N00639570EA028260302779
B1331404547942N00639573EA028300303099
B1331414547939N00639578EA028350303297
B1331424547937N00639584EA028390303469
B1331434547936N00639592EA028430303808
B1331444547936N00639602EA028470304273
B1331454547939N00639609EA028510304599
B1331464547945N00639614EA028550304791
B1331474547952N00639613EA028580305070
B1331484547958N00639607EA028600305413
B1331494547960N00639600EA028610305854
B1331504547959N00639592EA028640306279
B1331514547957N00639588EA028670306405
B1331524547953N00639587EA028690306602
B1331534547948N00639589EA028720306881
B1331544547945N00639592EA028740307159
B1331554547942N00639598EA028780307710
B1331564547939N00639603EA028810308396
B1331574547939N00639609EA028860308802
B1331584547939N00639614EA028910309189
B1331594547942N00639621EA028950309312
B1332004547945N00639627EA028990309684
B1332014547950N00639632EA029020309951
B1332024547956N00639634EA029050310258
B1332034547962N00639635EA029070310523
B1332044547968N00639632EA029090310864
B1332054547973N00639627EA029110311222
B1332064547976N00639619EA029140311555
B1332074547977N00639611EA029170311846
B1332084547976N00639604EA029210312147
B1332094547974N00639599EA029240312322
B1332104547970N00639596EA029270312516
B1332114547965N00639597EA029300312532
B1332124547960N00639602EA029300312749
B1332134547957N00639611EA029300313015
B1332144547955N00639620EA029310313584
B1332154547956N00639628EA029330313925
B1332164547959N00639634EA029360314228
B1332174547964N00639639EA029390314425
B1332184547969N00639642EA029420314578
B1332194547975N00639644EA029460314830
B1332204547981N00639644EA029490315285
B1332214547987N00639645EA029530315753
B1332224547993N00639646EA029570316205
B1332234547998N00639648EA029610316640
B1332244548003N00639649EA029660317099
B1332254548009N00639652EA029700317374
B1332264548016N00639654EA029750317701
B1332274548022N00639652EA029790318005
B1332284548027N00639647EA029820318119
B1332294548029N00639639EA029840318252
B1332304548029N00639631EA029850318667
B1332314548027N00639626EA029870319000
B1332324548023N00639624EA029890319480
B1332334548020N00639625EA029930319825
B1332344548018N00639630EA029960320107
B1332354548017N00639637EA029990320675
B1332364548019N00639644EA030030320941
B1332374548023N00639650EA030060321042
B1332384548029N00639655EA030100321396
B1332394548037N00639657EA030120321559
B1332404548044N00639656EA030150321899
B1332414548051N00639653EA030180322025
B1332424548056N00639647EA030200322289
B1332434548061N00639639EA030210322618
B1332444548063N00639631EA030240323098
B1332454548065N00639624EA030270323327
B1332464548065N00639618EA030300323566
B1332474548064N00639612EA030330323978
B1332484548062N00639608EA030370324379
B1332494548060N00639607EA030410324613
B1332504548057N00639608EA030440324954
B1332514548055N00639611EA030470325084
B1332524548054N00639616EA030500325252
B1332534548053N00639621EA030500325385
B1332544548053N00639626EA030510325584
B1332554548054N00639632EA030520325771
B1332564548057N00639638EA030530325903
B1332574548060N00639645EA030540326063
B1332584548064N00639652EA030560326172
B1332594548069N00639658EA030570326477
B1333004548075N00639664EA030590326618
B1333014548080N00639670EA030620326915
B1333024548084N00639676EA030640327209
B1333034548086N00639684EA030670327363
B1333044548087N00639691EA030690327549
B1333054548086N00639698EA030720327879
B1333064548085N00639702EA030750328207
B1333074548082N00639703EA030780328565
B1333084548080N00639701EA030810328768
B1333094548079N00639697EA030840329061
B1333104548080N00639691EA030870329370
B1333114548084N00639684EA030900329629
B1333124548090N00639678EA030930329916
B1333134548097N00639676EA030950330177
B1333144548105N00639678EA030980330369
B1333154548112N00639683EA031000330529
B1333164548116N00639690EA031020330888
B1333174548119N00639698EA031030330982
B1333184548121N00639705EA031040331136
B1333194548122N00639712EA031060331411
B1333204548121N00639717EA031080331679
B1333214548120N00639722EA031100331774
B1333224548119N00639725EA031110331859
B1333234548117N00639728EA031130332041
B1333244548115N00639728EA031140332131
B1333254548113N00639726EA031150332117
B1333264548112N00639723EA031150332110
B1333274548111N00639717EA031150332186
B1333284548113N00639710EA031150332139
B1333294548116N00639703EA031150332283
B1333304548122N00639697EA031150332321
B1333314548129N00639693EA031160332430
B1333324548136N00639691EA031170332584
B1333334548144N00639693EA031180332594
B1333344548152N00639696EA031190332746
B1333354548159N00639701EA031200332920
B1333364548165N00639706EA031220333055
B1333374548171N00639712EA031230333138
B1333384548176N00639720EA031240333180
B1333394548182N00639727EA031250333200
B1333404548187N00639734EA031260333322
B1333414548192N00639740EA031260333369
B1333424548198N00639748EA031260333335
B1333434548203N00639756EA031260333364
B1333444548209N00639763EA031260333309
B1333454548214N00639771EA031260333385
B1333464548220N00639779EA031260333294
B1333474548226N00639787EA031260333370
B1333484548232N00639793EA031260333309
B1333494548236N00639800EA031260333367
B1333504548241N00639808EA031260333213
B1333514548245N00639816EA031250332921
B1333524548249N00639824EA031240332788
B1333534548254N00639833EA031220332581
B1333544548260N00639840EA031200332507
B1333554548264N00639847EA031190332479
B1333564548269N00639855EA031170332213
B1333574548273N00639862EA031160331933
B1333584548278N00639870EA031130331500
B1333594548283N00639878EA031100331111
B1334004548288N00639886EA031070330728
B1334014548293N00639895EA031040330567
B1334024548298N00639904EA031000330238
B1334034548302N00639912EA030960330145
B1334044548306N00639919EA030930329938
B1334054548310N00639927EA030910329642
B1334064548314N00639935EA030890329227
B1334074548317N00639945EA030860328876
B1334084548321N00639955EA030830328427
B1334094548324N00639965EA030790328162
B1334104548328N00639973EA030760327709
B1334114548331N00639982EA030720327333
B1334124548334N00639990EA030680327042
B1334134548337N00639997EA030650326917
B1334144548340N00640004EA030620326746
B1334154548344N00640009EA030610326639
B1334164548347N00640014EA030600326488
B1334174548350N00640020EA030590326176
B1334184548353N00640027EA030570325840
B1334194548356N00640034EA030550325474
B1334204548360N00640042EA030510324992
B1334214548365N00640049EA030470324783
B1334224548370N00640056EA030440324543
B1334234548374N00640063EA030400324335
B1334244548377N00640071EA030370324091
B1334254548381N00640078EA030340323787
B1334264548386N00640085EA030320323439
B1334274548391N00640093EA030290323221
B1334284548396N00640100EA030260322916
B1334294548400N00640108EA030240322767
B1334304548404N00640116EA030210322569
B1334314548408N00640124EA030190322358
B1334324548412N00640132EA030170322094
B1334334548417N00640140EA030150321761
B1334344548422N00640147EA030130321618
B1334354548425N00640155EA030120321695
B1334364548429N00640162EA030120321507
B1334374548432N00640169EA030120321319
B1334384548435N00640177EA030100321007
B1334394548437N00640186EA030090320891
B1334404548440N00640194EA030070320669
B1334414548443N00640203EA030050320552
B1334424548446N00640210EA030040320455
B1334434548449N00640216EA030020320389
B1334444548453N00640222EA030000320157
B1334454548457N00640229EA029990319941
B1334464548461N00640235EA029970319736
B1334474548465N00640242EA029950319511
B1334484548469N00640248EA029930319315
B1334494548472N00640255EA029910319290
B1334504548476N00640261EA029900319184
B1334514548480N00640267EA029880318979
B1334524548484N00640274EA029860318778
B1334534548488N00640281EA029850318592
B1334544548493N00640287EA029830318415
B1334554548497N00640294EA029820318212
B1334564548501N00640300EA029810318109
B1334574548504N00640307EA029800317969
B1334584548508N00640315EA029780317701
B1334594548511N00640322EA029760317643
B1335004548514N00640329EA029750317565
B1335014548517N00640336EA029740317491
B1335024548521N00640342EA029720317235
B1335034548524N00640349EA029710317084
B1335044548528N00640356EA029690316712
B1335054548531N00640364EA029670316550
B1335064548535N00640371EA029650316407
B1335074548538N00640378EA029640316447
B1335084548541N00640385EA029630316380
B1335094548544N00640391EA029620316196
B1335104548547N00640398EA029610315995
B1335114548551N00640405EA029600315715
B1335124548555N00640412EA029580315522
B1335134548559N00640418EA029560315370
B1335144548564N00640423EA029540315209
B1335154548567N00640430EA029520315099
B1335164548571N00640437EA029510314959
B1335174548575N00640444EA029490314853
B1335184548579N00640450EA029480314773
B1335194548583N00640456EA029480314684
B1335204548587N00640462EA029470314466
B1335214548591N00640468EA029460314338
B1335224548595N00640475EA029450314052
B1335234548599N00640481EA029430313995
B1335244548604N00640487EA029410313734
B1335254548608N00640493EA029390313625
B1335264548611N00640499EA029370313479
B1335274548615N00640506EA029350313222
B1335284548619N00640511EA029330313019
B1335294548623N00640516EA029310312788
B1335304548628N00640522EA029280312464
B1335314548633N00640529EA029260312224
B1335324548637N00640537EA029230312100
B1335334548641N00640544EA029210312103
B1335344548644N00640551EA029210312190
B1335354548648N00640557EA029220312075
B1335364548652N00640564EA029220312032
B1335374548656N00640571EA029220311911
B1335384548659N00640578EA029210311872
B1335394548663N00640585EA029210311734
B1335404548666N00640592EA029200311686
B1335414548670N00640599EA029190311472
B1335424548675N00640605EA029170311208
B1335434548679N00640612EA029160311126
B1335444548683N00640619EA029140311065
B1335454548687N00640626EA029130310985
B1335464548691N00640633EA029110310890
B1335474548696N00640639EA029100310704
B1335484548699N00640645EA029090310596
B1335494548703N00640652EA029070310391
B1335504548708N00640658EA029060310109
B1335514548712N00640665EA029040309928
B1335524548716N00640672EA029020309799
B1335534548721N00640679EA029000309686
B1335544548727N00640686EA028980309400
B1335554548732N00640692EA028960309316
B1335564548736N00640699EA028950309286
B1335574548741N00640707EA028950309052
B1335584548746N00640714EA028930308813
B1335594548751N00640721EA028920308721
B1336004548756N00640727EA028910308655
B1336014548761N00640733EA028890308538
B1336024548766N00640740EA028880308414
B1336034548771N00640747EA028870308314
B1336044548776N00640754EA028860308105
B1336054548780N00640761EA028840308067
B1336064548785N00640769EA028830307941
B1336074548790N00640776EA028820307802
B1336084548794N00640783EA028810307696
B1336094548799N00640791EA028800307493
B1336104548805N00640799EA028780307321
B1336114548810N00640806EA028770307287
B1336124548816N00640813EA028750307127
B1336134548821N00640820EA028740306914
B1336144548825N00640827EA028730306893
B1336154548830N00640834EA028720306685
B1336164548836N00640842EA028710306440
B1336174548842N00640849EA028690306234
B1336184548848N00640856EA028670306101
B1336194548853N00640862EA028650306195
B1336204548859N00640869EA028640306063
B1336214548864N00640876EA028640306089
B1336224548869N00640884EA028640306088
B1336234548874N00640892EA028640306062
B1336244548879N00640899EA028640305960
B1336254548884N00640905EA028640305873
B1336264548889N00640911EA028640305875
B1336274548894N00640917EA028630305896
B1336284548900N00640923EA028630305812
B1336294548905N00640928EA028630305861
B1336304548910N00640933EA028630305990
B1336314548915N00640937EA028640306078
B1336324548920N00640942EA028640306025
B1336334548924N00640946EA028650305969
B1336344548929N00640951EA028640305785
B1336354548935N00640956EA028630305533
B1336364548940N00640961EA028620305479
B1336374548945N00640967EA028610305492
B1336384548950N00640971EA028600305488
B1336394548955N00640976EA028590305262
B1336404548960N00640980EA028580305178
B1336414548965N00640985EA028570304995
B1336424548971N00640991EA028560304800
B1336434548975N00640997EA028540304781
B1336444548980N00641002EA028530304649
B1336454548985N00641008EA028520304540
B1336464548990N00641012EA028510304425
B1336474548995N00641016EA028490304209
B1336484549000N00641022EA028480304003
B1336494549004N00641028EA028460303893
B1336504549010N00641034EA028440303705
B1336514549014N00641040EA028420303663
B1336524549018N00641045EA028410303576
B1336534549022N00641051EA028400303391
B1336544549027N00641056EA028390303125
B1336554549031N00641062EA028370302865
B1336564549036N00641068EA028350302727
B1336574549041N00641074EA028340302506
B1336584549045N00641079EA028320302484
B1336594549050N00641085EA028310302340
B1337004549054N00641090EA028290302184
B1337014549059N00641095EA028270301918
B1337024549063N00641100EA028260301779
B1337034549068N00641106EA028240301552
B1337044549073N00641111EA028220301329
B1337054549077N00641117EA028200301278
B1337064549081N00641123EA028180301099
B1337074549086N00641129EA028160300809
B1337084549090N00641135EA028140300651
B1337094549095N00641140EA028130300335
B1337104549100N00641145EA028110300137
B1337114549105N00641151EA028090299932
B1337124549110N00641156EA028060299848
B1337134549115N00641162EA028050299743
B1337144549120N00641167EA028040299677
B1337154549126N00641173EA028030299511
B1337164549131N00641178EA028030299441
B1337174549136N00641183EA028020299372
B1337184549141N00641188EA028020299188
B1337194549147N00641195EA028010299007
B1337204549152N00641203EA027990298952
B1337214549158N00641210EA027980298813
B1337224549163N00641216EA027970298889
B1337234549169N00641223EA027960298856
B1337244549175N00641230EA027960298814
B1337254549180N00641236EA027960298857
B1337264549185N00641242EA027970298897
B1337274549191N00641248EA027970298930
B1337284549197N00641252EA027970298909
B1337294549202N00641258EA027970298893
B1337304549208N00641263EA027970298769
B1337314549214N00641269EA027960298555
B1337324549220N00641274EA027960298458
B1337334549226N00641279EA027950298399
B1337344549233N00641284EA027930298317
B1337354549239N00641290EA027920298211
B1337364549244N00641294EA027920298299
B1337374549250N00641299EA027910298076
B1337384549256N00641303EA027900297959
B1337394549262N00641308EA027880297737
B1337404549268N00641314EA027870297630
B1337414549274N00641319EA027860297501
B1337424549279N00641323EA027840297489
B1337434549285N00641328EA027830297331
B1337444549291N00641332EA027830297306
B1337454549296N00641337EA027830297247
B1337464549301N00641343EA027820297093
B1337474549308N00641348EA027810296916
B1337484549314N00641353EA027800296842
B1337494549320N00641357EA027790296888
B1337504549327N00641362EA027780296900
B1337514549332N00641366EA027780296970
B1337524549338N00641369EA027790296809
B1337534549343N00641373EA027780296847
B1337544549348N00641377EA027780296693
B1337554549354N00641381EA027780296630
B1337564549359N00641384EA027770296455
B1337574549364N00641387EA027760296389
B1337584549370N00641391EA027740296055
B1337594549376N00641395EA027730295851
B1338004549382N00641398EA027710295758
B1338014549388N00641402EA027690295634
B1338024549393N00641405EA027670295594
B1338034549399N00641408EA027660295353
B1338044549405N00641411EA027640295225
B1338054549410N00641415EA027620295060
B1338064549416N00641418EA027600294846
B1338074549422N00641421EA027590294716
B1338084549427N00641424EA027580294666
B1338094549432N00641427EA027560294488
B1338104549438N00641431EA027550294225
B1338114549443N00641435EA027530294065
B1338124549449N00641439EA027510293914
B1338134549454N00641442EA027500293738
B1338144549459N00641446EA027480293663
B1338154549464N00641450EA027470293481
B1338164549470N00641453EA027460293309
B1338174549475N00641457EA027450293157
B1338184549481N00641461EA027430292921
B1338194549486N00641464EA027410292788
B1338204549492N00641468EA027400292628
B1338214549497N00641472EA027380292429
B1338224549502N00641476EA027360292136
B1338234549507N00641480EA027340291860
B1338244549513N00641483EA027310291523
B1338254549518N00641487EA027280291192
B1338264549524N00641491EA027250290952
B1338274549530N00641495EA027210290711
B1338284549535N00641498EA027190290524
B1338294549540N00641501EA027160290266
B1338304549545N00641505EA027140289952
B1338314549550N00641509EA027110289681
B1338324549556N00641513EA027080289214
B1338334549561N00641517EA027050288986
B1338344549567N00641521EA027030288753
B1338354549572N00641525EA027030288581
B1338364549577N00641528EA027020288387
B1338374549582N00641531EA027010288176
B1338384549587N00641534EA026990287882
B1338394549593N00641536EA026960287556
B1338404549599N00641538EA026940287243
B1338414549605N00641540EA026910286910
B1338424549610N00641542EA026880286730
B1338434549615N00641544EA026850286462
B1338444549620N00641545EA026810286198
B1338454549626N00641546EA026780285671
B1338464549633N00641545EA026740285415
B1338474549639N00641546EA026710285450
B1338484549645N00641548EA026700285411
B1338494549650N00641550EA026710285511
B1338504549654N00641551EA026720285580
B1338514549659N00641551EA026730285551
B1338524549664N00641551EA026730285363
B1338534549670N00641551EA026720285308
B1338544549675N00641552EA026720285265
B1338554549680N00641553EA026710285272
B1338564549685N00641553EA026710285218
B1338574549689N00641554EA026700285147
B1338584549694N00641555EA026690284932
B1338594549699N00641556EA026670284762
B1339004549705N00641556EA026650284608
B1339014549709N00641556EA026630284589
B1339024549714N00641558EA026620284540
B1339034549719N00641560EA026610284431
B1339044549724N00641562EA026610284334
B1339054549728N00641563EA026610284379
B1339064549733N00641564EA026600284106
B1339074549737N00641565EA026590284014
B1339084549741N00641567EA026580283874
B1339094549746N00641570EA026560283564
B1339104549751N00641573EA026540283383
B1339114549757N00641575EA026520283229
B1339124549762N00641578EA026500283179
B1339134549767N00641582EA026480283073
B1339144549772N00641586EA026470283084
B1339154549778N00641590EA026470282916
B1339164549783N00641594EA026470282868
B1339174549789N00641598EA026460282769
B1339184549795N00641603EA026460282784
B1339194549801N00641608EA026450282781
B1339204549807N00641613EA026450282852
B1339214549813N00641618EA026450282814
B1339224549818N00641623EA026450282868
B1339234549824N00641629EA026460283030
B1339244549829N00641634EA026470283295
B1339254549835N00641639EA026480283457
B1339264549840N00641644EA026500283691
B1339274549846N00641647EA026520283816
B1339284549851N00641651EA026530284029
B1339294549855N00641656EA026560284266
B1339304549859N00641661EA026580284386
B1339314549864N00641666EA026590284321
B1339324549868N00641669EA026600284079
B1339334549873N00641672EA026580283997
B1339344549879N00641675EA026570283890
B1339354549885N00641677EA026550283877
B1339364549890N00641681EA026550283986
B1339374549895N00641685EA026550284033
B1339384549899N00641688EA026560284125
B1339394549903N00641690EA026560284078
B1339404549908N00641693EA026570284050
B1339414549913N00641695EA026560284038
B1339424549917N00641699EA026560284099
B1339434549922N00641705EA026570284142
B1339444549927N00641710EA026570284116
B1339454549931N00641715EA026580284229
B1339464549935N00641721EA026580284453
B1339474549939N00641726EA026600284579
B1339484549944N00641732EA026610284747
B1339494549949N00641737EA026630284926
B1339504549954N00641741EA026650285016
B1339514549959N00641744EA026660285126
B1339524549964N00641748EA026670285241
B1339534549969N00641752EA026690285362
B1339544549975N00641756EA026700285613
B1339554549980N00641760EA026720285934
B1339564549985N00641765EA026750286172
B1339574549991N00641770EA026770286402
B1339584549996N00641775EA026800286876
B1339594550002N00641780EA026830287228
B1340004550007N00641785EA026870287787
B1340014550013N00641790EA026910288201
B1340024550017N00641794EA026960288545
B1340034550021N00641798EA026990288671
B1340044550026N00641801EA027010288555
B1340054550031N00641804EA027010288440
B1340064550036N00641804EA027000288515
B1340074550039N00641802EA027000288675
B1340084550041N00641798EA027010288774
B1340094550042N00641793EA027010288779
B1340104550041N00641790EA027020288870
B1340114550039N00641785EA027020288954
B1340124550036N00641781EA027030289054
B1340134550033N00641778EA027040289221
B1340144550029N00641775EA027050289487
B1340154550026N00641773EA027070289539
B1340164550023N00641770EA027080289729
B1340174550021N00641767EA027100289955
B1340184550019N00641764EA027120290145
B1340194550016N00641762EA027150290274
B1340204550013N00641761EA027170290305
B1340214550007N00641761EA027180290598
B1340224550002N00641765EA027200290644
B1340234549998N00641772EA027210290830
B1340244549995N00641781EA027220290807
B1340254549993N00641791EA027220291065
B1340264549994N00641801EA027230291278
B1340274549997N00641810EA027240291352
B1340284550001N00641817EA027250291421
B1340294550006N00641822EA027260291461
B1340304550012N00641825EA027270291645
B1340314550017N00641827EA027280291825
B1340324550021N00641828EA027300292046
B1340334550025N00641829EA027310292166
B1340344550029N00641830EA027330292281
B1340354550034N00641830EA027340292345
B1340364550039N00641831EA027360292431
B1340374550044N00641831EA027370292604
B1340384550048N00641831EA027380292764
B1340394550053N00641832EA027400292800
B1340404550057N00641832EA027410292898
B1340414550062N00641833EA027410292995
B1340424550068N00641834EA027410292925
B1340434550073N00641835EA027420293165
B1340444550078N00641837EA027430293370
B1340454550083N00641837EA027440293517
B1340464550086N00641838EA027460293790
B1340474550091N00641837EA027480293710
B1340484550095N00641835EA027490293739
B1340494550099N00641834EA027500293964
B1340504550103N00641833EA027510294164
B1340514550107N00641832EA027530294234
B1340524550110N00641830EA027540294397
B1340534550114N00641829EA027550294440
B1340544550118N00641826EA027560294538
B1340554550122N00641824EA027570294657
B1340564550126N00641823EA027580294859
B1340574550130N00641823EA027600295033
B1340584550134N00641823EA027610295151
B1340594550139N00641822EA027620295206
B1341004550143N00641822EA027640295373
B1341014550147N00641822EA027650295390
B1341024550152N00641821EA027650295403
B1341034550155N00641820EA027650295394
B1341044550160N00641819EA027640295313
B1341054550164N00641818EA027640295278
B1341064550169N00641818EA027630295223
B1341074550173N00641818EA027630295283
B1341084550178N00641817EA027630295216
B1341094550182N00641816EA027630295248
B1341104550186N00641816EA027640295261
B1341114550190N00641815EA027640295271
B1341124550194N00641813EA027630295189
B1341134550198N00641813EA027630295083
B1341144550202N00641813EA027620295087
B1341154550207N00641815EA027610294911
B1341164550211N00641817EA027610294865
B1341174550216N00641820EA027600294733
B1341184550221N00641823EA027590294640
B1341194550226N00641826EA027580294680
B1341204550232N00641829EA027580294661
B1341214550238N00641831EA027580294749
B1341224550243N00641833EA027580294758
B1341234550248N00641835EA027580294741
B1341244550253N00641835EA027580294709
B1341254550257N00641836EA027580294697
B1341264550263N00641837EA027580294648
B1341274550269N00641839EA027580294709
B1341284550274N00641842EA027580294821
B1341294550279N00641843EA027590294959
B1341304550284N00641845EA027590295042
B1341314550289N00641846EA027600295038
B1341324550294N00641849EA027610295173
B1341334550300N00641852EA027620295251
B1341344550306N00641855EA027630295301
B1341354550311N00641858EA027640295421
B1341364550316N00641860EA027650295455
B1341374550322N00641862EA027660295543
B1341384550328N00641863EA027670295566
B1341394550334N00641864EA027670295788
B1341404550341N00641866EA027680295810
B1341414550347N00641866EA027690296035
B1341424550353N00641866EA027710296167
B1341434550359N00641866EA027720296392
B1341444550365N00641865EA027740296699
B1341454550371N00641866EA027760296843
B1341464550376N00641867EA027780297063
B1341474550381N00641868EA027800297286
B1341484550387N00641870EA027820297421
B1341494550391N00641871EA027840297663
B1341504550395N00641873EA027860297842
B1341514550399N00641875EA027880297910
B1341524550403N00641877EA027890297910
B1341534550407N00641878EA027890297992
B1341544550413N00641879EA027890298016
B1341554550418N00641880EA027890298025
B1341564550423N00641881EA027900298143
B1341574550428N00641881EA027910298266
B1341584550433N00641881EA027920298479
B1341594550438N00641882EA027930298524
B1342004550442N00641882EA027940298646
B1342014550447N00641882EA027960298629
B1342024550452N00641883EA027960298532
B1342034550457N00641883EA027960298684
B1342044550463N00641883EA027970298842
B1342054550468N00641882EA027980299056
B1342064550472N00641881EA027990299264
B1342074550476N00641879EA028000299294
B1342084550481N00641877EA028010299244
B1342094550486N00641876EA028020299214
B1342104550490N00641875EA028030299388
B1342114550495N00641875EA028030299401
B1342124550498N00641874EA028030299382
B1342134550502N00641873EA028030299374
B1342144550506N00641873EA028030299274
B1342154550511N00641874EA028020299135
B1342164550515N00641877EA028020299071
B1342174550519N00641881EA028010298972
B1342184550523N00641886EA027990298716
B1342194550526N00641893EA027980298541
B1342204550529N00641900EA027960298372
B1342214550533N00641907EA027940298230
B1342224550536N00641913EA027920298161
B1342234550539N00641919EA027900298173
B1342244550542N00641925EA027890297949
B1342254550545N00641933EA027870297713
B1342264550547N00641941EA027860297590
B1342274550550N00641948EA027840297487
B1342284550553N00641956EA027830297280
B1342294550556N00641962EA027810297185
B1342304550559N00641968EA027800296979
B1342314550563N00641975EA027780296716
B1342324550566N00641982EA027770296585
B1342334550570N00641989EA027750296349
B1342344550574N00641997EA027730296122
B1342354550577N00642005EA027710296082
B1342364550581N00642012EA027700295969
B1342374550585N00642020EA027680295822
B1342384550588N00642027EA027680295772
B1342394550592N00642034EA027670295527
B1342404550595N00642042EA027660295363
B1342414550599N00642049EA027640295018
B1342424550603N00642057EA027620294802
B1342434550607N00642065EA027600294600
B1342444550610N00642072EA027580294597
B1342454550614N00642080EA027560294463
B1342464550618N00642087EA027550294416
B1342474550621N00642094EA027540294278
B1342484550625N00642102EA027520294003
B1342494550628N00642110EA027510293804
B1342504550631N00642118EA027490293726
B1342514550634N00642127EA027480293680
B1342524550638N00642135EA027470293552
B1342534550641N00642142EA027470293588
B1342544550644N00642150EA027470293484
B1342554550647N00642158EA027470293282
B1342564550651N00642166EA027460293016
B1342574550654N00642175EA027440292922
B1342584550657N00642183EA027430292829
B1342594550660N00642192EA027410292747
B1343004550663N00642201EA027400292710
B1343014550665N00642209EA027390292680
B1343024550668N00642217EA027380292570
B1343034550671N00642225EA027370292351
B1343044550674N00642233EA027360292127
B1343054550677N00642243EA027350292004
B1343064550680N00642252EA027340292020
B1343074550683N00642260EA027340292041
B1343084550686N00642267EA027340292057
B1343094550689N00642276EA027330291960
B1343104550692N00642284EA027330291789
B1343114550696N00642294EA027320291633
B1343124550699N00642303EA027310291779
B1343134550702N00642312EA027300291889
B1343144550705N00642321EA027310291877
B1343154550708N00642330EA027310291910
B1343164550710N00642338EA027310291845
B1343174550713N00642347EA027310291605
B1343184550715N00642357EA027300291481
B1343194550718N00642366EA027290291266
B1343204550721N00642375EA027270291165
B1343214550724N00642384EA027260290973
B1343224550727N00642393EA027240290661
B1343234550730N00642402EA027220290434
B1343244550732N00642412EA027190290293
B1343254550735N00642422EA027170290044
B1343264550738N00642431EA027150289885
B1343274550742N00642440EA027120289620
B1343284550745N00642448EA027100289239
B1343294550748N00642457EA027070288828
B1343304550751N00642467EA027030288453
B1343314550755N00642476EA027000288107
B1343324550758N00642486EA026970287870
B1343334550762N00642495EA026930287513
B1343344550765N00642504EA026900287225
B1343354550768N00642513EA026870286974
B1343364550772N00642522EA026830286512
B1343374550775N00642531EA026800286151
B1343384550779N00642540EA026750285618
B1343394550783N00642550EA026710285238
B1343404550787N00642560EA026670284961
B1343414550792N00642568EA026640284510
B1343424550796N00642575EA026600284166
B1343434550800N00642583EA026550283688
B1343444550804N00642592EA026500283169
B1343454550808N00642601EA026490282629
B1343464550812N00642610EA026480282318
B1343474550816N00642619EA026420282001
B1343484550820N00642626EA026380281817
B1343494550823N00642633EA026350281501
B1343504550826N00642639EA026310280903
B1343514550829N00642646EA026260280316
B1343524550832N00642654EA026220279688
B1343534550836N00642663EA026170279167
B1343544550840N00642672EA026120278918
B1343554550843N00642681EA026100278750
B1343564550846N00642688EA026090278493
B1343574550850N00642695EA026070277972
B1343584550854N00642703EA026030277352
B1343594550858N00642711EA025970276839
B1344004550861N00642721EA025930276590
B1344014550865N00642729EA025890276295
B1344024550869N00642737EA025860275999
B1344034550874N00642745EA025820275618
B1344044550878N00642753EA025790275350
B1344054550883N00642759EA025760275049
B1344064550888N00642767EA025720274650
B1344074550893N00642773EA025690274345
B1344084550898N00642780EA025650274033
B1344094550902N00642787EA025620273793
B1344104550906N00642794EA025590273594
B1344114550910N00642801EA025570273395
B1344124550914N00642809EA025550273173
B1344134550918N00642817EA025530272835
B1344144550922N00642825EA025520272709
B1344154550925N00642834EA025500272619
B1344164550927N00642844EA025510272668
B1344174550930N00642854EA025500272613
B1344184550932N00642863EA025500272761
B1344194550935N00642871EA025500272638
B1344204550937N00642880EA025490272571
B1344214550939N00642888EA025480272485
B1344224550942N00642897EA025480272212
B1344234550944N00642906EA025470272174
B1344244550947N00642916EA025460272080
B1344254550951N00642924EA025450271939
B1344264550954N00642933EA025440271842
B1344274550957N00642941EA025430271832
B1344284550959N00642948EA025430271886
B1344294550961N00642956EA025430271684
B1344304550963N00642964EA025430271656
B1344314550965N00642972EA025420271568
B1344324550968N00642981EA025400271221
B1344334550970N00642990EA025380271181
B1344344550973N00642999EA025370271111
B1344354550975N00643007EA025360271135
B1344364550977N00643015EA025350271220
B1344374550979N00643022EA025350271115
B1344384550981N00643029EA025350271007
B1344394550983N00643037EA025340270900
B1344404550985N00643044EA025330270637
B1344414550987N00643052EA025320270474
B1344424550990N00643060EA025300270218
B1344434550992N00643069EA025280270014
B1344444550993N00643077EA025260269899
B1344454550995N00643086EA025230269643
B1344464550997N00643094EA025210269509
B1344474550998N00643103EA025190269370
B1344484551000N00643111EA025170269121
B1344494551001N00643119EA025150268950
B1344504551002N00643127EA025130268790
B1344514551004N00643134EA025110268409
B1344524551005N00643143EA025090268252
B1344534551006N00643151EA025070268099
B1344544551008N00643160EA025050267937
B1344554551009N00643169EA025040267872
B1344564551011N00643177EA025030267640
B1344574551013N00643184EA025010267354
B1344584551015N00643192EA025000267096
B1344594551018N00643201EA024980266944
B1345004551020N00643209EA024960266876
B1345014551023N00643217EA024950266643
B1345024551026N00643225EA024930266546
B1345034551029N00643234EA024920266471
B1345044551032N00643243EA024910266353
B1345054551034N00643252EA024910266493
B1345064551037N00643260EA024910266534
B1345074551039N00643268EA024920266492
B1345084551042N00643276EA024920266431
B1345094551045N00643284EA024920266314
B1345104551048N00643293EA024910266304
B1345114551051N00643302EA024910266315
B1345124551054N00643311EA024910266334
B1345134551057N00643320EA024900266310
B1345144551059N00643328EA024900266365
B1345154551061N00643337EA024900266390
B1345164551064N00643345EA024900266275
B1345174551067N00643354EA024900266151
B1345184551070N00643362EA024890266038
B1345194551073N00643371EA024880266026
B1345204551076N00643379EA024870266066
B1345214551079N00643386EA024870266189
B1345224551082N00643394EA024870266160
B1345234551085N00643401EA024870266017
B1345244551087N00643409EA024870265965
B1345254551090N00643417EA024860265879
B1345264551094N00643426EA024860265834
B1345274551097N00643434EA024850265853
B1345284551100N00643442EA024850265703
B1345294551102N00643450EA024840265621
B1345304551104N00643458EA024830265491
B1345314551108N00643465EA024810265219
B1345324551111N00643474EA024800265040
B1345334551114N00643482EA024780264940
B1345344551117N00643490EA024760264831
B1345354551119N00643498EA024750264680
B1345364551122N00643505EA024740264525
B1345374551124N00643513EA024720264375
B1345384551127N00643522EA024700264102
B1345394551129N00643531EA024680263926
B1345404551131N00643540EA024660263854
B1345414551134N00643548EA024650263815
B1345424551137N00643555EA024640263714
B1345434551139N00643562EA024640263683
B1345444551142N00643569EA024640263495
B1345454551146N00643577EA024630263240
B1345464551150N00643584EA024610263037
B1345474551154N00643591EA024600262849
B1345484551158N00643598EA024580262849
B1345494551161N00643606EA024560262791
B1345504551165N00643613EA024550262517
B1345514551168N00643621EA024530262422
B1345524551171N00643628EA024520262226
B1345534551174N00643635EA024500262178
B1345544551178N00643643EA024490261911
B1345554551181N00643650EA024470261755
B1345564551185N00643658EA024450261610
B1345574551188N00643665EA024440261572
B1345584551192N00643672EA024420261330
B1345594551196N00643678EA024410261105
B1346004551199N00643685EA024390260982
B1346014551203N00643692EA024370260691
B1346024551207N00643699EA024350260480
B1346034551211N00643706EA024330260370
B1346044551215N00643712EA024310260147
B1346054551219N00643719EA024290259936
B1346064551223N00643726EA024270259654
B1346074551227N00643732EA024250259488
B1346084551232N00643739EA024230259246
B1346094551236N00643746EA024210259097
B1346104551240N00643753EA024190258987
B1346114551244N00643761EA024170258770
B1346124551248N00643767EA024160258576
B1346134551252N00643774EA024150258390
B1346144551257N00643780EA024130258120
B1346154551261N00643786EA024110257963
B1346164551265N00643792EA024090257898
B1346174551270N00643799EA024080257605
B1346184551274N00643805EA024060257419
B1346194551277N00643812EA024050257392
B1346204551282N00643818EA024030257115
B1346214551286N00643824EA024010256939
B1346224551290N00643831EA024000256763
B1346234551294N00643837EA023980256679
B1346244551298N00643844EA023970256575
B1346254551302N00643850EA023960256459
B1346264551306N00643857EA023950256225
B1346274551310N00643864EA023940256004
B1346284551313N00643871EA023920255963
B1346294551317N00643878EA023900255824
B1346304551320N00643885EA023890255763
B1346314551324N00643892EA023880255620
B1346324551327N00643898EA023870255545
B1346334551330N00643906EA023860255350
B1346344551333N00643914EA023840255201
B1346354551335N00643922EA023830255001
B1346364551336N00643930EA023820254992
B1346374551338N00643937EA023800254889
B1346384551340N00643946EA023790254650
B1346394551342N00643954EA023770254422
B1346404551344N00643962EA023760254216
B1346414551345N00643971EA023740254074
B1346424551347N00643980EA023720253906
B1346434551348N00643989EA023700253810
B1346444551349N00643997EA023690253652
B1346454551350N00644005EA023670253495
B1346464551352N00644014EA023660253202
B1346474551353N00644023EA023640253120
B1346484551354N00644031EA023630253005
B1346494551354N00644039EA023620252975
B1346504551355N00644047EA023610252735
B1346514551355N00644055EA023600252597
B1346524551356N00644064EA023580252261
B1346534551357N00644072EA023560252018
B1346544551358N00644081EA023540251907
B1346554551358N00644090EA023530251867
B1346564551359N00644099EA023510251642
B1346574551360N00644107EA023490251516
B1346584551360N00644116EA023480251352
B1346594551361N00644125EA023460251100
B1347004551361N00644133EA023440250988
B1347014551362N00644142EA023430250875
B1347024551363N00644150EA023410250648
B1347034551364N00644159EA023400250416
B1347044551364N00644168EA023380250262
B1347054551365N00644177EA023360250031
B1347064551366N00644186EA023340249900
B1347074551366N00644194EA023330249748
B1347084551366N00644203EA023310249675
B1347094551366N00644212EA023300249490
B1347104551366N00644220EA023280249398
B1347114551367N00644229EA023270249116
B1347124551367N00644238EA023250248930
B1347134551367N00644246EA023230248737
B1347144551367N00644255EA023220248536
B1347154551367N00644264EA023200248336
B1347164551367N00644273EA023180248124
B1347174551366N00644282EA023160247992
B1347184551366N00644290EA023140247868
B1347194551366N00644299EA023130247614
B1347204551365N00644307EA023110247468
B1347214551365N00644316EA023090247207
B1347224551364N00644325EA023070247053
B1347234551363N00644334EA023050246890
B1347244551363N00644342EA023030246657
B1347254551363N00644351EA023010246506
B1347264551362N00644360EA023000246434
B1347274551361N00644368EA022990246249
B1347284551360N00644377EA022980246044
B1347294551359N00644385EA022970245845
B1347304551358N00644393EA022950245638
B1347314551357N00644402EA022930245522
B1347324551356N00644410EA022920245312
B1347334551355N00644417EA022900245106
B1347344551353N00644425EA022880244961
B1347354551352N00644433EA022860244623
B1347364551351N00644441EA022840244317
B1347374551350N00644450EA022810244105
B1347384551349N00644458EA022790244009
B1347394551348N00644467EA022770243814
B1347404551346N00644475EA022750243588
B1347414551345N00644484EA022730243361
B1347424551344N00644492EA022710243166
B1347434551343N00644500EA022690242968
B1347444551342N00644509EA022670242750
B1347454551341N00644517EA022640242415
B1347464551339N00644526EA022620242142
B1347474551337N00644535EA022590241976
B1347484551335N00644545EA022570241791
B1347494551334N00644553EA022550241629
B1347504551332N00644562EA022530241446
B1347514551330N00644571EA022510241263
B1347524551329N00644580EA022500240917
B1347534551327N00644590EA022480240781
B1347544551326N00644599EA022460240541
B1347554551325N00644607EA022440240428
B1347564551324N00644616EA022420240216
B1347574551322N00644625EA022410240098
B1347584551321N00644635EA022390239871
B1347594551320N00644644EA022370239626
B1348004551318N00644654EA022350239582
B1348014551317N00644663EA022340239448
B1348024551316N00644673EA022330239311
B1348034551314N00644682EA022320239171
B1348044551313N00644691EA022300238941
B1348054551311N00644700EA022290238682
B1348064551310N00644709EA022270238425
B1348074551308N00644718EA022250238378
B1348084551307N00644727EA022240238218
B1348094551305N00644736EA022220238146
B1348104551303N00644745EA022210237995
B1348114551302N00644754EA022190237658
B1348124551301N00644764EA022170237550
B1348134551300N00644773EA022150237341
B1348144551299N00644782EA022140237136
B1348154551298N00644791EA022120236929
B1348164551297N00644801EA022100236802
B1348174551295N00644810EA022080236652
B1348184551293N00644819EA022070236472
B1348194551292N00644828EA022050236213
B1348204551290N00644837EA022030236083
B1348214551289N00644846EA022020235845
B1348224551287N00644855EA022000235784
B1348234551286N00644864EA021990235546
B1348244551284N00644873EA021980235495
B1348254551283N00644882EA021960235240
B1348264551281N00644890EA021950235099
B1348274551280N00644900EA021930234841
B1348284551278N00644909EA021910234694
B1348294551277N00644918EA021890234446
B1348304551276N00644927EA021870234209
B1348314551274N00644937EA021850234142
B1348324551272N00644946EA021840233994
B1348334551271N00644956EA021820233840
B1348344551269N00644965EA021810233788
B1348354551268N00644975EA021800233743
B1348364551267N00644984EA021800233627
B1348374551266N00644993EA021800233623
B1348384551265N00645001EA021800233528
B1348394551264N00645010EA021790233329
B1348404551263N00645020EA021780233124
B1348414551262N00645029EA021770233028
B1348424551260N00645039EA021750232995
B1348434551259N00645048EA021740232889
B1348444551258N00645058EA021730232795
B1348454551258N00645067EA021710232606
B1348464551257N00645077EA021700232500
B1348474551255N00645086EA021690232495
B1348484551254N00645096EA021670232271
B1348494551253N00645105EA021660232134
B1348504551251N00645114EA021650232075
B1348514551250N00645123EA021640231946
B1348524551248N00645132EA021630231777
B1348534551247N00645142EA021620231620
B1348544551245N00645151EA021600231535
B1348554551243N00645161EA021590231473
B1348564551242N00645171EA021590231410
B1348574551240N00645180EA021580231356
B1348584551239N00645190EA021580231300
B1348594551237N00645199EA021570231242
B1349004551235N00645208EA021560231084
B1349014551234N00645217EA021550230949
B1349024551233N00645227EA021540230717
B1349034551231N00645237EA021530230663
B1349044551230N00645246EA021520230609
B1349054551228N00645256EA021510230556
B1349064551227N00645266EA021500230430
B1349074551226N00645275EA021490230326
B1349084551225N00645284EA021480230209
B1349094551223N00645294EA021470230186
B1349104551222N00645304EA021460229952
B1349114551221N00645314EA021450229821
B1349124551220N00645324EA021430229712
B1349134551218N00645334EA021420229680
B1349144551217N00645343EA021410229539
B1349154551215N00645353EA021400229466
B1349164551213N00645363EA021390229394
B1349174551212N00645373EA021380229251
B1349184551210N00645383EA021370229190
B1349194551209N00645393EA021360228911
B1349204551207N00645403EA021350228853
B1349214551206N00645413EA021340228725
B1349224551204N00645423EA021330228677
B1349234551203N00645433EA021320228526
B1349244551201N00645443EA021310228493
B1349254551200N00645453EA021300228395
B1349264551199N00645463EA021290228288
B1349274551198N00645474EA021290228241
B1349284551197N00645483EA021290228346
B1349294551196N00645492EA021290228375
B1349304551196N00645501EA021290228235
B1349314551195N00645511EA021290228190
B1349324551195N00645521EA021280228131
B1349334551194N00645531EA021280228182
B1349344551194N00645540EA021280228128
B1349354551193N00645550EA021280228180
B1349364551193N00645559EA021280228110
B1349374551192N00645568EA021280228143
B1349384551191N00645577EA021280228057
B1349394551190N00645587EA021270227953
B1349404551189N00645597EA021270227970
B1349414551189N00645606EA021260227804
B1349424551188N00645616EA021260227812
B1349434551187N00645625EA021250227838
B1349444551186N00645635EA021250227777
B1349454551186N00645645EA021250227725
B1349464551186N00645655EA021240227718
B1349474551185N00645665EA021240227896
B1349484551185N00645674EA021240227949
B1349494551184N00645684EA021250227990
B1349504551184N00645692EA021250227828
B1349514551183N00645702EA021250227660
B1349524551183N00645712EA021240227513
B1349534551182N00645723EA021230227484
B1349544551182N00645734EA021230227574
B1349554551182N00645744EA021230227747
B1349564551181N00645753EA021240227898
B1349574551181N00645762EA021250228062
B1349584551180N00645770EA021260228084
B1349594551179N00645779EA021270228021
B1350004551176N00645787EA021270228098
B1350014551174N00645796EA021270228011
B1350024551171N00645804EA021270228134
B1350034551168N00645812EA021270228142
B1350044551165N00645819EA021280228267
B1350054551163N00645827EA021280228201
B1350064551160N00645835EA021280228332
B1350074551157N00645843EA021290228470
B1350084551155N00645851EA021290228671
B1350094551154N00645858EA021310228838
B1350104551153N00645865EA021320229017
B1350114551152N00645872EA021340229007
B1350124551151N00645879EA021350229003
B1350134551150N00645886EA021360229132
B1350144551150N00645893EA021370229103
B1350154551150N00645900EA021380229206
B1350164551150N00645907EA021390229317
B1350174551150N00645914EA021400229425
B1350184551150N00645920EA021410229537
B1350194551150N00645927EA021420229691
B1350204551151N00645933EA021430229772
B1350214551152N00645939EA021440229921
B1350224551152N00645944EA021450230048
B1350234551152N00645950EA021470230163
B1350244551153N00645956EA021480230130
B1350254551154N00645961EA021490230257
B1350264551155N00645967EA021500230462
B1350274551156N00645972EA021510230527
B1350284551156N00645977EA021520230679
B1350294551157N00645982EA021530230627
B1350304551158N00645987EA021540230716
B1350314551159N00645992EA021550230816
B1350324551159N00645997EA021550230996
B1350334551160N00646002EA021560230991
B1350344551162N00646005EA021560230968
B1350354551165N00646008EA021560230893
B1350364551170N00646007EA021550230781
B1350374551175N00646000EA021540230637
B1350384551175N00645991EA021530230524
B1350394551171N00645983EA021530230666
B1350404551166N00645977EA021520230807
B1350414551160N00645973EA021530231075
B1350424551156N00645969EA021540231198
B1350434551153N00645966EA021550231250
B1350444551150N00645961EA021560231229
B1350454551147N00645956EA021570231126
B1350464551144N00645950EA021570231141
B1350474551142N00645943EA021570231318
B1350484551140N00645938EA021580231488
B1350494551139N00645934EA021580231457
B1350504551138N00645930EA021590231378
B1350514551138N00645926EA021580231139
B1350524551138N00645922EA021580231066
B1350534551141N00645919EA021570230843
B1350544551145N00645919EA021550230713
B1350554551149N00645922EA021540230723
B1350564551151N00645929EA021530230772
B1350574551152N00645936EA021540231064
B1350584551152N00645942EA021550231270
B1350594551151N00645946EA021560231387
B1351004551151N00645951EA021580231216
B1351014551151N00645957EA021580231016
B1351024551151N00645964EA021570230878
B1351034551153N00645972EA021560230824
B1351044551155N00645979EA021550230903
B1351054551157N00645985EA021550231135
B1351064551159N00645990EA021560231165
B1351074551161N00645995EA021560231290
B1351084551163N00645998EA021570231387
B1351094551165N00646002EA021580231393
B1351104551168N00646006EA021580231238
B1351114551171N00646011EA021580231213
B1351124551173N00646015EA021580231278
B1351134551176N00646020EA021580231230
B1351144551177N00646024EA021570231065
B1351154551178N00646028EA021560230899
B1351164551181N00646033EA021550230518
B1351174551184N00646040EA021530230173
B1351184551188N00646045EA021500230166
B1351194551191N00646050EA021490230291
B1351204551195N00646052EA021480230319
B1351214551198N00646053EA021490230444
B1351224551200N00646050EA021490230397
B1351234551202N00646043EA021480230065
B1351244551201N00646034EA021470229873
B1351254551199N00646026EA021460230004
B1351264551195N00646020EA021470230315
B1351274551191N00646016EA021490230798
B1351284551189N00646013EA021510231017
B1351294551186N00646011EA021540231111
B1351304551182N00646008EA021560231295
B1351314551179N00646004EA021580231368
B1351324551177N00645999EA021600231397
B1351334551178N00645993EA021600231121
B1351344551181N00645987EA021590230829
B1351354551186N00645987EA021580230772
B1351364551191N00645991EA021560230787
B1351374551194N00645998EA021550230799
B1351384551196N00646005EA021540230747
B1351394551197N00646011EA021530230826
B1351404551197N00646018EA021530230730
B1351414551197N00646025EA021530230588
B1351424551198N00646033EA021520230569
B1351434551200N00646041EA021510230507
B1351444551202N00646048EA021510230646
B1351454551205N00646053EA021520230698
B1351464551210N00646056EA021520230651
B1351474551214N00646054EA021520230683
B1351484551216N00646048EA021520230579
B1351494551215N00646043EA021510230480
B1351504551212N00646038EA021500230407
B1351514551207N00646035EA021500230488
B1351524551203N00646033EA021490230589
B1351534551200N00646031EA021500230401
B1351544551196N00646027EA021490230221
B1351554551192N00646022EA021490230127
B1351564551188N00646017EA021480230129
B1351574551184N00646013EA021470230150
B1351584551180N00646008EA021460230084
B1351594551177N00646003EA021460229907
B1352004551173N00645998EA021450229919
B1352014551169N00645993EA021450230068
B1352024551166N00645988EA021450230175
B1352034551163N00645982EA021460230199
B1352044551161N00645977EA021460230122
B1352054551158N00645971EA021470230144
B1352064551155N00645965EA021470230266
B1352074551152N00645959EA021480230389
B1352084551150N00645954EA021490230400
B1352094551147N00645948EA021490230547
B1352104551144N00645943EA021500230695
B1352114551142N00645938EA021510230648
B1352124551140N00645934EA021520230622
B1352134551138N00645928EA021520230517
B1352144551136N00645922EA021510230522
B1352154551134N00645915EA021510230519
B1352164551132N00645909EA021510230612
B1352174551130N00645902EA021520230746
B1352184551129N00645896EA021520230930
B1352194551129N00645889EA021540231107
B1352204551128N00645883EA021550231287
B1352214551128N00645877EA021570231466
B1352224551128N00645871EA021590231597
B1352234551129N00645865EA021600231647
B1352244551130N00645859EA021620231712
B1352254551131N00645853EA021630231921
B1352264551131N00645847EA021650232192
B1352274551132N00645841EA021660232238
B1352284551132N00645836EA021670232248
B1352294551133N00645831EA021670232204
B1352304551135N00645826EA021670232132
B1352314551138N00645822EA021660232186
B1352324551143N00645823EA021660232021
B1352334551146N00645827EA021660231868
B1352344551148N00645835EA021650231634
B1352354551147N00645844EA021640231670
B1352364551145N00645851EA021630231796
B1352374551142N00645857EA021620231774
B1352384551138N00645861EA021620231712
B1352394551132N00645861EA021620231668
B1352404551127N00645859EA021610231551
B1352414551122N00645853EA021610231567
B1352424551119N00645847EA021610231782
B1352434551119N00645841EA021620232023
B1352444551119N00645836EA021640232445
B1352454551120N00645833EA021660232701
B1352464551120N00645830EA021690232941
B1352474551121N00645826EA021710232908
B1352484551122N00645822EA021730233118
B1352494551123N00645818EA021760233526
B1352504551124N00645814EA021790233807
B1352514551124N00645810EA021820234151
B1352524551124N00645804EA021850234356
B1352534551123N00645799EA021870234464
B1352544551122N00645795EA021890234419
B1352554551120N00645792EA021890234345
B1352564551119N00645788EA021870234198
B1352574551121N00645783EA021870234027
B1352584551124N00645778EA021860234236
B1352594551128N00645774EA021860234439
B1353004551132N00645773EA021870234679
B1353014551137N00645774EA021880234718
B1353024551140N00645777EA021890234877
B1353034551143N00645781EA021910235072
B1353044551144N00645786EA021920235093
B1353054551144N00645792EA021930235042
B1353064551140N00645797EA021930234888
B1353074551135N00645799EA021920234583
B1353084551130N00645797EA021910234532
B1353094551127N00645791EA021910234762
B1353104551128N00645785EA021910235047
B1353114551130N00645781EA021920235185
B1353124551134N00645779EA021940235347
B1353134551138N00645780EA021950235468
B1353144551142N00645784EA021970235439
B1353154551144N00645791EA021980235550
B1353164551145N00645797EA021990235733
B1353174551145N00645803EA022010235824
B1353184551145N00645809EA022020236025
B1353194551145N00645815EA022030236121
B1353204551145N00645820EA022040236078
B1353214551146N00645827EA022040236045
B1353224551147N00645835EA022030235923
B1353234551147N00645843EA022030235972
B1353244551147N00645850EA022020235929
B1353254551146N00645858EA022020235921
B1353264551144N00645864EA022020236139
B1353274551142N00645872EA022030236121
B1353284551140N00645879EA022030236204
B1353294551137N00645886EA022040236278
B1353304551135N00645894EA022040236247
B1353314551132N00645902EA022040236377
B1353324551129N00645910EA022040236281
B1353334551127N00645917EA022040236224
B1353344551124N00645924EA022040236088
B1353354551122N00645932EA022030236058
B1353364551120N00645941EA022030235906
B1353374551117N00645950EA022020235964
B1353384551115N00645958EA022010235849
B1353394551113N00645967EA022000235734
B1353404551111N00645975EA022000235617
B1353414551108N00645984EA021990235583
B1353424551106N00645993EA021980235415
B1353434551103N00646003EA021970235420
B1353444551100N00646013EA021960235332
B1353454551097N00646023EA021960235383
B1353464551095N00646033EA021950235388
B1353474551094N00646044EA021960235438
B1353484551093N00646055EA021960235644
B1353494551092N00646064EA021980235878
B1353504551091N00646073EA021990236062
B1353514551090N00646081EA022010236355
B1353524551089N00646090EA022040236641
B1353534551087N00646098EA022070237182
B1353544551085N00646104EA022110237449
B1353554551081N00646109EA022150237723
B1353564551076N00646110EA022180237928
B1353574551071N00646109EA022220238129
B1353584551068N00646106EA022240238209
B1353594551068N00646101EA022250238338
B1354004551071N00646097EA022260238467
B1354014551076N00646096EA022270238953
B1354024551081N00646100EA022290239204
B1354034551083N00646108EA022310239477
B1354044551084N00646118EA022340239570
B1354054551083N00646128EA022360239971
B1354064551081N00646136EA022400240310
B1354074551077N00646141EA022430240609
B1354084551072N00646144EA022470240809
B1354094551067N00646144EA022500241052
B1354104551064N00646141EA022530241366
B1354114551065N00646138EA022560241664
B1354124551070N00646137EA022570241769
B1354134551076N00646140EA022580241806
B1354144551082N00646149EA022590241902
B1354154551085N00646158EA022600242399
B1354164551086N00646167EA022630242828
B1354174551084N00646174EA022660243271
B1354184551082N00646178EA022690243580
B1354194551080N00646179EA022720243680
B1354204551078N00646177EA022740243718
B1354214551076N00646173EA022760243969
B1354224551076N00646169EA022790244299
B1354234551079N00646167EA022810244580
B1354244551085N00646165EA022840244532
B1354254551092N00646166EA022870244726
B1354264551099N00646170EA022890245136
B1354274551104N00646176EA022920245636
B1354284551107N00646182EA022950246139
B1354294551107N00646188EA022990246583
B1354304551106N00646191EA023030246704
B1354314551102N00646191EA023060246883
B1354324551099N00646187EA023080247160
B1354334551098N00646179EA023100247697
B1354344551101N00646173EA023130248031
B1354354551105N00646168EA023160248302
B1354364551109N00646165EA023190248745
B1354374551114N00646163EA023230249057
B1354384551119N00646163EA023270249476
B1354394551124N00646165EA023300249669
B1354404551128N00646170EA023340249836
B1354414551129N00646175EA023350249958
B1354424551128N00646181EA023350249901
B1354434551124N00646184EA023340249956
B1354444551119N00646186EA023340250093
B1354454551114N00646184EA023350250437
B1354464551109N00646180EA023370250894
B1354474551107N00646172EA023400251289
B1354484551107N00646164EA023440251443
B1354494551110N00646155EA023470251819
B1354504551114N00646150EA023510252386
B1354514551120N00646150EA023550252830
B1354524551125N00646153EA023600253142
B1354534551127N00646160EA023650253430
B1354544551126N00646165EA023680253452
B1354554551121N00646169EA023690253473
B1354564551115N00646169EA023690253446
B1354574551108N00646165EA023690253663
B1354584551104N00646158EA023700254100
B1354594551102N00646151EA023720254854
B1355004551103N00646146EA023760255213
B1355014551105N00646141EA023800255436
B1355024551109N00646137EA023830255334
B1355034551115N00646135EA023860255569
B1355044551121N00646138EA023890255954
B1355054551124N00646143EA023930256387
B1355064551125N00646150EA023960256726
B1355074551122N00646157EA023990256992
B1355084551119N00646162EA024020257281
B1355094551115N00646165EA024050257548
B1355104551110N00646166EA024080257731
B1355114551104N00646163EA024090257786
B1355124551100N00646157EA024100258045
B1355134551098N00646149EA024110258386
B1355144551100N00646141EA024120258349
B1355154551105N00646137EA024140258674
B1355164551111N00646139EA024170259042
B1355174551115N00646145EA024190259314
B1355184551114N00646155EA024220259587
B1355194551112N00646163EA024250259828
B1355204551108N00646168EA024290260449
B1355214551104N00646169EA024320260649
B1355224551099N00646167EA024350260666
B1355234551094N00646162EA024380260790
B1355244551092N00646155EA024400261010
B1355254551092N00646148EA024420261431
B1355264551095N00646142EA024440261699
B1355274551101N00646139EA024470261989
B1355284551106N00646140EA024490262495
B1355294551111N00646144EA024520262702
B1355304551113N00646150EA024560263279
B1355314551114N00646158EA024590263594
B1355324551113N00646164EA024630263888
B1355334551110N00646170EA024670264177
B1355344551106N00646173EA024700264427
B1355354551101N00646173EA024730264612
B1355364551096N00646170EA024760264978
B1355374551093N00646164EA024770265198
B1355384551093N00646158EA024790265460
B1355394551096N00646152EA024810265783
B1355404551101N00646150EA024830265906
B1355414551106N00646153EA024860266101
B1355424551109N00646159EA024890266422
B1355434551109N00646167EA024910266730
B1355444551107N00646174EA024940267009
B1355454551103N00646181EA024970267406
B1355464551098N00646186EA025000267890
B1355474551093N00646186EA025040268129
B1355484551088N00646186EA025070268338
B1355494551084N00646183EA025100268605
B1355504551080N00646178EA025140269078
B1355514551080N00646173EA025170269411
B1355524551082N00646168EA025200269678
B1355534551087N00646166EA025230269831
B1355544551092N00646166EA025250270068
B1355554551097N00646172EA025270270636
B1355564551098N00646181EA025300271080
B1355574551098N00646190EA025330271216
B1355584551094N00646199EA025360271480
B1355594551089N00646204EA025390271640
B1356004551082N00646204EA025420271997
B1356014551078N00646201EA025450272306
B1356024551075N00646196EA025480272691
B1356034551077N00646190EA025510272975
B1356044551082N00646188EA025540273261
B1356054551087N00646191EA025560273453
B1356064551090N00646200EA025590273780
B1356074551091N00646210EA025620274077
B1356084551087N00646220EA025650274374
B1356094551081N00646224EA025680274698
B1356104551075N00646224EA025700274890
B1356114551072N00646218EA025730275200
B1356124551072N00646210EA025750275516
B1356134551075N00646205EA025780275864
B1356144551080N00646204EA025810276173
B1356154551085N00646208EA025840276492
B1356164551089N00646215EA025870276985
B1356174551089N00646225EA025910277377
B1356184551086N00646234EA025940277788
B1356194551080N00646238EA025980277939
B1356204551073N00646236EA026020278476
B1356214551069N00646230EA026060278777
B1356224551069N00646223EA026090279134
B1356234551073N00646218EA026120279323
B1356244551078N00646217EA026150279766
B1356254551083N00646222EA026180280161
B1356264551087N00646229EA026210280524
B1356274551088N00646239EA026250280908
B1356284551085N00646248EA026280281383
B1356294551081N00646255EA026320281761
B1356304551075N00646259EA026360282290
B1356314551070N00646259EA026400282440
B1356324551065N00646255EA026440282714
B1356334551062N00646248EA026480283155
B1356344551063N00646243EA026510283532
B1356354551066N00646239EA026540283758
B1356364551071N00646240EA026550283837
B1356374551076N00646246EA026560284123
B1356384551078N00646255EA026580284573
B1356394551077N00646265EA026600284937
B1356404551072N00646273EA026630285250
B1356414551065N00646275EA026670285549
B1356424551058N00646273EA026700285988
B1356434551055N00646268EA026740286203
B1356444551054N00646262EA026770286385
B1356454551058N00646259EA026790286261
B1356464551065N00646261EA026800286500
B1356474551069N00646268EA026820286944
B1356484551070N00646278EA026840287409
B1356494551067N00646287EA026870287937
B1356504551061N00646294EA026910288380
B1356514551056N00646296EA026950288720
B1356524551051N00646294EA026990289113
B1356534551047N00646290EA027030289450
B1356544551046N00646285EA027080289832
B1356554551048N00646282EA027120289943
B1356564551051N00646280EA027150290187
B1356574551056N00646280EA027170290434
B1356584551060N00646281EA027190290861
B1356594551064N00646283EA027210291287
B1357004551069N00646287EA027240291544
B1357014551074N00646291EA027270291924
B1357024551079N00646295EA027310292342
B1357034551084N00646299EA027350292632
B1357044551089N00646304EA027380292930
B1357054551094N00646309EA027420293118
B1357064551099N00646315EA027440293304
B1357074551103N00646320EA027470293786
B1357084551108N00646325EA027500294057
B1357094551112N00646331EA027530294271
B1357104551116N00646336EA027550294455
B1357114551119N00646341EA027570294669
B1357124551122N00646347EA027580294790
B1357134551126N00646352EA027580294713
B1357144551129N00646358EA027580294612
B1357154551132N00646365EA027570294503
B1357164551135N00646373EA027560294421
B1357174551138N00646380EA027550294428
B1357184551141N00646388EA027550294433
B1357194551144N00646395EA027540294467
B1357204551147N00646403EA027550294473
B1357214551150N00646411EA027550294472
B1357224551154N00646419EA027550294442
B1357234551159N00646426EA027550294428
B1357244551164N00646433EA027550294630
B1357254551168N00646439EA027560294990
B1357264551172N00646445EA027580295235
B1357274551175N00646452EA027600295359
B1357284551178N00646460EA027620295475
B1357294551181N00646467EA027640295687
B1357304551185N00646474EA027660295826
B1357314551189N00646480EA027680296016
B1357324551193N00646486EA027700296274
B1357334551198N00646492EA027720296487
B1357344551203N00646500EA027740296870
B1357354551208N00646506EA027770297276
B1357364551213N00646512EA027800297567
B1357374551218N00646519EA027840297830
B1357384551222N00646526EA027870298173
B1357394551227N00646533EA027900298326
B1357404551232N00646540EA027940298646
B1357414551238N00646547EA027970298952
B1357424551244N00646553EA028000299331
B1357434551248N00646560EA028040299693
B1357444551252N00646568EA028070300004
B1357454551254N00646576EA028110300546
B1357464551258N00646583EA028150300817
B1357474551262N00646590EA028180300968
B1357484551268N00646597EA028190300907
B1357494551273N00646605EA028190301021
B1357504551278N00646611EA028180301059
B1357514551283N00646618EA028180301177
B1357524551288N00646624EA028180301157
B1357534551293N00646629EA028190301145
B1357544551298N00646633EA028190301096
B1357554551304N00646637EA028180300962
B1357564551309N00646641EA028170300861
B1357574551314N00646645EA028170300725
B1357584551318N00646651EA028150300655
B1357594551322N00646658EA028140300569
B1358004551326N00646666EA028130300436
B1358014551330N00646673EA028120300369
B1358024551334N00646680EA028110300381
B1358034551339N00646685EA028100300326
B1358044551343N00646691EA028090300311
B1358054551346N00646696EA028100300277
B1358064551350N00646702EA028090300072
B1358074551355N00646708EA028080299924
B1358084551359N00646715EA028070299893
B1358094551364N00646722EA028060299842
B1358104551368N00646728EA028050299985
B1358114551372N00646733EA028060300096
B1358124551376N00646738EA028060299992
B1358134551381N00646743EA028060299805
B1358144551385N00646749EA028060299632
B1358154551389N00646755EA028050299583
B1358164551394N00646761EA028040299453
B1358174551399N00646767EA028030299541
B1358184551404N00646772EA028020299506
B1358194551408N00646778EA028020299430
B1358204551412N00646783EA028010299323
B1358214551416N00646789EA028010299251
B1358224551420N00646795EA028000299151
B1358234551424N00646801EA027990299124
B1358244551427N00646807EA027980299097
B1358254551431N00646813EA027980299087
B1358264551435N00646819EA027970298975
B1358274551439N00646825EA027960298874
B1358284551443N00646831EA027960298865
B1358294551447N00646837EA027960298862
B1358304551451N00646842EA027960298837
B1358314551454N00646848EA027960298883
B1358324551458N00646854EA027960298802
B1358334551461N00646860EA027960298705
B1358344551464N00646866EA027950298708
B1358354551467N00646872EA027950298719
B1358364551470N00646878EA027950298666
B1358374551473N00646883EA027950298699
B1358384551477N00646888EA027940298539
B1358394551481N00646894EA027940298401
B1358404551484N00646899EA027930298379
B1358414551488N00646905EA027920298238
B1358424551491N00646911EA027910298287
B1358434551495N00646917EA027910298233
B1358444551498N00646922EA027900298268
B1358454551502N00646928EA027900298203
B1358464551505N00646933EA027900298137
B1358474551508N00646939EA027900298052
B1358484551512N00646944EA027900297916
B1358494551515N00646949EA027890297998
B1358504551519N00646955EA027880297953
B1358514551523N00646960EA027880297807
B1358524551526N00646966EA027870297840
B1358534551529N00646971EA027870297781
B1358544551533N00646976EA027860297622
B1358554551537N00646981EA027850297502
B1358564551540N00646986EA027840297485
B1358574551544N00646991EA027830297366
B1358584551548N00646997EA027820297313
B1358594551551N00647002EA027810297266
B1359004551555N00647007EA027800297138
B1359014551558N00647012EA027790297099
B1359024551562N00647018EA027780296950
B1359034551566N00647022EA027780296849
B1359044551570N00647027EA027770296726
B1359054551574N00647032EA027760296644
B1359064551578N00647037EA027750296562
B1359074551582N00647042EA027740296481
B1359084551587N00647046EA027730296409
B1359094551591N00647051EA027730296323
B1359104551595N00647055EA027720296308
B1359114551599N00647060EA027720296112
B1359124551603N00647064EA027710296029
B1359134551607N00647069EA027710295946
B1359144551611N00647074EA027700295852
B1359154551615N00647078EA027690295865
B1359164551619N00647082EA027680295686
B1359174551624N00647087EA027670295510
B1359184551628N00647091EA027660295433
B1359194551632N00647095EA027650295445
B1359204551636N00647099EA027640295327
B1359214551640N00647103EA027630295138
B1359224551645N00647107EA027620295004
B1359234551650N00647110EA027600294838
B1359244551655N00647114EA027590294833
B1359254551660N00647117EA027580294709
B1359264551664N00647122EA027570294613
B1359274551668N00647126EA027560294407
B1359284551672N00647131EA027540294231
B1359294551676N00647135EA027530294087
B1359304551681N00647140EA027510293841
B1359314551686N00647144EA027490293607
B1359324551690N00647149EA027470293484
B1359334551695N00647154EA027450293331
B1359344551700N00647158EA027440293115
B1359354551704N00647163EA027420293070
B1359364551709N00647167EA027400292805
B1359374551713N00647172EA027380292632
B1359384551717N00647176EA027370292445
B1359394551721N00647180EA027350292292
B1359404551726N00647183EA027330291946
B1359414551731N00647187EA027300291725
B1359424551736N00647191EA027280291518
B1359434551740N00647196EA027260291393
B1359444551745N00647200EA027240291287
B1359454551750N00647205EA027230291071
B1359464551755N00647209EA027220290925
B1359474551759N00647214EA027210290853
B1359484551763N00647219EA027200290674
B1359494551768N00647224EA027190290501
B1359504551772N00647229EA027180290340
B1359514551776N00647233EA027170290288
B1359524551781N00647238EA027160290113
B1359534551785N00647242EA027150290063
B1359544551790N00647245EA027140289928
B1359554551795N00647249EA027120289711
B1359564551799N00647252EA027110289687
B1359574551804N00647256EA027090289465
B1359584551809N00647260EA027070289252
B1359594551814N00647264EA027060289113
B1400004551818N00647268EA027040289069
B1400014551823N00647274EA027020288800
B1400024551827N00647278EA027010288618
B1400034551831N00647283EA026990288383
B1400044551836N00647287EA026970288197
B1400054551842N00647292EA026950287914
B1400064551846N00647296EA026930287789
B1400074551850N00647301EA026910287698
B1400084551855N00647307EA026890287330
B1400094551860N00647312EA026870287002
B1400104551865N00647316EA026850286848
B1400114551871N00647320EA026830286705
B1400124551876N00647323EA026810286619
B1400134551880N00647327EA026800286574
B1400144551885N00647331EA026790286324
B1400154551889N00647335EA026780286195
B1400164551895N00647340EA026770285920
B1400174551900N00647344EA026750285776
B1400184551905N00647349EA026740285790
B1400194551910N00647353EA026720285665
B1400204551915N00647357EA026710285517
B1400214551919N00647362EA026700285390
B1400224551925N00647366EA026680285024
B1400234551930N00647371EA026660284943
B1400244551935N00647376EA026640284843
B1400254551940N00647380EA026630284719
B1400264551945N00647385EA026620284603
B1400274551949N00647389EA026600284487
B1400284551954N00647394EA026590284276
B1400294551959N00647399EA026580284181
B1400304551965N00647402EA026560283919
B1400314551970N00647406EA026550283854
B1400324551975N00647410EA026530283666
B1400334551980N00647415EA026510283536
B1400344551984N00647421EA026500283373
B1400354551989N00647427EA026480283200
B1400364551993N00647432EA026470283054
B1400374551998N00647438EA026450282812
B1400384552002N00647443EA026440282689
B1400394552007N00647449EA026420282548
B1400404552012N00647455EA026410282307
B1400414552016N00647461EA026390282262
B1400424552021N00647466EA026390282028
B1400434552025N00647472EA026390281876
B1400444552030N00647478EA026380281729
B1400454552034N00647485EA026360281581
B1400464552039N00647491EA026350281464
B1400474552044N00647498EA026330281210
B1400484552048N00647504EA026310281155
B1400494552052N00647510EA026300281077
B1400504552056N00647517EA026280280893
B1400514552061N00647524EA026260280531
B1400524552065N00647531EA026240280373
B1400534552070N00647539EA026220280131
B1400544552075N00647546EA026200280017
B1400554552079N00647553EA026180279995
B1400564552084N00647560EA026170279841
B1400574552088N00647566EA026160279693
B1400584552093N00647572EA026150279466
B1400594552098N00647579EA026140279252
B1401004552103N00647586EA026130279161
B1401014552108N00647593EA026120279050
B1401024552113N00647599EA026100278917
B1401034552117N00647606EA026090278772
B1401044552122N00647612EA026080278625
B1401054552126N00647619EA026060278480
B1401064552131N00647625EA026040278242
B1401074552136N00647631EA026020278006
B1401084552140N00647637EA026000277848
B1401094552145N00647644EA025970277606
B1401104552149N00647650EA025950277458
B1401114552154N00647656EA025930277274
B1401124552160N00647660EA025910277019
B1401134552166N00647665EA025890276803
B1401144552172N00647669EA025870276726
B1401154552178N00647673EA025860276655
B1401164552184N00647677EA025860276504
B1401174552189N00647682EA025860276441
B1401184552194N00647687EA025850276172
B1401194552200N00647691EA025840275963
B1401204552207N00647694EA025820275802
B1401214552213N00647696EA025810275817
B1401224552219N00647700EA025800275605
B1401234552224N00647706EA025780275482
B1401244552230N00647711EA025750275116
B1401254552235N00647716EA025720275085
B1401264552241N00647720EA025700274858
B1401274552247N00647725EA025680274715
B1401284552252N00647731EA025670274652
B1401294552258N00647736EA025670274532
B1401304552264N00647740EA025670274445
B1401314552271N00647744EA025670274310
B1401324552278N00647746EA025670274208
B1401334552284N00647749EA025660274448
B1401344552290N00647753EA025660274565
B1401354552296N00647757EA025670274658
B1401364552302N00647761EA025670274737
B1401374552308N00647765EA025690274836
B1401384552314N00647770EA025700274922
B1401394552319N00647776EA025710275090
B1401404552325N00647783EA025720275141
B1401414552330N00647789EA025740275293
B1401424552336N00647795EA025750275423
B1401434552341N00647801EA025760275583
B1401444552348N00647808EA025780275506
B1401454552354N00647817EA025790275772
B1401464552361N00647825EA025820276124
B1401474552367N00647832EA025840276527
B1401484552373N00647838EA025870276909
B1401494552378N00647845EA025900277372
B1401504552384N00647852EA025940277751
B1401514552390N00647859EA025970278052
B1401524552396N00647866EA026010278245
B1401534552402N00647872EA026040278457
B1401544552408N00647879EA026050278770
B1401554552415N00647886EA026070279000
B1401564552421N00647893EA026100279301
B1401574552426N00647900EA026130279738
B1401584552431N00647908EA026160280137
B1401594552436N00647916EA026190280442
B1402004552441N00647922EA026220280759
B1402014552446N00647929EA026260281099
B1402024552451N00647936EA026290281395
B1402034552457N00647941EA026330281509
B1402044552462N00647946EA026360281839
B1402054552467N00647952EA026390282013
B1402064552471N00647958EA026400282196
B1402074552476N00647964EA026410282399
B1402084552482N00647970EA026420282547
B1402094552487N00647976EA026430282783
B1402104552492N00647981EA026450282899
B1402114552498N00647988EA026460282900
B1402124552503N00647994EA026470283056
B1402134552509N00648001EA026490283107
B1402144552514N00648007EA026500283398
B1402154552520N00648013EA026510283562
B1402164552525N00648018EA026520283796
B1402174552530N00648024EA026540283888
B1402184552536N00648031EA026560283902
B1402194552541N00648037EA026570284038
B1402204552546N00648043EA026590284207
B1402214552550N00648049EA026610284430
B1402224552554N00648053EA026620284539
B1402234552558N00648059EA026630284563
B1402244552563N00648064EA026630284609
B1402254552567N00648070EA026630284665
B1402264552572N00648076EA026630284732
B1402274552576N00648081EA026640284998
B1402284552581N00648087EA026650285036
B1402294552585N00648093EA026660285132
B1402304552589N00648098EA026670285214
B1402314552592N00648103EA026680285384
B1402324552597N00648108EA026690285103
B1402334552601N00648114EA026680285060
B1402344552606N00648120EA026680284942
B1402354552611N00648126EA026670284827
B1402364552616N00648133EA026670284802
B1402374552620N00648139EA026670284954
B1402384552625N00648145EA026670285004
B1402394552629N00648152EA026670285031
B1402404552633N00648159EA026680285076
B1402414552638N00648167EA026680285162
B1402424552643N00648174EA026680285186
B1402434552648N00648181EA026690285397
B1402444552653N00648189EA026700285443
B1402454552657N00648197EA026710285671
B1402464552662N00648204EA026730285809
B1402474552666N00648211EA026740285969
B1402484552672N00648218EA026750286003
B1402494552677N00648225EA026770286252
B1402504552682N00648232EA026790286554
B1402514552687N00648239EA026810286705
B1402524552691N00648246EA026830286958
B1402534552696N00648253EA026850287016
B1402544552700N00648260EA026870287171
B1402554552705N00648266EA026880287248
B1402564552709N00648273EA026890287359
B1402574552713N00648281EA026900287356
B1402584552717N00648289EA026900287493
B1402594552722N00648295EA026910287696
B1403004552728N00648301EA026920287800
B1403014552732N00648305EA026930288086
B1403024552736N00648310EA026940288186
B1403034552741N00648316EA026950287908
B1403044552745N00648323EA026950287953
B1403054552751N00648330EA026940287911
B1403064552756N00648336EA026940288097
B1403074552762N00648343EA026950288358
B1403084552767N00648350EA026960288647
B1403094552772N00648356EA026980288918
B1403104552776N00648362EA027010289191
B1403114552782N00648367EA027030289017
B1403124552787N00648374EA027040288948
B1403134552792N00648384EA027040288854
B1403144552796N00648395EA027030288870
B1403154552800N00648406EA027030289080
B1403164552805N00648415EA027040289308
B1403174552809N00648424EA027050289684
B1403184552814N00648431EA027070289866
B1403194552819N00648438EA027090289944
B1403204552824N00648445EA027110290026
B1403214552829N00648453EA027120290030
B1403224552834N00648461EA027130290080
B1403234552840N00648468EA027140290197
B1403244552846N00648475EA027140290378
B1403254552852N00648482EA027150290434
B1403264552857N00648488EA027160290688
B1403274552863N00648495EA027170290586
B1403284552870N00648503EA027180290586
B1403294552877N00648512EA027180290575
B1403304552884N00648522EA027180290665
B1403314552891N00648532EA027190290826
B1403324552897N00648542EA027190290991
B1403334552904N00648551EA027200291090
B1403344552911N00648560EA027210291121
B1403354552917N00648570EA027220291024
B1403364552923N00648582EA027230290940
B1403374552930N00648594EA027220290901
B1403384552936N00648605EA027220291079
B1403394552943N00648616EA027230291367
B1403404552949N00648626EA027240291687
B1403414552955N00648636EA027260291750
B1403424552961N00648644EA027270291809
B1403434552966N00648653EA027290291689
B1403444552973N00648663EA027280291444
B1403454552980N00648673EA027270291249
B1403464552987N00648685EA027260291161
B1403474552994N00648696EA027250291305
B1403484552999N00648707EA027260291564
B1403494553004N00648718EA027270291750
B1403504553009N00648728EA027280291606
B1403514553013N00648739EA027280291555
B1403524553018N00648750EA027280291280
B1403534553024N00648760EA027260291157
B1403544553030N00648771EA027250291053
B1403554553036N00648781EA027240291067
B1403564553042N00648792EA027230290943
B1403574553048N00648803EA027220290827
B1403584553054N00648815EA027210290702
B1403594553060N00648826EA027200290602
B1404004553065N00648836EA027190290598
B1404014553071N00648847EA027170290397
B1404024553078N00648859EA027160290213
B1404034553084N00648870EA027150290237
B1404044553090N00648881EA027150290317
B1404054553095N00648892EA027150290463
B1404064553100N00648902EA027160290479
B1404074553105N00648913EA027160290335
B1404084553110N00648924EA027150290118
B1404094553115N00648937EA027140289943
B1404104553121N00648949EA027130289828
B1404114553127N00648961EA027120289941
B1404124553133N00648971EA027120290157
B1404134553139N00648981EA027130290233
B1404144553144N00648990EA027140290295
B1404154553151N00648999EA027140290109
B1404164553157N00649009EA027130289926
B1404174553163N00649019EA027130289997
B1404184553170N00649029EA027120289946
B1404194553176N00649038EA027120290079
B1404204553183N00649047EA027120290012
B1404214553189N00649055EA027120289951
B1404224553196N00649062EA027120289829
B1404234553203N00649070EA027110289709
B1404244553209N00649079EA027110289663
B1404254553215N00649087EA027100289687
B1404264553221N00649096EA027090289565
B1404274553226N00649105EA027080289463
B1404284553231N00649114EA027070289354
B1404294553236N00649123EA027060289253
B1404304553241N00649131EA027050289158
B1404314553247N00649139EA027040288906
B1404324553252N00649147EA027020288862
B1404334553258N00649155EA027010288644
B1404344553264N00649164EA026990288510
B1404354553270N00649172EA026980288343
B1404364553276N00649180EA026960288294
B1404374553283N00649188EA026950288125
B1404384553289N00649196EA026940288057
B1404394553295N00649204EA026930287954
B1404404553302N00649212EA026920287811
B1404414553308N00649219EA026920287779
B1404424553315N00649227EA026910287705
B1404434553320N00649235EA026900287762
B1404444553326N00649242EA026900287638
B1404454553331N00649249EA026900287497
B1404464553337N00649256EA026890287163
B1404474553343N00649263EA026870286964
B1404484553349N00649271EA026850286713
B1404494553354N00649279EA026830286555
B1404504553360N00649287EA026800286300
B1404514553366N00649293EA026780286034
B1404524553373N00649298EA026750285705
B1404534553379N00649304EA026720285545
B1404544553385N00649311EA026700285370
B1404554553391N00649318EA026670285253
B1404564553396N00649325EA026660285251
B1404574553401N00649330EA026660285257
B1404584553406N00649336EA026660285042
B1404594553411N00649341EA026660284938
B1405004553416N00649347EA026650284778
B1405014553422N00649354EA026630284632
B1405024553427N00649360EA026620284581
B1405034553433N00649366EA026610284432
B1405044553438N00649372EA026600284362
B1405054553444N00649378EA026580284204
B1405064553449N00649384EA026570284246
B1405074553454N00649391EA026570284160
B1405084553459N00649397EA026560284166
B1405094553464N00649404EA026560284063
B1405104553469N00649411EA026560284061
B1405114553474N00649418EA026560283873
B1405124553480N00649425EA026550283728
B1405134553485N00649433EA026540283695
B1405144553491N00649440EA026530283648
B1405154553496N00649448EA026520283591
B1405164553502N00649455EA026510283545
B1405174553507N00649462EA026510283488
B1405184553513N00649469EA026500283349
B1405194553519N00649476EA026490283357
B1405204553525N00649483EA026490283453
B1405214553531N00649489EA026500283505
B1405224553535N00649495EA026500283581
B1405234553540N00649500EA026500283449
B1405244553545N00649506EA026500283246
B1405254553550N00649512EA026490282982
B1405264553557N00649517EA026470282603
B1405274553563N00649522EA026450282454
B1405284553569N00649527EA026420282394
B1405294553576N00649532EA026410282216
B1405304553581N00649538EA026390282192
B1405314553587N00649544EA026370281961
B1405324553593N00649550EA026360281741
B1405334553599N00649556EA026340281537
B1405344553605N00649563EA026320281367
B1405354553611N00649571EA026300281293
B1405364553618N00649578EA026280281104
B1405374553624N00649585EA026270281020
B1405384553630N00649591EA026270280971
B1405394553637N00649596EA026270280975
B1405404553644N00649601EA026260280867
B1405414553651N00649607EA026260280688
B1405424553658N00649615EA026250280514
B1405434553663N00649623EA026240280456
B1405444553668N00649631EA026230280360
B1405454553674N00649637EA026210280038
B1405464553680N00649644EA026190279615
B1405474553686N00649652EA026160279280
B1405484553693N00649659EA026120279057
B1405494553700N00649666EA026100278918
B1405504553706N00649673EA026070278800
B1405514553711N00649678EA026050278675
B1405524553717N00649684EA026030278224
B1405534553723N00649691EA026000277781
B1405544553730N00649698EA025960277374
B1405554553737N00649705EA025930277156
B1405564553744N00649712EA025900277013
B1405574553750N00649718EA025870276835
B1405584553756N00649724EA025850276525
B1405594553762N00649730EA025830276137
B1406004553768N00649737EA025810275741
B1406014553774N00649743EA025780275497
B1406024553781N00649750EA025740275143
B1406034553787N00649756EA025710274897
B1406044553794N00649762EA025680274429
B1406054553800N00649769EA025640274162
B1406064553806N00649776EA025610273871
B1406074553812N00649783EA025580273570
B1406084553818N00649789EA025540273169
B1406094553824N00649796EA025510272778
B1406104553830N00649803EA025470272378
B1406114553837N00649810EA025430272014
B1406124553844N00649816EA025400271706
B1406134553851N00649822EA025370271413
B1406144553857N00649828EA025340271190
B1406154553864N00649834EA025310270812
B1406164553870N00649840EA025290270428
B1406174553876N00649847EA025250270080
B1406184553883N00649852EA025220269697
B1406194553890N00649857EA025180269385
B1406204553897N00649862EA025150269060
B1406214553903N00649867EA025110268690
B1406224553910N00649872EA025080268335
B1406234553916N00649877EA025040267899
B1406244553923N00649883EA025000267376
B1406254553930N00649889EA024970267094
B1406264553937N00649895EA024930266682
B1406274553944N00649901EA024890266471
B1406284553951N00649906EA024860266069
B1406294553958N00649913EA024840265710
B1406304553965N00649919EA024820265500
B1406314553971N00649925EA024790265272
B1406324553978N00649931EA024770264942
B1406334553984N00649937EA024740264693
B1406344553991N00649943EA024710264324
B1406354553997N00649949EA024690264025
B1406364554003N00649956EA024650263601
B1406374554009N00649962EA024620263225
B1406384554015N00649969EA024590262864
B1406394554022N00649976EA024540262435
B1406404554029N00649983EA024510262135
B1406414554036N00649990EA024470261821
B1406424554043N00649996EA024440261505
B1406434554049N00650002EA024410261228
B1406444554055N00650009EA024380260962
B1406454554062N00650015EA024350260505
B1406464554068N00650021EA024320260175
B1406474554075N00650027EA024290259840
B1406484554082N00650031EA024250259548
B1406494554089N00650036EA024220259232
B1406504554095N00650040EA024190258998
B1406514554102N00650045EA024170258728
B1406524554108N00650051EA024140258490
B1406534554115N00650056EA024110258166
B1406544554122N00650061EA024090257948
B1406554554129N00650066EA024070257608
B1406564554135N00650071EA024050257457
B1406574554142N00650076EA024020257125
B1406584554149N00650081EA024000256805
B1406594554155N00650085EA023970256686
B1407004554162N00650089EA023950256359
B1407014554169N00650094EA023920256116
B1407024554175N00650099EA023900255889
B1407034554181N00650106EA023870255590
B1407044554188N00650112EA023850255301
B1407054554194N00650118EA023820254911
B1407064554200N00650124EA023790254644
B1407074554206N00650131EA023760254261
B1407084554212N00650138EA023730253986
B1407094554218N00650145EA023700253687
B1407104554224N00650152EA023670253466
B1407114554230N00650159EA023640253142
B1407124554236N00650165EA023610252849
B1407134554242N00650172EA023580252446
B1407144554248N00650179EA023550252070
B1407154554255N00650185EA023520251714
B1407164554261N00650191EA023490251446
B1407174554267N00650197EA023450251062
B1407184554273N00650203EA023420250772
B1407194554279N00650209EA023390250294
B1407204554286N00650215EA023350249818
B1407214554292N00650222EA023320249456
B1407224554298N00650229EA023280249196
B1407234554304N00650236EA023240248898
B1407244554310N00650243EA023210248678
B1407254554316N00650250EA023190248306
B1407264554321N00650257EA023170248103
B1407274554325N00650264EA023150247795
B1407284554330N00650272EA023120247470
B1407294554335N00650279EA023090247063
B1407304554340N00650286EA023060246582
B1407314554346N00650293EA023020246210
B1407324554351N00650300EA022980245963
B1407334554357N00650307EA022950245617
B1407344554362N00650314EA022910245458
B1407354554367N00650322EA022890245281
B1407364554373N00650329EA022870245005
B1407374554378N00650337EA022860244737
B1407384554383N00650346EA022830244493
B1407394554389N00650355EA022810244250
B1407404554394N00650363EA022790244097
B1407414554400N00650371EA022770243927
B1407424554405N00650379EA022750243742
B1407434554410N00650386EA022730243567
B1407444554415N00650394EA022720243393
B1407454554421N00650402EA022700243031
B1407464554427N00650409EA022680242817
B1407474554432N00650417EA022650242593
B1407484554438N00650425EA022630242360
B1407494554444N00650432EA022610242138
B1407504554450N00650440EA022580241813
B1407514554455N00650447EA022560241695
B1407524554461N00650454EA022540241372
B1407534554467N00650461EA022510241173
B1407544554473N00650469EA022490240860
B1407554554479N00650476EA022460240546
B1407564554485N00650484EA022430240241
B1407574554491N00650491EA022410240092
B1407584554498N00650498EA022390239930
B1407594554503N00650504EA022380239898
B1408004554508N00650511EA022380239684
B1408014554513N00650517EA022370239268
B1408024554519N00650524EA022350238846
B1408034554525N00650531EA022320238436
B1408044554530N00650538EA022280238198
B1408054554536N00650545EA022250237857
B1408064554542N00650552EA022210237518
B1408074554547N00650559EA022170237289
B1408084554553N00650567EA022140236951
B1408094554559N00650574EA022110236603
B1408104554564N00650581EA022070236355
B1408114554570N00650588EA022040235916
B1408124554575N00650595EA022000235686
B1408134554581N00650602EA021970235378
B1408144554587N00650609EA021930235057
B1408154554593N00650616EA021900234723
B1408164554599N00650622EA021880234510
B1408174554604N00650627EA021860234292
B1408184554611N00650631EA021840233808
B1408194554617N00650636EA021810233481
B1408204554624N00650640EA021780233274
B1408214554631N00650644EA021750233048
B1408224554637N00650649EA021730232771
B1408234554643N00650653EA021700232580
B1408244554650N00650656EA021680232218
B1408254554656N00650660EA021650231978
B1408264554663N00650664EA021620231555
B1408274554670N00650667EA021590231278
B1408284554677N00650671EA021570231081
B1408294554684N00650674EA021540230964
B1408304554691N00650676EA021530230739
B1408314554697N00650679EA021520230584
B1408324554704N00650681EA021510230317
B1408334554710N00650684EA021490230125
B1408344554716N00650687EA021470229863
B1408354554723N00650690EA021450229525
B1408364554729N00650693EA021420229398
B1408374554736N00650697EA021400229264
B1408384554742N00650701EA021380229175
B1408394554748N00650705EA021360228973
B1408404554755N00650708EA021350228702
B1408414554761N00650711EA021330228573
B1408424554768N00650714EA021310228482
B1408434554775N00650717EA021300228351
B1408444554781N00650720EA021290228280
B1408454554788N00650722EA021290228015
B1408464554794N00650724EA021280227876
B1408474554801N00650727EA021260227540
B1408484554808N00650729EA021240227379
B1408494554815N00650732EA021220227277
B1408504554822N00650734EA021210227229
B1408514554828N00650736EA021190227136
B1408524554834N00650737EA021180226926
B1408534554840N00650738EA021160226648
B1408544554847N00650740EA021140226311
B1408554554854N00650741EA021120226105
B1408564554861N00650743EA021100225915
B1408574554867N00650745EA021080225796
B1408584554874N00650747EA021050225579
B1408594554881N00650749EA021030225489
B1409004554888N00650751EA021010225297
B1409014554895N00650753EA020990225062
B1409024554902N00650754EA020970224856
B1409034554909N00650756EA020950224641
B1409044554916N00650757EA020930224368
B1409054554924N00650759EA020910224124
B1409064554931N00650761EA020890223961
B1409074554938N00650762EA020880223878
B1409084554945N00650764EA020870223648
B1409094554952N00650766EA020860223319
B1409104554959N00650768EA020840223007
B1409114554966N00650770EA020810222742
B1409124554973N00650771EA020790222594
B1409134554981N00650773EA020760222331
B1409144554988N00650775EA020740222170
B1409154554996N00650776EA020710221914
B1409164555003N00650776EA020690221737
B1409174555010N00650776EA020670221669
B1409184555017N00650777EA020650221459
B1409194555024N00650779EA020640221373
B1409204555031N00650781EA020630221181
B1409214555039N00650783EA020610220804
B1409224555046N00650786EA020590220533
B1409234555053N00650789EA020570220388
B1409244555061N00650792EA020550220226
B1409254555068N00650794EA020530220122
B1409264555074N00650795EA020520220086
B1409274555081N00650796EA020510219769
B1409284555088N00650798EA020490219579
B1409294555096N00650802EA020470219231
B1409304555104N00650805EA020450219019
B1409314555111N00650809EA020430218999
B1409324555119N00650813EA020420218928
B1409334555125N00650818EA020410218890
B1409344555132N00650822EA020400218661
B1409354555139N00650826EA020390218356
B1409364555147N00650830EA020380218123
B1409374555155N00650832EA020360218008
B1409384555162N00650835EA020350217942
B1409394555169N00650838EA020330217830
B1409404555176N00650841EA020320217606
B1409414555183N00650845EA020300217311
B1409424555191N00650848EA020280217006
B1409434555198N00650851EA020260216895
B1409444555206N00650853EA020230216788
B1409454555214N00650855EA020210216546
B1409464555222N00650857EA020200216402
B1409474555229N00650858EA020180216364
B1409484555237N00650860EA020180216262
B1409494555246N00650862EA020170216004
B1409504555254N00650865EA020160215950
B1409514555262N00650867EA020150215798
B1409524555271N00650870EA020130215667
B1409534555279N00650874EA020120215482
B1409544555287N00650878EA020100215291
B1409554555295N00650882EA020080214941
B1409564555303N00650885EA020050214606
B1409574555310N00650888EA020020214293
B1409584555318N00650890EA019990213783
B1409594555327N00650892EA019950213361
B1410004555336N00650894EA019910212980
B1410014555346N00650895EA019870212649
B1410024555355N00650897EA019830212443
B1410034555363N00650899EA019800212390
B1410044555372N00650901EA019780212108
B1410054555380N00650905EA019770211823
B1410064555388N00650908EA019760211636
B1410074555396N00650911EA019740211452
B1410084555405N00650912EA019720211207
B1410094555413N00650914EA019700211027
B1410104555421N00650916EA019690210849
B1410114555429N00650918EA019670210758
B1410124555437N00650919EA019650210534
B1410134555445N00650919EA019640210426
B1410144555452N00650919EA019620210294
B1410154555460N00650919EA019610210189
B1410164555468N00650920EA019590210087
B1410174555476N00650921EA019580209894
B1410184555485N00650922EA019570209720
B1410194555493N00650923EA019560209640
B1410204555501N00650924EA019550209522
B1410214555508N00650926EA019550209551
B1410224555515N00650928EA019550209472
B1410234555523N00650930EA019540209121
B1410244555531N00650931EA019520208836
B1410254555539N00650933EA019500208680
B1410264555548N00650935EA019480208545
B1410274555556N00650938EA019470208615
B1410284555563N00650941EA019450208645
B1410294555570N00650943EA019450208545
B1410304555577N00650944EA019450208375
B1410314555585N00650944EA019440208137
B1410324555592N00650945EA019430208093
B1410334555600N00650945EA019410207879
B1410344555608N00650946EA019400207867
B1410354555616N00650946EA019390207759
B1410364555624N00650947EA019380207643
B1410374555632N00650948EA019370207501
B1410384555639N00650950EA019360207480
B1410394555647N00650952EA019350207318
B1410404555654N00650955EA019340207156
B1410414555662N00650958EA019320206922
B1410424555670N00650960EA019310206812
B1410434555678N00650961EA019290206613
B1410444555686N00650962EA019280206543
B1410454555694N00650963EA019260206452
B1410464555702N00650964EA019250206341
B1410474555710N00650964EA019240206147
B1410484555718N00650965EA019220205972
B1410494555727N00650966EA019200205723
B1410504555735N00650968EA019180205692
B1410514555744N00650972EA019170205601
B1410524555751N00650976EA019180205663
B1410534555758N00650980EA019180205692
B1410544555765N00650983EA019180205683
B1410554555772N00650986EA019180205680
B1410564555780N00650988EA019180205520
B1410574555788N00650989EA019170205406
B1410584555796N00650991EA019170205405
B1410594555803N00650993EA019170205471
B1411004555811N00650995EA019170205511
B1411014555818N00650997EA019170205462
B1411024555826N00650999EA019160205422
B1411034555834N00651001EA019160205404
B1411044555841N00651003EA019160205591
B1411054555849N00651004EA019170205692
B1411064555857N00651004EA019180205716
B1411074555864N00651005EA019180205851
B1411084555872N00651005EA019190205809
B1411094555879N00651007EA019190205760
B1411104555887N00651008EA019190205750
B1411114555895N00651008EA019190205879
B1411124555903N00651010EA019190205965
B1411134555911N00651012EA019200205914
B1411144555918N00651015EA019200206020
B1411154555925N00651017EA019210206046
B1411164555932N00651019EA019210205949
B1411174555940N00651021EA019210205928
B1411184555948N00651023EA019210205878
B1411194555956N00651026EA019210205986
B1411204555964N00651029EA019220206116
B1411214555970N00651033EA019230206367
B1411224555976N00651038EA019240206430
B1411234555981N00651043EA019250206490
B1411244555987N00651048EA019260206568
B1411254555992N00651055EA019270206773
B1411264555996N00651062EA019280206967
B1411274556000N00651070EA019300207055
B1411284556004N00651078EA019310207155
B1411294556008N00651085EA019330207349
B1411304556012N00651093EA019340207505
B1411314556015N00651100EA019360207648
B1411324556018N00651108EA019370207793
B1411334556022N00651115EA019390207854
B1411344556026N00651122EA019400207925
B1411354556030N00651129EA019410208117
B1411364556034N00651136EA019420208214
B1411374556038N00651143EA019430208355
B1411384556042N00651150EA019440208558
B1411394556046N00651158EA019450208612
B1411404556049N00651165EA019470208857
B1411414556053N00651172EA019480208977
B1411424556058N00651179EA019500209138
B1411434556062N00651187EA019510209293
B1411444556066N00651195EA019520209374
B1411454556069N00651203EA019540209575
B1411464556072N00651211EA019550209717
B1411474556074N00651220EA019570209834
B1411484556076N00651229EA019580210150
B1411494556078N00651237EA019600210371
B1411504556080N00651245EA019620210452
B1411514556081N00651253EA019630210591
B1411524556083N00651261EA019630210504
B1411534556084N00651269EA019630210522
B1411544556085N00651276EA019640210668
B1411554556087N00651283EA019650210739
B1411564556088N00651291EA019650210793
B1411574556090N00651299EA019650210644
B1411584556091N00651307EA019650210649
B1411594556092N00651316EA019640210606
B1412004556092N00651325EA019650210773
B1412014556093N00651333EA019650210896
B1412024556095N00651341EA019660210808
B1412034556095N00651350EA019660210894
B1412044556096N00651358EA019670210885
B1412054556097N00651367EA019670210850
B1412064556097N00651376EA019680210981
B1412074556097N00651384EA019680211089
B1412084556097N00651392EA019690211224
B1412094556096N00651399EA019700211335
B1412104556096N00651406EA019710211406
B1412114556096N00651414EA019720211333
B1412124556096N00651422EA019720211153
B1412134556096N00651430EA019710211078
B1412144556096N00651439EA019700210985
B1412154556097N00651448EA019690210813
B1412164556097N00651456EA019680210853
B1412174556098N00651464EA019670210710
B1412184556098N00651472EA019660210650
B1412194556098N00651480EA019650210671
B1412204556098N00651488EA019640210584
B1412214556098N00651496EA019630210498
B1412224556098N00651504EA019630210478
B1412234556098N00651512EA019620210418
B1412244556097N00651521EA019620210461
B1412254556097N00651530EA019620210441
B1412264556097N00651538EA019620210489
B1412274556098N00651547EA019630210511
B1412284556098N00651554EA019630210527
B1412294556098N00651562EA019640210412
B1412304556098N00651569EA019630210359
B1412314556099N00651578EA019630210261
B1412324556100N00651586EA019630210244
B1412334556100N00651594EA019620210211
B1412344556099N00651599EA019620210139
B1412354556097N00651604EA019610210086
B1412364556096N00651609EA019600209914
B1412374556094N00651615EA019590209781
B1412384556093N00651621EA019580209674
B1412394556092N00651626EA019570209559
B1412404556090N00651630EA019560209439
B1412414556087N00651634EA019540209251
B1412424556084N00651637EA019530209050
B1412434556081N00651641EA019510208883
B1412444556079N00651645EA019490208669
B1412454556077N00651650EA019470208435
B1412464556074N00651654EA019450208161
B1412474556071N00651656EA019430207940
B1412484556067N00651657EA019410207982
B1412494556064N00651659EA019390207879
B1412504556062N00651664EA019380207730
B1412514556060N00651669EA019380207759
B1412524556059N00651676EA019380207664
B1412534556059N00651683EA019370207647
B1412544556059N00651691EA019370207666
B1412554556059N00651699EA019370207686
B1412564556060N00651707EA019370207679
B1412574556062N00651716EA019370207712
B1412584556064N00651724EA019370207817
B1412594556065N00651732EA019370207956
B1413004556066N00651739EA019380208075
B1413014556067N00651746EA019390208081
B1413024556068N00651752EA019400207957
B1413034556068N00651760EA019390207668
B1413044556068N00651769EA019380207423
B1413054556067N00651777EA019370207489
B1413064556067N00651785EA019360207586
B1413074556068N00651791EA019360207625
B1413084556068N00651795EA019360207557
B1413094556069N00651799EA019360207329
B1413104556069N00651805EA019350207069
B1413114556069N00651813EA019330206546
B1413124556068N00651822EA019300206262
B1413134556068N00651831EA019270206213
B1413144556068N00651839EA019250206327
B1413154556068N00651846EA019230206357
B1413164556068N00651853EA019230206245
B1413174556067N00651860EA019220205941
B1413184556065N00651866EA019210205658
B1413194556063N00651873EA019190205218
B1413204556060N00651881EA019160204868
B1413214556057N00651890EA019120204492
B1413224556055N00651899EA019080204133
B1413234556053N00651908EA019050203912
B1413244556051N00651916EA019020203715
B1413254556048N00651924EA018990203482
B1413264556046N00651932EA018960202945
B1413274556044N00651941EA018920202207
B1413284556042N00651950EA018870201508
B1413294556040N00651959EA018810201220
B1413304556038N00651966EA018770201086
B1413314556037N00651973EA018720200681
B1413324556037N00651979EA018680200223
B1413334556036N00651985EA018640199834
B1413344556035N00651991EA018600199415
B1413354556033N00651997EA018580199263
B1413364556032N00652002EA018570199038
B1413374556030N00652006EA018550198797
B1413384556029N00652010EA018530198330
B1413394556026N00652012EA018500197987
B1413404556023N00652014EA018470197667
B1413414556020N00652016EA018440197202
B1413424556016N00652017EA018400197073
B1413434556013N00652017EA018360196798
B1413444556011N00652017EA018330196446
B1413454556008N00652017EA018300196080
B1413464556005N00652015EA018260195699
B1413474556003N00652014EA018230195314
B1413484556000N00652012EA018190195152
B1413494555998N00652010EA018170194931
B1413504555996N00652007EA018160194777
B1413514555995N00652005EA018140194410
B1413524555993N00652002EA018130194073
B1413534555991N00651999EA018100193693
B1413544555989N00651996EA018070193290
B1413554555987N00651992EA018040192978
B1413564555985N00651989EA018000192655
B1413574555983N00651985EA017960192366
B1413584555981N00651981EA017930192075
B1413594555979N00651977EA017900191641
B1414004555977N00651972EA017860191205
B1414014555974N00651968EA017830191030
B1414024555972N00651963EA017800190804
B1414034555969N00651959EA017790190781
B1414044555967N00651955EA017790190582
B1414054555965N00651951EA017780190264
B1414064555963N00651947EA017760189932
B1414074555960N00651942EA017740189778
B1414084555958N00651938EA017720189422
B1414094555955N00651933EA017690189279
B1414104555953N00651929EA017670189047
B1414114555950N00651925EA017640188887
B1414124555948N00651921EA017610188526
B1414134555945N00651918EA017590188320
B1414144555942N00651914EA017560188203
B1414154555938N00651910EA017540188089
B1414164555935N00651907EA017540187959
B1414174555931N00651905EA017540187868
B1414184555927N00651905EA017530187880
B1414194555924N00651904EA017530187716
B1414204555920N00651903EA017520187771
B1414214555917N00651900EA017510187589
B1414224555915N00651898EA017490187407
B1414234555911N00651896EA017480187295
B1414244555908N00651894EA017460187066
B1414254555905N00651892EA017440186929
B1414264555902N00651890EA017430186806
B1414274555898N00651888EA017410186795
B1414284555895N00651885EA017400186689
B1414294555892N00651883EA017390186588
B1414304555889N00651882EA017380186482
B1414314555886N00651881EA017380186361
B1414324555883N00651879EA017370186258
B1414334555880N00651877EA017360186157
B1414344555877N00651874EA017350186078
B1414354555874N00651871EA017340185987
B1414364555872N00651869EA017330185822
B1414374555869N00651866EA017320185885
B1414384555867N00651863EA017310185736
B1414394555864N00651860EA017300185696
B1414404555862N00651857EA017300185693
B1414414555861N00651853EA017290185405
B1414424555858N00651850EA017280185393
B1414434555856N00651849EA017270185245
B1414444555853N00651851EA017260184909
B1414454555850N00651859EA017250184660
B1414464555850N00651868EA017230184467
B1414474555853N00651878EA017210184348
B1414484555858N00651887EA017190184341
B1414494555864N00651893EA017180184303
B1414504555870N00651898EA017170184237
B1414514555876N00651904EA017160183995
B1414524555884N00651910EA017150183709
B1414534555890N00651918EA017130183690
B1414544555898N00651924EA017120183534
B1414554555905N00651929EA017100183467
B1414564555912N00651934EA017090183377
B1414574555918N00651940EA017080183275
B1414584555923N00651947EA017080183069
B1414594555926N00651956EA017070182714
B1415004555925N00651965EA017050182487
B1415014555923N00651971EA017030182166
B1415024555919N00651974EA017000181951
B1415034555916N00651972EA016970181743
B1415044555914N00651966EA016950181648
B1415054555914N00651960EA016930181558
B1415064555914N00651955EA016910181372
B1415074555915N00651950EA016890181101
B1415084555914N00651944EA016870180989
B1415094555914N00651939EA016850180682
B1415104555914N00651933EA016820180470
B1415114555914N00651927EA016810180350
B1415124555914N00651921EA016790180203
B1415134555913N00651916EA016780180133
B1415144555912N00651912EA016780180025
B1415154555910N00651910EA016770179813
B1415164555907N00651910EA016760179546
B1415174555904N00651913EA016740179283
B1415184555902N00651919EA016720179019
B1415194555901N00651928EA016700178985
B1415204555903N00651937EA016680178759
B1415214555907N00651946EA016660178638
B1415224555912N00651954EA016640178566
B1415234555918N00651961EA016620178314
B1415244555923N00651968EA016600178162
B1415254555928N00651975EA016580177894
B1415264555935N00651982EA016560177518
B1415274555941N00651990EA016540177252
B1415284555948N00651997EA016510177005
B1415294555953N00652005EA016490176980
B1415304555959N00652012EA016470176725
B1415314555964N00652019EA016460176587
B1415324555970N00652027EA016430176271
B1415334555977N00652035EA016410175900
B1415344555983N00652043EA016390175705
B1415354555989N00652052EA016370175612
B1415364555995N00652060EA016350175514
B1415374556001N00652067EA016350175445
B1415384556007N00652074EA016350175383
B1415394556012N00652081EA016350175185
B1415404556015N00652090EA016340174836
B1415414556014N00652098EA016320174453
B1415424556011N00652103EA016290174106
B1415434556007N00652103EA016260173951
B1415444556004N00652100EA016230173959
B1415454556003N00652098EA016210174029
B1415464556002N00652097EA016210174016
B1415474556000N00652096EA016210173778
B1415484555998N00652095EA016200173465
B1415494555996N00652092EA016180173145
B1415504555994N00652088EA016160173017
B1415514555992N00652085EA016140172901
B1415524555990N00652082EA016120172937
B1415534555988N00652080EA016110172874
B1415544555987N00652078EA016090172523
B1415554555985N00652075EA016070172177
B1415564555983N00652072EA016050171875
B1415574555981N00652069EA016020171651
B1415584555979N00652065EA016000171435
B1415594555977N00652062EA015970171364
B1416004555976N00652059EA015950171144
B1416014555975N00652056EA015930170945
B1416024555974N00652053EA015910170615
B1416034555972N00652050EA015890170350
B1416044555970N00652046EA015870170156
B1416054555968N00652042EA015850170088
B1416064555967N00652039EA015840170064
B1416074555966N00652036EA015840169937
B1416084555964N00652034EA015830169796
B1416094555963N00652032EA015820169406
B1416104555961N00652030EA015800169209
B1416114555959N00652029EA015790169101
B1416124555957N00652027EA015770168905
B1416134555955N00652026EA015750168712
B1416144555953N00652024EA015730168416
B1416154555950N00652022EA015710168296
B1416164555948N00652020EA015690168095
B1416174555946N00652018EA015660167886
B1416184555944N00652017EA015640167680
B1416194555942N00652015EA015620167472
B1416204555940N00652013EA015590167161
B1416214555938N00652010EA015570166968
B1416224555936N00652008EA015550166775
B1416234555935N00652006EA015540166503
B1416244555933N00652004EA015520166241
B1416254555931N00652002EA015500165963
B1416264555929N00652000EA015480165770
B1416274555927N00651997EA015450165473
B1416284555925N00651994EA015420165147
B1416294555923N00651991EA015390164927
B1416304555921N00651988EA015370164608
B1416314555918N00651986EA015340164491
B1416324555916N00651984EA015310164266
B1416334555914N00651983EA015290163860
B1416344555913N00651980EA015260163506
B1416354555911N00651977EA015230163136
B1416364555909N00651974EA015200162863
B1416374555907N00651971EA015170162572
B1416384555905N00651968EA015150162428
B1416394555903N00651966EA015150162419
B1416404555901N00651964EA015140162218
B1416414555899N00651962EA015130161958
B1416424555897N00651960EA015110161644
B1416434555894N00651958EA015090161369
B1416444555891N00651958EA015060161170
B1416454555888N00651957EA015030160974
B1416464555886N00651956EA015010160724
B1416474555883N00651955EA014980160498
B1416484555881N00651955EA014940160150
B1416494555878N00651954EA014910159765
B1416504555875N00651954EA014880159468
B1416514555872N00651955EA014840159151
B1416524555870N00651954EA014820159008
B1416534555868N00651954EA014800158930
B1416544555867N00651952EA014800158809
B1416554555865N00651952EA014790158691
B1416564555864N00651951EA014780158370
B1416574555863N00651948EA014770158159
B1416584555861N00651945EA014740157888
B1416594555860N00651942EA014720157637
B1417004555858N00651940EA014700157571
B1417014555857N00651938EA014680157532
B1417024555856N00651935EA014670157339
B1417034555855N00651933EA014650157000
B1417044555853N00651929EA014630156741
B1417054555851N00651925EA014600156545
B1417064555849N00651922EA014580156471
B1417074555848N00651920EA014570156331
B1417084555846N00651919EA014560156275
B1417094555844N00651919EA014550155985
B1417104555842N00651919EA014540155760
B1417114555840N00651918EA014520155411
B1417124555837N00651918EA014490155228
B1417134555834N00651922EA014470155031
B1417144555831N00651927EA014450154779
B1417154555830N00651935EA014420154505
B1417164555829N00651945EA014400154393
B1417174555832N00651956EA014370154111
B1417184555836N00651967EA014350153931
B1417194555842N00651976EA014330153724
B1417204555849N00651984EA014310153542
B1417214555857N00651990EA014290153428
B1417224555864N00651996EA014280153288
B1417234555872N00652002EA014270153143
B1417244555880N00652008EA014260152907
B1417254555887N00652015EA014250152737
B1417264555894N00652023EA014230152551
B1417274555901N00652030EA014210152464
B1417284555908N00652037EA014190152291
B1417294555916N00652043EA014180152022
B1417304555923N00652049EA014160151984
B1417314555930N00652056EA014140151882
B1417324555938N00652062EA014130151707
B1417334555945N00652068EA014110151566
B1417344555953N00652073EA014100151387
B1417354555961N00652078EA014090151286
B1417364555969N00652083EA014070151063
B1417374555977N00652088EA014060150850
B1417384555985N00652092EA014040150677
B1417394555994N00652097EA014020150312
B1417404556002N00652102EA014000150120
B1417414556009N00652107EA013980149895
B1417424556017N00652114EA013950149540
B1417434556024N00652122EA013930149303
B1417444556029N00652131EA013900149215
B1417454556032N00652140EA013880149007
B1417464556031N00652149EA013860148891
B1417474556030N00652154EA013840148619
B1417484556027N00652158EA013820148483
B1417494556026N00652157EA013820148318
B1417504556025N00652155EA013810148111
B1417514556024N00652152EA013800148070
B1417524556023N00652150EA013790147855
B1417534556021N00652150EA013780147695
B1417544556019N00652151EA013760147491
B1417554556018N00652151EA013740147213
B1417564556016N00652150EA013720146918
B1417574556013N00652149EA013700146798
B1417584556012N00652148EA013680146611
B1417594556010N00652146EA013670146445
B1418004556008N00652145EA013650146473
B1418014556006N00652144EA013640146392
B1418024556005N00652143EA013640146201
B1418034556003N00652142EA013630146201
B1418044556001N00652140EA013640146206
B1418054555999N00652139EA013640146154
B1418064555997N00652138EA013630146087
B1418074555995N00652138EA013630145889
B1418084555994N00652141EA013610145508
B1418094555991N00652147EA013590145243
B1418104555989N00652154EA013570145016
B1418114555987N00652161EA013540145051
B1418124555986N00652167EA013520144957
B1418134555985N00652174EA013500144787
B1418144555984N00652182EA013480144492
B1418154555983N00652190EA013460144264
B1418164555981N00652198EA013430143966
B1418174555979N00652206EA013410143857
B1418184555978N00652215EA013390143820
B1418194555978N00652223EA013380143708
B1418204555978N00652232EA013380143678
B1418214555979N00652241EA013380143579
B1418224555980N00652251EA013370143309
B1418234555979N00652260EA013360143218
B1418244555977N00652266EA013350143012
B1418254555974N00652267EA013330142937
B1418264555972N00652267EA013320142702
B1418274555970N00652266EA013300142760
B1418284555969N00652265EA013290142753
B1418294555968N00652265EA013280142526
B1418304555966N00652266EA013270142292
B1418314555965N00652266EA013250141975
B1418324555964N00652265EA013220141539
B1418334555962N00652264EA013200141283
B1418344555961N00652261EA013170140959
B1418354555960N00652259EA013140140636
B1418364555958N00652258EA013110140480
B1418374555957N00652256EA013080140236
B1418384555956N00652254EA013060140006
B1418394555954N00652251EA013040139796
B1418404555953N00652248EA013010139664
B1418414555952N00652245EA012990139416
B1418424555950N00652244EA012980139340
B1418434555948N00652242EA012970139196
B1418444555947N00652240EA012960138929
B1418454555945N00652239EA012950138603
B1418464555942N00652237EA012930138458
B1418474555940N00652236EA012910138331
B1418484555938N00652234EA012900138370
B1418494555937N00652231EA012880138255
B1418504555936N00652228EA012880138196
B1418514555936N00652225EA012880138023
B1418524555935N00652221EA012870137851
B1418534555934N00652216EA012860137662
B1418544555933N00652210EA012850137548
B1418554555932N00652206EA012830137522
B1418564555930N00652202EA012820137593
B1418574555929N00652199EA012810137425
B1418584555927N00652196EA012800137354
B1418594555925N00652193EA012790137257
B1419004555923N00652190EA012780137058
B1419014555921N00652187EA012760136979
B1419024555919N00652185EA012750136792
B1419034555918N00652182EA012730136646
B1419044555916N00652180EA012720136586
B1419054555915N00652178EA012710136446
B1419064555914N00652176EA012700136372
B1419074555914N00652173EA012690136210
B1419084555913N00652169EA012680136067
B1419094555912N00652166EA012670135962
B1419104555911N00652162EA012660135764
B1419114555910N00652158EA012640135570
B1419124555910N00652153EA012630135406
B1419134555909N00652149EA012610135338
B1419144555908N00652146EA012600135367
B1419154555907N00652143EA012600135288
B1419164555907N00652141EA012590135134
B1419174555906N00652138EA012580134948
B1419184555905N00652135EA012580134828
B1419194555903N00652132EA012570134886
B1419204555902N00652129EA012560134762
B1419214555901N00652127EA012560134840
B1419224555900N00652125EA012560134807
B1419234555898N00652124EA012560134758
B1419244555897N00652123EA012560134711
B1419254555896N00652120EA012550134710
B1419264555895N00652116EA012550134724
B1419274555894N00652114EA012550134800
B1419284555892N00652112EA012560134948
B1419294555891N00652113EA012560134934
B1419304555890N00652115EA012570134924
B1419314555889N00652118EA012570134806
B1419324555887N00652124EA012560134552
B1419334555886N00652131EA012550134403
B1419344555885N00652140EA012540134454
B1419354555886N00652149EA012530134427
B1419364555887N00652159EA012530134492
B1419374555890N00652168EA012520134429
B1419384555892N00652178EA012520134376
B1419394555895N00652188EA012510134308
B1419404555897N00652198EA012500134237
B1419414555900N00652208EA012500134214
B1419424555903N00652217EA012490134109
B1419434555906N00652227EA012490134001
B1419444555909N00652236EA012480133925
B1419454555912N00652245EA012470133788
B1419464555916N00652255EA012450133576
B1419474555920N00652265EA012440133474
B1419484555924N00652275EA012430133361
B1419494555928N00652284EA012420133228
B1419504555931N00652294EA012410133157
B1419514555935N00652304EA012400133013
B1419524555938N00652314EA012380132962
B1419534555941N00652324EA012370132840
B1419544555942N00652333EA012360132755
B1419554555942N00652342EA012350132501
B1419564555940N00652348EA012330132552
B1419574555938N00652352EA012330132351
B1419584555936N00652353EA012310132174
B1419594555934N00652352EA012300131971
B1420004555932N00652350EA012280131878
B1420014555930N00652350EA012270131781
B1420024555928N00652350EA012260131571
B1420034555926N00652350EA012240131363
B1420044555924N00652350EA012230131137
B1420054555921N00652350EA012210130984
B1420064555919N00652349EA012190130864
B1420074555917N00652348EA012180130661
B1420084555915N00652346EA012160130469
B1420094555913N00652345EA012150130368
B1420104555911N00652344EA012130130166
B1420114555909N00652343EA012110129945
B1420124555907N00652342EA012100129741
B1420134555905N00652341EA012080129460
B1420144555903N00652339EA012060129199
B1420154555902N00652338EA012040128719
B1420164555900N00652337EA012010128421
B1420174555898N00652334EA011980128073
B1420184555897N00652331EA011950127830
B1420194555896N00652327EA011920127545
B1420204555895N00652324EA011880127358
B1420214555894N00652322EA011860126965
B1420224555893N00652320EA011820126561
B1420234555892N00652316EA011790126228
B1420244555890N00652313EA011750125992
B1420254555889N00652310EA011720125651
B1420264555888N00652307EA011690125424
B1420274555887N00652305EA011670125111
B1420284555886N00652302EA011650124808
B1420294555884N00652300EA011630124574
B1420304555883N00652297EA011600124137
B1420314555881N00652294EA011570123897
B1420324555880N00652291EA011540123654
B1420334555879N00652288EA011510123592
B1420344555879N00652286EA011500123434
B1420354555878N00652284EA011500123379
B1420364555877N00652283EA011490123292
B1420374555876N00652281EA011490123332
B1420384555874N00652279EA011500123577
B1420394555873N00652279EA011510123728
B1420404555872N00652282EA011520123705
B1420414555870N00652287EA011520123559
B1420424555869N00652294EA011510123286
B1420434555869N00652303EA011500123063
B1420444555869N00652312EA011480122981
B1420454555871N00652321EA011470122824
B1420464555873N00652330EA011450122743
B1420474555876N00652339EA011430122645
B1420484555880N00652348EA011420122516
B1420494555884N00652357EA011410122481
B1420504555890N00652365EA011390122251
B1420514555896N00652372EA011380122114
B1420524555901N00652379EA011360122032
B1420534555905N00652385EA011350121887
B1420544555908N00652393EA011330121488
B1420554555909N00652401EA011300120903
B1420564555906N00652405EA011270120526
B1420574555903N00652404EA011240120355
B1420584555902N00652400EA011210120272
B1420594555902N00652397EA011200120465
B1421004555902N00652396EA011200120577
B1421014555903N00652397EA011210120563
B1421024555904N00652397EA011220120255
B1421034555904N00652397EA011210120062
B1421044555903N00652395EA011200119983
B1421054555903N00652393EA011190120011
B1421064555903N00652391EA011200120141
B1421074555904N00652389EA011200120276
B1421084555905N00652389EA011200120141
B1421094555905N00652389EA011200120020
B1421104555904N00652389EA011200119822
B1421114555902N00652389EA011190119779
B1421124555900N00652391EA011170119699
B1421134555899N00652394EA011160119528
B1421144555897N00652398EA011140119347
B1421154555895N00652403EA011130119151
B1421164555893N00652407EA011110119042
B1421174555891N00652411EA011090118713
B1421184555888N00652415EA011060118595
B1421194555887N00652420EA011040118402
B1421204555885N00652424EA011020118236
B1421214555883N00652428EA011000118074
B1421224555882N00652431EA010980117907
B1421234555880N00652434EA010970117754
B1421244555878N00652436EA010950117497
B1421254555877N00652439EA010930117240
B1421264555875N00652440EA010910117068
B1421274555874N00652442EA010890116827
B1421284555872N00652444EA010870116679
B1421294555871N00652447EA010850116314
B1421304555869N00652450EA010830116120
B1421314555867N00652452EA010810115963
B1421324555865N00652455EA010790115791
B1421334555864N00652457EA010770115639
B1421344555862N00652460EA010750115464
B1421354555861N00652462EA010740115232
B1421364555859N00652463EA010720114980
B1421374555858N00652463EA010710114840
B1421384555856N00652462EA010690114697
B1421394555855N00652462EA010680114588
B1421404555855N00652463EA010670114310
B1421414555854N00652463EA010660114141
B1421424555853N00652463EA010640113943
B1421434555851N00652464EA010620113792
B1421444555850N00652465EA010600113551
B1421454555849N00652466EA010580113301
B1421464555847N00652467EA010560113181
B1421474555846N00652467EA010540113079
B1421484555845N00652469EA010530112850
B1421494555844N00652470EA010510112531
B1421504555842N00652471EA010480112284
B1421514555841N00652473EA010460111914
B1421524555839N00652476EA010440111755
B1421534555837N00652480EA010410111564
B1421544555836N00652484EA010390111321
B1421554555834N00652488EA010360111094
B1421564555833N00652493EA010340110846
B1421574555831N00652500EA010310110572
B1421584555830N00652507EA010280110252
B1421594555830N00652514EA010260109956
B1422004555830N00652524EA010230109771
B1422014555831N00652533EA010210109585
B1422024555833N00652543EA010180109235
B1422034555835N00652553EA010160109060
B1422044555837N00652562EA010150108991
B1422054555839N00652570EA010140108802
B1422064555839N00652578EA010130108604
B1422074555837N00652585EA010120108525
B1422084555834N00652589EA010110108207
B1422094555830N00652589EA010090108099
B1422104555828N00652587EA010070107997
B1422114555828N00652585EA010050107931
B1422124555828N00652585EA010050107931
B1422134555828N00652585EA010050107931
B1422144555828N00652585EA010050107931
B1422154555826N00652582EA010040107894
B1422164555824N00652582EA010030107502
B1422174555822N00652581EA010020107403
B1422184555821N00652580EA010010107456
B1422194555820N00652580EA010000107313
B1422204555818N00652582EA009990107201
B1422214555815N00652584EA009990107252
B1422224555814N00652584EA009980107126
B1422234555813N00652582EA009970106902
B1422244555811N00652578EA009960106790
B1422254555810N00652574EA009950106774
B1422264555809N00652572EA009940106741
B1422274555808N00652572EA009940106725
B1422284555807N00652575EA009940106617
B1422294555805N00652578EA009940106494
B1422304555804N00652580EA009920106244
B1422314555802N00652582EA009900106035
B1422324555800N00652584EA009890105907
B1422334555798N00652586EA009870105706
B1422344555796N00652588EA009850105442
B1422354555793N00652589EA009820105193
B1422364555791N00652590EA009800105166
B1422374555790N00652591EA009790105221
B1422384555789N00652592EA009790105231
B1422394555789N00652592EA009790105231
B1422404555789N00652592EA009790105231
B1422414555789N00652592EA009790105231
B1422424555789N00652592EA009790105231
B1422434555789N00652592EA009790105231
B1422444555789N00652592EA009790105231
B1422454555789N00652592EA009790105231
B1422464555789N00652592EA009790105231
B1422474555789N00652592EA009790105231
B1422484555789N00652592EA009790105231
B1422494555789N00652592EA009790105231
B1422504555789N00652592EA009790105231
B1422514555789N00652592EA009790105231
B1422524555789N00652592EA009790105231
LXCTFAICIVLCOMPLIANT true
G2A3DEBBAC9E5D3AEE06B4E77D66BF626EE490846F7D708B8B6FF691B2C4AF7E0
GAFF00073B9B098744564CE82D5F71D4CD62F19D14852C534CBD482F4343CED1F
GEBB96BD469EFD39491A5688D3901D0E09C1AAF1CF783C5F90BFD95D907F4319E
GF586E5F14FEC355557E6B3ECE89066C911198CCA4BFC53C6486ADDF812F16076
G727DFF0444A3CCA5DCEE6B77C9778BE6D85469E1B5EB0FBFE4AF068AF7C166C8
GEB3C2B69EAE1D46E27625A8360FB0C43B560422987A57DE4DBCED2DCEE3E1A1F
G32CF7136EEAC4AD68FC9D200545DD91F486BCCBB8E0467069E42DDD05CA27AF2
GDFD292A356F3D52CE76A596252B9E564B11CA6A9B6F149D86D372C2F1A48068A
