AXCT2030720d-267c-4352-a317-aa59f6c905b5
HFFTYFRTYPE:samsung SM-S921B 16 Client:xctrack FlightId:019faec8-6ae9-7b55-a353-15a063da0667
HFRFWFIRMWAREVERSION:0.9.12.6 LIVE:UNKNOWN
HFPLTPILOTINCHARGE:Theo Laplasse
HOSITSite:Chamrousse
HFCCLCOMPETITIONCLASS:FAI-3 (PG)
HFGTYGLIDERTYPE:ADVANCE Theta ULS
HODTM100GPSDATUM:WGS-84
HFALPALTPRESSURE:ISA
HFALG:GEO
HFDTEDATE:290726,00
I023636LAD3737LOD
LXCTDEVICE eyJhcHAiOnsibmFtZSI6IlhDVHJhY2siLCJ2ZXJzaW9uQ29kZSI6OTEyNjAsInZlc
LXCTDEVICE nNpb25OYW1lIjoiMC45LjEyLjYifSwiZGV2aWNlIjp7ImJ1aWxkSWQiOiJCUDRBLj
LXCTDEVICE I1MTIwNS4wMDYiLCJjcHVBQkkiOiJhcm02NC12OGEiLCJkZXZRdWV1ZUJ1aWxkIjo
LXCTDEVICE iZjIzYWFmMTQ4ZTVmYTBjYzBhMDUwM2VhODE2NTk3YzliYzQ4MDgwZCIsImRldmlj
LXCTDEVICE ZVN0cmluZyI6InNhbXN1bmcgU00tUzkyMUIgMTYiLCJkaXNwbGF5Ijp7ImgiOjIzN
LXCTDEVICE DAsIm1tIjoxOC44OTc2MzgsInciOjEwODB9LCJmaW5nZXJwcmludCI6InNhbXN1bm
LXCTDEVICE cvZTFzeGVlYS9lMXM6MTYvQlA0QS4yNTEyMDUuMDA2L1M5MjFCWFhTR0RaRzE6dXN
LXCTDEVICE lci9yZWxlYXNlLWtleXMiLCJoYXJkd2FyZSI6InM1ZTk5NDUiLCJtYW51ZmFjdHVy
LXCTDEVICE ZXIiOiJzYW1zdW5nIiwibWVtb3J5Ijp7ImFkdmVydGlzZWRNZW0iOjg1ODk5MzQ1O
LXCTDEVICE TIsImF2YWlsTWVtIjoxOTExNzYyOTQ0LCJmb3JlZ3JvdW5kQXBwVGhyZXNob2xkIj
LXCTDEVICE oxMzg0MTIwMzIsImxvd01lbW9yeSI6ZmFsc2UsInRocmVzaG9sZCI6NDA4OTQ0NjQ
LXCTDEVICE wLCJ0b3RhbE1lbSI6NzU3NDgyMjkxMn0sIm1vZGVsIjoiU00tUzkyMUIiLCJwcm9k
LXCTDEVICE dWN0IjoiZTFzeGVlYSJ9LCJkZXZpY2VJZCI6IjIwMzA3MjBkLTI2N2MtNDM1Mi1hM
LXCTDEVICE zE3LWFhNTlmNmM5MDViNSIsIm9zIjp7InNkayI6MzYsInRpbWV6b25lIjoiRXVyb3
LXCTDEVICE BlL1BhcmlzIiwidHlwZSI6IkFuZHJvaWQiLCJ2ZXJzaW9uIjoiMTYifX0=
B1657534507809N00553001EA016850183638
B1657544507809N00553001EA016850183638
B1657554507809N00553001EA016850183638
B1657564507809N00553001EA016850183638
B1657574507809N00553001EA016850183638
B1657584507809N00553002EA016850183548
B1657594507809N00553002EA016850183549
B1658004507809N00553002EA016850183547
B1658014507809N00553002EA016850183553
B1658024507809N00553002EA016850183445
B1658034507809N00553002EA016850183446
B1658044507809N00553002EA016850183446
B1658054507809N00553002EA016850183446
B1658064507809N00553002EA016850183446
B1658074507809N00553002EA016850183481
B1658084507810N00553001EA016850183404
B1658094507809N00553001EA016850183490
B1658104507809N00553000EA016840183466
B1658114507809N00552999EA016840183474
B1658124507810N00552997EA016820183459
B1658134507811N00552996EA016820183486
B1658144507814N00552994EA016830183504
B1658154507815N00552991EA016830183696
B1658164507817N00552988EA016830183677
B1658174507819N00552986EA016830183617
B1658184507820N00552984EA016830183678
B1658194507822N00552983EA016830183663
B1658204507824N00552982EA016830183580
B1658214507827N00552981EA016820183471
B1658224507830N00552980EA016820183288
B1658234507834N00552980EA016800183047
B1658244507838N00552980EA016790183047
B1658254507842N00552981EA016780183120
B1658264507845N00552981EA016770183188
B1658274507848N00552982EA016780183289
B1658284507851N00552983EA016780183488
B1658294507854N00552984EA016790183539
B1658304507856N00552986EA016810183601
B1658314507857N00552987EA016820183659
B1658324507859N00552989EA016820183533
B1658334507862N00552989EA016820183518
B1658344507864N00552990EA016820183450
B1658354507867N00552990EA016810183420
B1658364507869N00552990EA016810183482
B1658374507872N00552990EA016810183423
B1658384507874N00552990EA016810183477
B1658394507877N00552991EA016810183445
B1658404507880N00552992EA016800183302
B1658414507882N00552993EA016800183250
B1658424507885N00552994EA016790183053
B1658434507889N00552995EA016780182867
B1658444507894N00552996EA016770182717
B1658454507898N00552997EA016760182856
B1658464507902N00552998EA016750182916
B1658474507905N00552999EA016760182917
B1658484507908N00553000EA016760182938
B1658494507912N00553002EA016760182905
B1658504507915N00553004EA016770182990
B1658514507920N00553005EA016760183006
B1658524507923N00553007EA016760183064
B1658534507927N00553009EA016770183135
B1658544507931N00553011EA016770183213
B1658554507934N00553012EA016780183293
B1658564507938N00553013EA016780183261
B1658574507942N00553014EA016790183283
B1658584507947N00553016EA016790183300
B1658594507951N00553018EA016800183342
B1659004507956N00553020EA016800183403
B1659014507960N00553022EA016800183553
B1659024507964N00553024EA016810183564
B1659034507968N00553026EA016810183682
B1659044507973N00553027EA016820183607
B1659054507976N00553029EA016820183791
B1659064507980N00553030EA016830183782
B1659074507984N00553031EA016830183884
B1659084507988N00553032EA016840183877
B1659094507992N00553034EA016840183993
B1659104507997N00553036EA016850184003
B1659114508001N00553037EA016860184047
B1659124508005N00553039EA016870184080
B1659134508009N00553040EA016870184286
B1659144508013N00553043EA016890184462
B1659154508017N00553046EA016900184512
B1659164508021N00553050EA016910184700
B1659174508025N00553054EA016930184801
B1659184508029N00553058EA016940185013
B1659194508033N00553062EA016960185112
B1659204508037N00553065EA016970185307
B1659214508040N00553069EA016990185599
B1659224508044N00553073EA017000185675
B1659234508047N00553076EA017020185798
B1659244508051N00553078EA017030185838
B1659254508054N00553080EA017040185946
B1659264508057N00553083EA017040185980
B1659274508061N00553085EA017050186007
B1659284508064N00553087EA017060186118
B1659294508066N00553089EA017070186182
B1659304508069N00553088EA017080186227
B1659314508071N00553086EA017090186407
B1659324508072N00553084EA017100186660
B1659334508073N00553080EA017110186959
B1659344508073N00553078EA017120187184
B1659354508074N00553076EA017140187310
B1659364508074N00553074EA017160187580
B1659374508075N00553072EA017180187563
B1659384508075N00553070EA017200187590
B1659394508075N00553067EA017200187582
B1659404508074N00553064EA017200187551
B1659414508071N00553061EA017200187593
B1659424508066N00553060EA017190187381
B1659434508060N00553061EA017190187234
B1659444508053N00553065EA017190187229
B1659454508047N00553072EA017190187409
B1659464508043N00553082EA017190187569
B1659474508043N00553093EA017190187483
B1659484508045N00553102EA017200187355
B1659494508049N00553109EA017190187340
B1659504508053N00553112EA017190187381
B1659514508057N00553112EA017190187485
B1659524508060N00553111EA017190187541
B1659534508062N00553108EA017190187605
B1659544508063N00553105EA017200187977
B1659554508065N00553103EA017210188021
B1659564508066N00553101EA017220188162
B1659574508067N00553099EA017230188194
B1659584508069N00553097EA017240188113
B1659594508070N00553094EA017240188216
B1700004508070N00553092EA017250188292
B1700014508071N00553089EA017260188276
B1700024508071N00553086EA017260188296
B1700034508070N00553082EA017260188298
B1700044508068N00553079EA017270188382
B1700054508065N00553076EA017270188474
B1700064508060N00553076EA017280188524
B1700074508053N00553080EA017290188446
B1700084508048N00553089EA017290188251
B1700094508045N00553100EA017290188195
B1700104508046N00553111EA017280188203
B1700114508049N00553119EA017270188109
B1700124508052N00553124EA017270188171
B1700134508056N00553124EA017260188057
B1700144508059N00553123EA017250188060
B1700154508061N00553120EA017240188192
B1700164508063N00553117EA017240188434
B1700174508064N00553115EA017250188641
B1700184508065N00553113EA017270188747
B1700194508066N00553112EA017290188953
B1700204508067N00553111EA017300188940
B1700214508068N00553110EA017320188943
B1700224508070N00553110EA017320188800
B1700234508072N00553109EA017320188915
B1700244508073N00553108EA017320188987
B1700254508075N00553107EA017320189024
B1700264508076N00553105EA017330189066
B1700274508077N00553102EA017330189098
B1700284508079N00553099EA017340189037
B1700294508080N00553096EA017340189254
B1700304508081N00553092EA017340189218
B1700314508081N00553089EA017350189320
B1700324508080N00553084EA017360189436
B1700334508077N00553080EA017380189597
B1700344508073N00553077EA017380189436
B1700354508066N00553077EA017380189197
B1700364508059N00553082EA017370188890
B1700374508055N00553090EA017360188704
B1700384508053N00553100EA017340188696
B1700394508056N00553108EA017330188619
B1700404508061N00553113EA017320188616
B1700414508065N00553115EA017310188870
B1700424508069N00553112EA017310189068
B1700434508071N00553109EA017320189379
B1700444508072N00553106EA017340189673
B1700454508073N00553102EA017360189746
B1700464508074N00553098EA017380189600
B1700474508074N00553092EA017390189687
B1700484508075N00553087EA017390189778
B1700494508076N00553083EA017400189896
B1700504508077N00553080EA017400189851
B1700514508077N00553076EA017410189898
B1700524508078N00553073EA017410189845
B1700534508078N00553069EA017410189796
B1700544508079N00553065EA017410189716
B1700554508078N00553062EA017410189733
B1700564508075N00553059EA017410189778
B1700574508072N00553058EA017400189612
B1700584508067N00553057EA017400189558
B1700594508062N00553058EA017390189311
B1701004508056N00553059EA017390189368
B1701014508051N00553062EA017380189203
B1701024508045N00553065EA017370189237
B1701034508040N00553070EA017370189210
B1701044508036N00553076EA017370189208
B1701054508033N00553085EA017370189141
B1701064508033N00553093EA017360189046
B1701074508035N00553101EA017360189110
B1701084508037N00553106EA017350189288
B1701094508040N00553109EA017360189285
B1701104508043N00553110EA017360189251
B1701114508046N00553109EA017360189128
B1701124508048N00553109EA017350189032
B1701134508050N00553106EA017340188948
B1701144508052N00553103EA017340188936
B1701154508054N00553100EA017330188936
B1701164508056N00553098EA017330189001
B1701174508057N00553096EA017330189090
B1701184508059N00553093EA017330188995
B1701194508062N00553090EA017330188831
B1701204508065N00553086EA017320188803
B1701214508067N00553083EA017320188960
B1701224508069N00553080EA017330189091
B1701234508072N00553077EA017330189136
B1701244508074N00553075EA017340189232
B1701254508075N00553072EA017340189299
B1701264508077N00553070EA017350189233
B1701274508078N00553067EA017350189261
B1701284508079N00553063EA017350189279
B1701294508080N00553060EA017350189259
B1701304508080N00553057EA017360189228
B1701314508079N00553054EA017360189237
B1701324508078N00553051EA017360189353
B1701334508078N00553048EA017360189352
B1701344508078N00553044EA017360189277
B1701354508078N00553041EA017360189213
B1701364508077N00553038EA017360189224
B1701374508075N00553035EA017360189284
B1701384508073N00553032EA017360189155
B1701394508070N00553030EA017360189013
B1701404508065N00553029EA017360189056
B1701414508060N00553031EA017350189072
B1701424508055N00553034EA017350189040
B1701434508050N00553039EA017350188941
B1701444508046N00553046EA017340188957
B1701454508045N00553055EA017340188809
B1701464508046N00553065EA017330188732
B1701474508050N00553071EA017330188712
B1701484508054N00553074EA017320188731
B1701494508058N00553072EA017320188705
B1701504508061N00553069EA017310188605
B1701514508063N00553066EA017300188691
B1701524508066N00553063EA017300188786
B1701534508069N00553061EA017300188843
B1701544508071N00553059EA017310188940
B1701554508073N00553056EA017320189005
B1701564508074N00553053EA017330189076
B1701574508076N00553051EA017330189040
B1701584508077N00553048EA017340189091
B1701594508078N00553044EA017340189087
B1702004508079N00553041EA017340188900
B1702014508078N00553036EA017330188987
B1702024508078N00553032EA017330188926
B1702034508075N00553029EA017320188987
B1702044508072N00553028EA017320188865
B1702054508068N00553028EA017320188666
B1702064508064N00553029EA017310188536
B1702074508059N00553030EA017300188489
B1702084508055N00553032EA017290188434
B1702094508051N00553033EA017280188309
B1702104508046N00553035EA017280188385
B1702114508042N00553037EA017270188253
B1702124508038N00553038EA017270188143
B1702134508034N00553038EA017270188017
B1702144508029N00553039EA017260188067
B1702154508025N00553040EA017250187929
B1702164508020N00553041EA017250187889
B1702174508016N00553042EA017240187733
B1702184508011N00553042EA017230187672
B1702194508007N00553041EA017220187573
B1702204508004N00553038EA017210187338
B1702214508001N00553035EA017190187275
B1702224507999N00553031EA017180187135
B1702234507997N00553026EA017160187026
B1702244507995N00553022EA017150186933
B1702254507993N00553018EA017140186825
B1702264507990N00553014EA017130186759
B1702274507987N00553011EA017120186664
B1702284507984N00553007EA017110186437
B1702294507981N00553003EA017100186463
B1702304507979N00552998EA017090186322
B1702314507977N00552993EA017080186227
B1702324507974N00552989EA017080186366
B1702334507971N00552985EA017080186368
B1702344507968N00552982EA017080186394
B1702354507965N00552978EA017080186399
B1702364507963N00552975EA017090186304
B1702374507960N00552971EA017090186305
B1702384507956N00552967EA017090186396
B1702394507953N00552963EA017090186398
B1702404507951N00552959EA017090186219
B1702414507948N00552955EA017090186239
B1702424507945N00552952EA017090186364
B1702434507942N00552948EA017090186498
B1702444507940N00552945EA017100186416
B1702454507937N00552942EA017100186430
B1702464507934N00552938EA017100186485
B1702474507932N00552934EA017100186435
B1702484507930N00552930EA017100186429
B1702494507928N00552927EA017100186485
B1702504507928N00552923EA017100186356
B1702514507929N00552920EA017090186136
B1702524507931N00552919EA017080185996
B1702534507936N00552922EA017070185611
B1702544507940N00552926EA017050185444
B1702554507944N00552931EA017020185298
B1702564507949N00552938EA017000185120
B1702574507953N00552944EA016980185112
B1702584507956N00552949EA016960185185
B1702594507960N00552954EA016960185018
B1703004507963N00552960EA016970185024
B1703014507966N00552966EA016970184973
B1703024507970N00552971EA016960184788
B1703034507975N00552976EA016950184658
B1703044507980N00552981EA016940184764
B1703054507986N00552985EA016940184913
B1703064507991N00552989EA016950185231
B1703074507995N00552992EA016970185668
B1703084507999N00552996EA017000185913
B1703094508002N00552999EA017020186061
B1703104508006N00553000EA017050186201
B1703114508008N00552998EA017080186594
B1703124508010N00552994EA017100186653
B1703134508008N00552989EA017130186830
B1703144508002N00552987EA017150186844
B1703154507996N00552990EA017170187058
B1703164507991N00552999EA017180187272
B1703174507990N00553009EA017190187354
B1703184507993N00553018EA017200187323
B1703194507998N00553022EA017190187424
B1703204508003N00553022EA017190187737
B1703214508006N00553020EA017200188157
B1703224508008N00553018EA017220188412
B1703234508009N00553015EA017240188525
B1703244508010N00553012EA017270188789
B1703254508013N00553010EA017290188918
B1703264508015N00553008EA017310189046
B1703274508016N00553005EA017340189264
B1703284508015N00553001EA017360189242
B1703294508010N00552999EA017370189190
B1703304508004N00553001EA017370189145
B1703314507999N00553009EA017370189222
B1703324507998N00553020EA017370189208
B1703334508001N00553030EA017380189411
B1703344508006N00553034EA017380189522
B1703354508010N00553033EA017390189852
B1703364508013N00553029EA017400190155
B1703374508015N00553027EA017420190465
B1703384508018N00553027EA017430190562
B1703394508022N00553026EA017450190649
B1703404508025N00553025EA017470190701
B1703414508026N00553021EA017490190707
B1703424508023N00553017EA017500190893
B1703434508018N00553014EA017520190880
B1703444508012N00553014EA017520190985
B1703454508006N00553019EA017530191154
B1703464508002N00553027EA017540191207
B1703474508000N00553039EA017550191170
B1703484508003N00553049EA017560191121
B1703494508007N00553055EA017560191173
B1703504508012N00553056EA017560191247
B1703514508015N00553054EA017560191438
B1703524508017N00553052EA017570191806
B1703534508019N00553051EA017580192107
B1703544508021N00553051EA017600192239
B1703554508023N00553052EA017610192265
B1703564508025N00553052EA017620192254
B1703574508026N00553050EA017630192166
B1703584508025N00553046EA017640192098
B1703594508022N00553043EA017630192031
B1704004508017N00553041EA017630192149
B1704014508011N00553044EA017630192132
B1704024508005N00553050EA017640192123
B1704034508000N00553059EA017640192104
B1704044507998N00553070EA017640192256
B1704054508000N00553080EA017650192370
B1704064508004N00553086EA017650192450
B1704074508009N00553088EA017650192429
B1704084508013N00553088EA017660192443
B1704094508016N00553086EA017660192649
B1704104508018N00553085EA017670192893
B1704114508021N00553084EA017680193132
B1704124508023N00553083EA017700193263
B1704134508026N00553081EA017720193427
B1704144508029N00553080EA017740193612
B1704154508032N00553078EA017760193807
B1704164508034N00553076EA017780194049
B1704174508036N00553074EA017800194120
B1704184508037N00553071EA017820194372
B1704194508039N00553068EA017840194557
B1704204508041N00553066EA017850194673
B1704214508043N00553063EA017870194895
B1704224508045N00553060EA017890195073
B1704234508047N00553057EA017910195342
B1704244508049N00553054EA017940195608
B1704254508050N00553052EA017960195936
B1704264508051N00553050EA017990196236
B1704274508052N00553048EA018020196556
B1704284508054N00553046EA018050196813
B1704294508055N00553044EA018080197268
B1704304508056N00553043EA018110197596
B1704314508057N00553041EA018140197758
B1704324508056N00553038EA018170197869
B1704334508053N00553036EA018190197840
B1704344508047N00553035EA018190197977
B1704354508040N00553039EA018190198089
B1704364508036N00553048EA018200198036
B1704374508035N00553060EA018200198042
B1704384508039N00553069EA018210198128
B1704394508044N00553074EA018210198320
B1704404508048N00553072EA018220198737
B1704414508050N00553069EA018240199104
B1704424508050N00553067EA018260199550
B1704434508050N00553065EA018290199891
B1704444508052N00553063EA018320200009
B1704454508053N00553063EA018340200051
B1704464508055N00553061EA018360200149
B1704474508057N00553060EA018380200391
B1704484508060N00553058EA018400200668
B1704494508063N00553057EA018430200978
B1704504508066N00553057EA018450201222
B1704514508068N00553056EA018480201412
B1704524508069N00553054EA018510201639
B1704534508069N00553052EA018530201705
B1704544508066N00553049EA018540201790
B1704554508063N00553045EA018530201749
B1704564508058N00553045EA018530201733
B1704574508052N00553047EA018540201976
B1704584508047N00553052EA018550202128
B1704594508042N00553060EA018570202362
B1705004508040N00553069EA018580202553
B1705014508040N00553078EA018600202689
B1705024508043N00553086EA018620202754
B1705034508046N00553091EA018630202977
B1705044508050N00553094EA018650203112
B1705054508052N00553094EA018660203284
B1705064508054N00553093EA018680203392
B1705074508056N00553090EA018690203415
B1705084508056N00553087EA018690203588
B1705094508057N00553085EA018700203630
B1705104508058N00553082EA018700203632
B1705114508059N00553079EA018710203797
B1705124508061N00553077EA018710203973
B1705134508063N00553074EA018730204119
B1705144508064N00553072EA018740204346
B1705154508065N00553070EA018760204577
B1705164508067N00553069EA018770204630
B1705174508068N00553067EA018790204772
B1705184508070N00553065EA018810204801
B1705194508070N00553062EA018830205067
B1705204508070N00553059EA018840205139
B1705214508068N00553055EA018850205259
B1705224508065N00553052EA018870205278
B1705234508061N00553051EA018870205250
B1705244508056N00553052EA018880205345
B1705254508051N00553056EA018880205305
B1705264508046N00553063EA018890205337
B1705274508043N00553074EA018890205361
B1705284508044N00553083EA018890205458
B1705294508047N00553091EA018890205593
B1705304508051N00553095EA018890205582
B1705314508055N00553095EA018890205676
B1705324508058N00553093EA018900205815
B1705334508059N00553091EA018910206141
B1705344508060N00553088EA018920206465
B1705354508061N00553086EA018940206573
B1705364508063N00553084EA018960206600
B1705374508064N00553081EA018970206753
B1705384508066N00553078EA018990206954
B1705394508068N00553075EA019010207145
B1705404508070N00553072EA019030207333
B1705414508072N00553069EA019050207440
B1705424508074N00553065EA019070207676
B1705434508077N00553062EA019090207814
B1705444508079N00553059EA019110208070
B1705454508082N00553056EA019130208203
B1705464508084N00553053EA019140208337
B1705474508086N00553050EA019150208439
B1705484508087N00553047EA019150208457
B1705494508087N00553043EA019150208408
B1705504508085N00553039EA019150208339
B1705514508082N00553036EA019150208227
B1705524508078N00553035EA019150208201
B1705534508072N00553034EA019140208288
B1705544508067N00553037EA019140208150
B1705554508062N00553041EA019140208235
B1705564508057N00553047EA019140208276
B1705574508054N00553054EA019140208327
B1705584508051N00553062EA019150208427
B1705594508047N00553070EA019160208663
B1706004508043N00553077EA019170208757
B1706014508039N00553085EA019180208924
B1706024508035N00553093EA019200209104
B1706034508030N00553101EA019220209384
B1706044508027N00553109EA019240209606
B1706054508023N00553117EA019260209886
B1706064508021N00553125EA019290210038
B1706074508018N00553134EA019310210073
B1706084508015N00553142EA019320210187
B1706094508012N00553149EA019340210324
B1706104508007N00553153EA019350210267
B1706114508002N00553155EA019350210114
B1706124507997N00553154EA019340210162
B1706134507994N00553150EA019340210238
B1706144507993N00553146EA019340210233
B1706154507994N00553141EA019340210419
B1706164507996N00553138EA019350210677
B1706174508000N00553137EA019360210708
B1706184508004N00553139EA019380210807
B1706194508008N00553144EA019390210821
B1706204508011N00553151EA019400210901
B1706214508013N00553159EA019410211009
B1706224508012N00553168EA019420211299
B1706234508010N00553176EA019440211386
B1706244508007N00553183EA019450211443
B1706254508002N00553188EA019460211476
B1706264507997N00553191EA019470211522
B1706274507992N00553190EA019480211646
B1706284507988N00553187EA019490211778
B1706294507986N00553184EA019490211912
B1706304507984N00553180EA019500212156
B1706314507984N00553176EA019510212305
B1706324507984N00553172EA019530212548
B1706334507986N00553170EA019540212633
B1706344507989N00553170EA019560212698
B1706354507993N00553173EA019570212657
B1706364507996N00553179EA019580212779
B1706374507999N00553188EA019590212800
B1706384507998N00553197EA019610213063
B1706394507996N00553206EA019620213210
B1706404507992N00553213EA019640213482
B1706414507988N00553218EA019660213646
B1706424507983N00553221EA019670213788
B1706434507978N00553222EA019680213866
B1706444507974N00553221EA019700213930
B1706454507971N00553217EA019710214074
B1706464507971N00553213EA019710214030
B1706474507973N00553209EA019710214233
B1706484507975N00553207EA019720214442
B1706494507978N00553206EA019720214639
B1706504507981N00553208EA019740214794
B1706514507985N00553210EA019750214875
B1706524507989N00553212EA019770215076
B1706534507993N00553213EA019780215346
B1706544507996N00553213EA019810215568
B1706554507999N00553214EA019830215754
B1706564508002N00553215EA019850215920
B1706574508005N00553216EA019870216031
B1706584508008N00553219EA019890216177
B1706594508012N00553226EA019910216208
B1707004508014N00553236EA019920216313
B1707014508014N00553246EA019930216621
B1707024508012N00553255EA019940216836
B1707034508008N00553263EA019960217070
B1707044508003N00553268EA019980217081
B1707054507998N00553270EA019990217143
B1707064507992N00553270EA020000217465
B1707074507988N00553269EA020020217814
B1707084507985N00553266EA020040218037
B1707094507984N00553262EA020070218309
B1707104507983N00553259EA020100218581
B1707114507984N00553256EA020120218771
B1707124507985N00553253EA020150218999
B1707134507986N00553251EA020170219175
B1707144507986N00553247EA020190219266
B1707154507986N00553243EA020200219493
B1707164507987N00553239EA020210219741
B1707174507988N00553235EA020230219922
B1707184507989N00553231EA020250220026
B1707194507990N00553228EA020260220003
B1707204507991N00553226EA020270220122
B1707214507993N00553225EA020270220089
B1707224507997N00553227EA020270219859
B1707234508001N00553232EA020260219844
B1707244508004N00553239EA020250219971
B1707254508006N00553246EA020250220055
B1707264508006N00553254EA020250220095
B1707274508005N00553263EA020260220075
B1707284508002N00553272EA020250219871
B1707294507998N00553279EA020250219807
B1707304507992N00553284EA020250219968
B1707314507987N00553287EA020250219926
B1707324507982N00553287EA020250219909
B1707334507977N00553286EA020260220064
B1707344507974N00553283EA020260220211
B1707354507971N00553279EA020270220476
B1707364507970N00553276EA020280220520
B1707374507969N00553272EA020290220509
B1707384507968N00553269EA020300220559
B1707394507968N00553266EA020310220511
B1707404507968N00553261EA020310220525
B1707414507968N00553256EA020300220556
B1707424507968N00553251EA020300220567
B1707434507968N00553247EA020300220561
B1707444507968N00553242EA020300220438
B1707454507968N00553238EA020290220404
B1707464507967N00553233EA020290220368
B1707474507967N00553228EA020280220319
B1707484507966N00553224EA020280220274
B1707494507966N00553220EA020270220295
B1707504507967N00553217EA020270220292
B1707514507969N00553215EA020270220163
B1707524507972N00553214EA020270220069
B1707534507976N00553216EA020260219943
B1707544507980N00553219EA020250219837
B1707554507983N00553225EA020250219824
B1707564507985N00553232EA020240219817
B1707574507985N00553240EA020230219794
B1707584507986N00553249EA020220219611
B1707594507986N00553258EA020210219484
B1708004507987N00553268EA020200219388
B1708014507989N00553279EA020190219208
B1708024507989N00553291EA020180219292
B1708034507990N00553302EA020180219493
B1708044507992N00553312EA020190219525
B1708054507994N00553322EA020200219602
B1708064507996N00553331EA020210219873
B1708074507999N00553340EA020220219956
B1708084508002N00553349EA020240220016
B1708094508004N00553359EA020250220270
B1708104508007N00553367EA020270220518
B1708114508010N00553375EA020290220709
B1708124508013N00553383EA020310220813
B1708134508016N00553390EA020320220909
B1708144508018N00553399EA020340220950
B1708154508020N00553407EA020350221093
B1708164508022N00553415EA020350221188
B1708174508022N00553424EA020360221196
B1708184508021N00553433EA020360221023
B1708194508017N00553441EA020350220884
B1708204508013N00553449EA020340220714
B1708214508007N00553456EA020330220797
B1708224508002N00553462EA020330220841
B1708234507997N00553465EA020330220909
B1708244507991N00553467EA020340221169
B1708254507986N00553468EA020340221177
B1708264507982N00553468EA020350221333
B1708274507978N00553466EA020360221459
B1708284507975N00553464EA020380221695
B1708294507973N00553460EA020390221789
B1708304507972N00553456EA020410221962
B1708314507972N00553452EA020420222163
B1708324507974N00553449EA020450222325
B1708334507977N00553448EA020470222518
B1708344507980N00553450EA020490222791
B1708354507985N00553453EA020510222953
B1708364507989N00553458EA020530223048
B1708374507992N00553466EA020550222928
B1708384507992N00553477EA020550222814
B1708394507989N00553488EA020540222825
B1708404507984N00553497EA020540222908
B1708414507978N00553503EA020540223142
B1708424507973N00553506EA020540223210
B1708434507967N00553507EA020550223390
B1708444507963N00553506EA020560223514
B1708454507959N00553504EA020580223806
B1708464507955N00553502EA020590224028
B1708474507952N00553500EA020620224102
B1708484507949N00553496EA020640224348
B1708494507947N00553492EA020650224526
B1708504507945N00553488EA020670224738
B1708514507943N00553485EA020690224862
B1708524507942N00553482EA020710225030
B1708534507941N00553478EA020730225224
B1708544507940N00553474EA020750225357
B1708554507940N00553471EA020760225586
B1708564507942N00553469EA020780225593
B1708574507946N00553468EA020780225535
B1708584507950N00553469EA020780225487
B1708594507955N00553472EA020780225538
B1709004507959N00553478EA020780225440
B1709014507961N00553485EA020780225495
B1709024507963N00553494EA020780225521
B1709034507963N00553503EA020780225506
B1709044507961N00553512EA020780225756
B1709054507959N00553520EA020790225947
B1709064507956N00553528EA020800226261
B1709074507953N00553534EA020820226448
B1709084507950N00553540EA020840226506
B1709094507946N00553545EA020850226612
B1709104507941N00553548EA020870226659
B1709114507936N00553552EA020880226740
B1709124507931N00553555EA020890226933
B1709134507926N00553559EA020910227140
B1709144507922N00553563EA020920227320
B1709154507918N00553567EA020940227413
B1709164507913N00553571EA020960227572
B1709174507909N00553574EA020970227726
B1709184507904N00553576EA020990227768
B1709194507900N00553577EA021000227727
B1709204507896N00553577EA020990227704
B1709214507892N00553575EA020990227754
B1709224507890N00553572EA020990227772
B1709234507889N00553568EA020980227692
B1709244507890N00553564EA020980227674
B1709254507892N00553561EA020980227663
B1709264507895N00553558EA020970227634
B1709274507898N00553556EA020970227683
B1709284507902N00553555EA020970227869
B1709294507905N00553556EA020980228082
B1709304507909N00553556EA020990228207
B1709314507912N00553556EA021010228207
B1709324507915N00553556EA021020228336
B1709334507919N00553556EA021040228508
B1709344507922N00553558EA021050228780
B1709354507926N00553560EA021070228869
B1709364507930N00553566EA021090228986
B1709374507933N00553574EA021100229174
B1709384507934N00553583EA021120229398
B1709394507934N00553592EA021140229563
B1709404507932N00553600EA021160229794
B1709414507929N00553608EA021180229830
B1709424507923N00553612EA021200230089
B1709434507918N00553615EA021220230152
B1709444507913N00553613EA021220230338
B1709454507909N00553611EA021230230621
B1709464507906N00553608EA021250230946
B1709474507904N00553607EA021280231241
B1709484507903N00553605EA021300231429
B1709494507902N00553604EA021320231512
B1709504507901N00553601EA021340231659
B1709514507901N00553598EA021360231689
B1709524507904N00553597EA021360231730
B1709534507907N00553597EA021360231891
B1709544507912N00553600EA021360231921
B1709554507915N00553605EA021370231997
B1709564507918N00553614EA021370232030
B1709574507918N00553624EA021380232054
B1709584507915N00553634EA021380232097
B1709594507911N00553642EA021390232294
B1710004507907N00553647EA021400232461
B1710014507903N00553649EA021410232539
B1710024507898N00553651EA021420232576
B1710034507894N00553652EA021430232604
B1710044507889N00553652EA021440232643
B1710054507885N00553650EA021450232754
B1710064507881N00553648EA021470232984
B1710074507878N00553646EA021480233012
B1710084507874N00553643EA021490233255
B1710094507871N00553640EA021500233346
B1710104507868N00553637EA021510233484
B1710114507866N00553634EA021530233555
B1710124507864N00553631EA021530233536
B1710134507862N00553628EA021530233666
B1710144507861N00553625EA021530233627
B1710154507860N00553622EA021530233575
B1710164507861N00553619EA021520233515
B1710174507862N00553617EA021520233443
B1710184507865N00553616EA021520233417
B1710194507868N00553617EA021510233488
B1710204507872N00553622EA021510233352
B1710214507875N00553628EA021510233272
B1710224507877N00553635EA021500233287
B1710234507878N00553644EA021500233359
B1710244507878N00553654EA021500233323
B1710254507876N00553663EA021510233382
B1710264507874N00553671EA021510233315
B1710274507870N00553679EA021510233502
B1710284507865N00553685EA021510233544
B1710294507860N00553690EA021520233567
B1710304507855N00553695EA021520233686
B1710314507850N00553700EA021530233654
B1710324507845N00553705EA021530233713
B1710334507840N00553710EA021540233743
B1710344507835N00553715EA021540233774
B1710354507831N00553719EA021550233713
B1710364507826N00553721EA021550233747
B1710374507821N00553722EA021550233678
B1710384507816N00553723EA021540233585
B1710394507812N00553723EA021540233408
B1710404507807N00553722EA021530233485
B1710414507804N00553719EA021520233337
B1710424507801N00553716EA021510233293
B1710434507800N00553712EA021510233217
B1710444507798N00553709EA021500233283
B1710454507798N00553705EA021500233209
B1710464507798N00553702EA021500233206
B1710474507798N00553699EA021500233223
B1710484507798N00553695EA021500233289
B1710494507799N00553692EA021500233268
B1710504507801N00553689EA021500233115
B1710514507803N00553687EA021490233003
B1710524507805N00553685EA021490233048
B1710534507808N00553685EA021480232946
B1710544507811N00553687EA021480232991
B1710554507816N00553690EA021470232817
B1710564507818N00553696EA021460232868
B1710574507820N00553704EA021450232723
B1710584507820N00553713EA021450232763
B1710594507820N00553722EA021440232726
B1711004507819N00553731EA021440232709
B1711014507817N00553740EA021440232862
B1711024507815N00553748EA021440232701
B1711034507811N00553755EA021440232698
B1711044507807N00553763EA021440232497
B1711054507803N00553771EA021430232238
B1711064507798N00553779EA021420232125
B1711074507792N00553787EA021400231954
B1711084507786N00553795EA021390231982
B1711094507781N00553803EA021380231910
B1711104507775N00553810EA021370232098
B1711114507771N00553819EA021380232141
B1711124507767N00553828EA021380232241
B1711134507764N00553837EA021380232200
B1711144507760N00553846EA021390232242
B1711154507756N00553854EA021390232298
B1711164507753N00553863EA021390232162
B1711174507750N00553871EA021390232058
B1711184507746N00553880EA021380231997
B1711194507743N00553889EA021370231808
B1711204507738N00553898EA021360231796
B1711214507735N00553907EA021350231723
B1711224507732N00553915EA021350231707
B1711234507729N00553924EA021340231631
B1711244507726N00553932EA021330231557
B1711254507723N00553941EA021320231434
B1711264507720N00553950EA021310231217
B1711274507717N00553960EA021300231102
B1711284507713N00553969EA021290231054
B1711294507708N00553977EA021280230978
B1711304507702N00553985EA021260230997
B1711314507697N00553992EA021260230937
B1711324507692N00553999EA021260231003
B1711334507686N00554005EA021270231168
B1711344507680N00554012EA021270231194
B1711354507674N00554019EA021280231090
B1711364507668N00554026EA021280231031
B1711374507662N00554032EA021280231119
B1711384507657N00554039EA021280231100
B1711394507653N00554045EA021280231103
B1711404507649N00554052EA021290231093
B1711414507648N00554061EA021280230900
B1711424507647N00554070EA021270230762
B1711434507648N00554078EA021260230881
B1711444507650N00554084EA021250230896
B1711454507654N00554089EA021250230915
B1711464507657N00554093EA021250231020
B1711474507659N00554095EA021260231195
B1711484507662N00554097EA021260231083
B1711494507665N00554099EA021270231095
B1711504507668N00554102EA021270231196
B1711514507672N00554106EA021280231308
B1711524507674N00554110EA021290231588
B1711534507677N00554114EA021310231837
B1711544507679N00554118EA021330232195
B1711554507682N00554122EA021350232373
B1711564507685N00554125EA021370232456
B1711574507688N00554128EA021390232503
B1711584507690N00554130EA021410232578
B1711594507693N00554132EA021430232676
B1712004507697N00554133EA021430232704
B1712014507700N00554133EA021440232942
B1712024507703N00554133EA021450233243
B1712034507705N00554134EA021460233494
B1712044507708N00554134EA021480233609
B1712054507709N00554134EA021500233772
B1712064507710N00554132EA021520233883
B1712074507710N00554129EA021540234091
B1712084507710N00554124EA021560234238
B1712094507708N00554120EA021570234497
B1712104507707N00554117EA021600234660
B1712114507706N00554113EA021620234893
B1712124507705N00554109EA021640235056
B1712134507701N00554106EA021660235288
B1712144507696N00554104EA021690235146
B1712154507688N00554107EA021690235150
B1712164507680N00554113EA021690235231
B1712174507675N00554123EA021690235392
B1712184507674N00554133EA021690235458
B1712194507675N00554142EA021700235627
B1712204507677N00554149EA021710235924
B1712214507679N00554154EA021720236222
B1712224507680N00554158EA021750236577
B1712234507682N00554162EA021770236848
B1712244507684N00554165EA021800237038
B1712254507686N00554168EA021820237262
B1712264507689N00554169EA021850237435
B1712274507691N00554168EA021870237577
B1712284507693N00554166EA021890237601
B1712294507692N00554161EA021920237846
B1712304507689N00554157EA021940238011
B1712314507683N00554154EA021960238277
B1712324507677N00554154EA021980238427
B1712334507670N00554158EA021990238411
B1712344507664N00554165EA021990238442
B1712354507660N00554176EA021990238480
B1712364507661N00554185EA021990238438
B1712374507664N00554193EA021980238527
B1712384507667N00554198EA021980238957
B1712394507670N00554201EA022000239154
B1712404507673N00554202EA022010239377
B1712414507676N00554203EA022040239748
B1712424507678N00554205EA022070240086
B1712434507680N00554207EA022100240376
B1712444507682N00554208EA022130240487
B1712454507685N00554207EA022160240558
B1712464507687N00554204EA022180240759
B1712474507687N00554199EA022200240839
B1712484507684N00554195EA022220240900
B1712494507677N00554192EA022240240943
B1712504507669N00554194EA022230241097
B1712514507662N00554200EA022230241177
B1712524507656N00554209EA022230241341
B1712534507652N00554217EA022240241567
B1712544507650N00554226EA022250241687
B1712554507651N00554235EA022260241670
B1712564507654N00554242EA022270241760
B1712574507657N00554245EA022280242089
B1712584507660N00554247EA022300242377
B1712594507662N00554248EA022320242593
B1713004507665N00554248EA022340242616
B1713014507667N00554248EA022360242778
B1713024507670N00554249EA022380242824
B1713034507672N00554251EA022400243171
B1713044507675N00554253EA022410243246
B1713054507678N00554255EA022430243403
B1713064507680N00554255EA022450243695
B1713074507683N00554254EA022470243838
B1713084507685N00554254EA022490244041
B1713094507687N00554253EA022500244213
B1713104507688N00554252EA022520244359
B1713114507690N00554252EA022530244344
B1713124507692N00554249EA022530244488
B1713134507694N00554245EA022540244652
B1713144507693N00554239EA022550245043
B1713154507689N00554234EA022570245299
B1713164507684N00554231EA022600245427
B1713174507677N00554231EA022620245465
B1713184507671N00554236EA022640245441
B1713194507666N00554244EA022650245465
B1713204507665N00554254EA022650245319
B1713214507666N00554263EA022650245577
B1713224507669N00554269EA022650245778
B1713234507672N00554273EA022650245999
B1713244507676N00554277EA022660246224
B1713254507679N00554281EA022680246561
B1713264507682N00554284EA022710246853
B1713274507685N00554287EA022740247020
B1713284507687N00554290EA022770247242
B1713294507689N00554293EA022800247408
B1713304507690N00554297EA022820247687
B1713314507692N00554302EA022850247851
B1713324507694N00554306EA022870248015
B1713334507695N00554310EA022890248012
B1713344507696N00554312EA022890248107
B1713354507697N00554314EA022890248043
B1713364507698N00554315EA022890247992
B1713374507700N00554314EA022880247978
B1713384507701N00554312EA022880247983
B1713394507701N00554308EA022870247980
B1713404507701N00554303EA022860248032
B1713414507700N00554298EA022870248047
B1713424507699N00554294EA022870248044
B1713434507697N00554289EA022870248067
B1713444507692N00554285EA022880247953
B1713454507685N00554283EA022870247895
B1713464507678N00554284EA022870247664
B1713474507671N00554290EA022860247626
B1713484507665N00554300EA022860247622
B1713494507663N00554310EA022860247690
B1713504507666N00554317EA022850247528
B1713514507670N00554322EA022840247658
B1713524507673N00554325EA022830247956
B1713534507674N00554327EA022850248198
B1713544507676N00554329EA022860248126
B1713554507678N00554331EA022870247912
B1713564507681N00554332EA022860247669
B1713574507685N00554335EA022850247480
B1713584507690N00554337EA022840247538
B1713594507694N00554341EA022850247900
B1714004507696N00554343EA022860248268
B1714014507698N00554346EA022880248385
B1714024507701N00554348EA022900248438
B1714034507704N00554351EA022910248451
B1714044507708N00554353EA022920248525
B1714054507711N00554356EA022930248678
B1714064507714N00554360EA022950248992
B1714074507717N00554363EA022960249192
B1714084507720N00554365EA022980249379
B1714094507723N00554368EA023000249488
B1714104507727N00554372EA023020249415
B1714114507730N00554376EA023030249544
B1714124507733N00554379EA023040249668
B1714134507736N00554382EA023040249869
B1714144507739N00554385EA023050249914
B1714154507741N00554388EA023050249934
B1714164507743N00554391EA023060249947
B1714174507746N00554395EA023060249804
B1714184507749N00554399EA023050249811
B1714194507752N00554402EA023050249855
B1714204507755N00554405EA023050249859
B1714214507758N00554409EA023050249814
B1714224507760N00554412EA023050249877
B1714234507763N00554415EA023050249765
B1714244507766N00554418EA023050249682
B1714254507770N00554421EA023040249671
B1714264507774N00554423EA023030249649
B1714274507777N00554426EA023030249695
B1714284507781N00554428EA023030249618
B1714294507784N00554430EA023030249655
B1714304507787N00554432EA023030249574
B1714314507791N00554434EA023020249500
B1714324507794N00554435EA023020249458
B1714334507797N00554437EA023010249399
B1714344507801N00554440EA023000249236
B1714354507804N00554443EA023000249274
B1714364507807N00554446EA022990249295
B1714374507811N00554449EA022980249152
B1714384507814N00554451EA022980249096
B1714394507818N00554454EA022960248971
B1714404507822N00554456EA022950248867
B1714414507826N00554459EA022940248733
B1714424507829N00554461EA022930248690
B1714434507833N00554462EA022930248614
B1714444507836N00554464EA022920248552
B1714454507840N00554466EA022920248513
B1714464507843N00554468EA022910248471
B1714474507847N00554469EA022910248421
B1714484507850N00554470EA022910248453
B1714494507853N00554472EA022900248351
B1714504507856N00554473EA022900248358
B1714514507859N00554474EA022890248258
B1714524507862N00554474EA022890248088
B1714534507866N00554474EA022870247887
B1714544507871N00554474EA022860247728
B1714554507875N00554475EA022840247662
B1714564507879N00554476EA022830247660
B1714574507883N00554477EA022820247523
B1714584507886N00554478EA022810247489
B1714594507890N00554480EA022800247249
B1715004507894N00554483EA022790247144
B1715014507898N00554486EA022780247145
B1715024507902N00554489EA022780247136
B1715034507905N00554492EA022780247172
B1715044507909N00554494EA022790247105
B1715054507912N00554496EA022790247149
B1715064507916N00554499EA022790247127
B1715074507920N00554503EA022790247216
B1715084507924N00554507EA022790247302
B1715094507928N00554510EA022800247416
B1715104507932N00554512EA022810247549
B1715114507936N00554514EA022820247799
B1715124507941N00554516EA022830247917
B1715134507945N00554518EA022850248027
B1715144507949N00554521EA022860248122
B1715154507952N00554523EA022880248278
B1715164507956N00554526EA022890248304
B1715174507959N00554529EA022900248201
B1715184507962N00554531EA022900248216
B1715194507965N00554534EA022900248026
B1715204507968N00554537EA022890247956
B1715214507971N00554540EA022880247897
B1715224507975N00554544EA022870247820
B1715234507978N00554547EA022860247840
B1715244507981N00554550EA022860247853
B1715254507984N00554553EA022860247837
B1715264507987N00554556EA022860247839
B1715274507990N00554559EA022850247767
B1715284507994N00554561EA022850247609
B1715294507997N00554564EA022850247643
B1715304508001N00554567EA022840247603
B1715314508004N00554570EA022840247635
B1715324508007N00554573EA022840247568
B1715334508011N00554576EA022830247529
B1715344508014N00554580EA022830247491
B1715354508018N00554583EA022820247474
B1715364508022N00554586EA022810247435
B1715374508026N00554589EA022810247305
B1715384508029N00554592EA022800247354
B1715394508033N00554595EA022800247224
B1715404508036N00554598EA022790247283
B1715414508040N00554600EA022790247264
B1715424508044N00554602EA022780247140
B1715434508047N00554603EA022780247186
B1715444508051N00554605EA022770247025
B1715454508054N00554607EA022770247048
B1715464508057N00554610EA022770246964
B1715474508060N00554613EA022760246873
B1715484508064N00554615EA022760246634
B1715494508068N00554617EA022750246444
B1715504508072N00554619EA022730246282
B1715514508077N00554620EA022710246156
B1715524508082N00554621EA022700246029
B1715534508086N00554623EA022690245992
B1715544508091N00554624EA022670245931
B1715554508095N00554624EA022660245887
B1715564508100N00554625EA022660245732
B1715574508104N00554625EA022650245692
B1715584508109N00554625EA022650245650
B1715594508114N00554624EA022650245605
B1716004508118N00554624EA022650245631
B1716014508122N00554623EA022650245639
B1716024508126N00554623EA022650245546
B1716034508131N00554623EA022650245505
B1716044508135N00554622EA022640245476
B1716054508140N00554621EA022640245335
B1716064508144N00554620EA022640245390
B1716074508149N00554619EA022630245320
B1716084508153N00554618EA022630245355
B1716094508158N00554618EA022630245321
B1716104508162N00554618EA022630245381
B1716114508167N00554617EA022630245249
B1716124508172N00554617EA022630245139
B1716134508177N00554618EA022630245224
B1716144508182N00554619EA022630245200
B1716154508186N00554619EA022630245333
B1716164508190N00554619EA022620245374
B1716174508195N00554619EA022630245323
B1716184508199N00554619EA022620245380
B1716194508204N00554618EA022620245327
B1716204508208N00554618EA022630245341
B1716214508212N00554617EA022630245373
B1716224508217N00554616EA022630245428
B1716234508221N00554616EA022630245488
B1716244508226N00554617EA022630245444
B1716254508230N00554617EA022630245499
B1716264508235N00554618EA022630245446
B1716274508239N00554619EA022640245580
B1716284508244N00554619EA022640245527
B1716294508248N00554620EA022640245573
B1716304508253N00554621EA022640245520
B1716314508257N00554622EA022650245671
B1716324508262N00554623EA022650245623
B1716334508266N00554624EA022650245683
B1716344508271N00554624EA022650245739
B1716354508275N00554625EA022660245774
B1716364508280N00554625EA022660245725
B1716374508284N00554625EA022660245796
B1716384508289N00554625EA022660245774
B1716394508294N00554625EA022660245842
B1716404508298N00554624EA022670245885
B1716414508303N00554623EA022680245947
B1716424508307N00554622EA022680245999
B1716434508312N00554622EA022690246042
B1716444508317N00554622EA022700246000
B1716454508321N00554621EA022700246085
B1716464508326N00554620EA022710246154
B1716474508331N00554619EA022710246231
B1716484508335N00554617EA022720246378
B1716494508340N00554616EA022720246318
B1716504508344N00554616EA022730246371
B1716514508349N00554615EA022730246445
B1716524508354N00554614EA022730246418
B1716534508359N00554614EA022730246502
B1716544508363N00554613EA022740246668
B1716554508368N00554613EA022740246628
B1716564508372N00554613EA022740246768
B1716574508377N00554613EA022750246617
B1716584508382N00554613EA022750246504
B1716594508386N00554613EA022740246591
B1717004508392N00554613EA022740246500
B1717014508397N00554612EA022740246617
B1717024508402N00554612EA022740246616
B1717034508406N00554612EA022750246784
B1717044508411N00554612EA022750246772
B1717054508416N00554612EA022750246761
B1717064508421N00554612EA022750246760
B1717074508426N00554612EA022760246660
B1717084508431N00554612EA022760246672
B1717094508437N00554612EA022750246608
B1717104508442N00554613EA022750246615
B1717114508447N00554614EA022750246630
B1717124508452N00554614EA022750246675
B1717134508458N00554614EA022750246528
B1717144508463N00554615EA022750246674
B1717154508468N00554616EA022750246692
B1717164508474N00554617EA022750246700
B1717174508479N00554617EA022760246618
B1717184508483N00554618EA022750246695
B1717194508488N00554619EA022750246593
B1717204508494N00554619EA022740246448
B1717214508500N00554619EA022740246329
B1717224508506N00554619EA022730246218
B1717234508511N00554620EA022720246234
B1717244508516N00554621EA022710246110
B1717254508521N00554621EA022690245931
B1717264508526N00554620EA022680245769
B1717274508532N00554620EA022660245535
B1717284508538N00554620EA022640245528
B1717294508544N00554621EA022620245518
B1717304508549N00554622EA022620245528
B1717314508553N00554623EA022630245590
B1717324508558N00554622EA022630245478
B1717334508563N00554622EA022630245369
B1717344508568N00554623EA022620245186
B1717354508574N00554624EA022600245049
B1717364508579N00554626EA022590244965
B1717374508584N00554628EA022580244842
B1717384508589N00554629EA022570244706
B1717394508593N00554630EA022560244598
B1717404508599N00554631EA022540244218
B1717414508604N00554632EA022510244078
B1717424508610N00554633EA022490243843
B1717434508615N00554633EA022470243762
B1717444508620N00554633EA022460243663
B1717454508625N00554633EA022440243469
B1717464508630N00554634EA022420243287
B1717474508636N00554635EA022400243113
B1717484508641N00554635EA022390242915
B1717494508646N00554635EA022380242847
B1717504508651N00554636EA022370242651
B1717514508656N00554636EA022350242576
B1717524508661N00554636EA022340242398
B1717534508667N00554636EA022320242216
B1717544508672N00554636EA022310242144
B1717554508677N00554636EA022300241954
B1717564508682N00554636EA022280241879
B1717574508687N00554637EA022270241683
B1717584508693N00554637EA022250241413
B1717594508698N00554637EA022230241272
B1718004508704N00554637EA022220241016
B1718014508709N00554638EA022200240870
B1718024508715N00554638EA022180240730
B1718034508720N00554637EA022170240679
B1718044508726N00554637EA022160240527
B1718054508731N00554637EA022160240477
B1718064508737N00554638EA022150240320
B1718074508742N00554638EA022140240170
B1718084508748N00554637EA022130240018
B1718094508753N00554637EA022110239877
B1718104508759N00554637EA022100239757
B1718114508765N00554637EA022090239517
B1718124508770N00554637EA022070239477
B1718134508776N00554637EA022050239221
B1718144508781N00554636EA022040239096
B1718154508787N00554635EA022020238988
B1718164508793N00554635EA022000238855
B1718174508799N00554635EA021990238627
B1718184508804N00554636EA021970238494
B1718194508811N00554637EA021950238201
B1718204508816N00554637EA021930238085
B1718214508822N00554638EA021910237841
B1718224508827N00554639EA021890237795
B1718234508833N00554641EA021880237554
B1718244508839N00554643EA021860237302
B1718254508844N00554644EA021850237171
B1718264508850N00554644EA021840236938
B1718274508855N00554645EA021820236794
B1718284508861N00554646EA021800236650
B1718294508867N00554646EA021780236413
B1718304508872N00554646EA021760236255
B1718314508878N00554647EA021740236016
B1718324508883N00554649EA021720235965
B1718334508889N00554651EA021700235744
B1718344508895N00554652EA021680235519
B1718354508900N00554654EA021670235386
B1718364508906N00554656EA021660235245
B1718374508911N00554658EA021660235185
B1718384508917N00554660EA021650235033
B1718394508922N00554661EA021650234986
B1718404508928N00554662EA021640234736
B1718414508934N00554663EA021630234613
B1718424508939N00554664EA021610234590
B1718434508945N00554664EA021600234469
B1718444508951N00554665EA021590234358
B1718454508957N00554666EA021580234263
B1718464508963N00554666EA021570234165
B1718474508969N00554666EA021560234054
B1718484508975N00554666EA021550233944
B1718494508981N00554666EA021540233834
B1718504508987N00554666EA021520233715
B1718514508992N00554666EA021520233788
B1718524508998N00554667EA021510233644
B1718534509004N00554667EA021500233538
B1718544509010N00554668EA021490233324
B1718554509016N00554669EA021480233200
B1718564509021N00554669EA021470233168
B1718574509027N00554670EA021460233025
B1718584509032N00554671EA021450233093
B1718594509038N00554671EA021450232959
B1719004509044N00554673EA021440232831
B1719014509050N00554674EA021430232615
B1719024509055N00554675EA021420232597
B1719034509061N00554677EA021410232481
B1719044509067N00554678EA021390232366
B1719054509073N00554680EA021380232236
B1719064509078N00554682EA021370232284
B1719074509084N00554683EA021370232009
B1719084509089N00554685EA021360231959
B1719094509094N00554687EA021350231798
B1719104509100N00554690EA021330231660
B1719114509106N00554692EA021320231421
B1719124509111N00554694EA021300231365
B1719134509117N00554697EA021290231202
B1719144509122N00554699EA021280231047
B1719154509127N00554701EA021260230989
B1719164509133N00554704EA021250230730
B1719174509138N00554706EA021230230691
B1719184509144N00554708EA021220230548
B1719194509149N00554711EA021210230495
B1719204509155N00554714EA021190230231
B1719214509160N00554716EA021180230196
B1719224509166N00554719EA021170229952
B1719234509172N00554721EA021150229807
B1719244509177N00554724EA021140229674
B1719254509183N00554726EA021130229518
B1719264509188N00554729EA021110229352
B1719274509193N00554731EA021100229296
B1719284509199N00554734EA021080229020
B1719294509204N00554736EA021070228964
B1719304509210N00554738EA021050228708
B1719314509215N00554741EA021040228532
B1719324509220N00554743EA021020228380
B1719334509226N00554744EA021010228223
B1719344509231N00554745EA020990228064
B1719354509237N00554746EA020980227828
B1719364509242N00554748EA020960227776
B1719374509248N00554750EA020940227537
B1719384509253N00554752EA020930227467
B1719394509258N00554754EA020920227385
B1719404509264N00554756EA020910227123
B1719414509269N00554758EA020890226954
B1719424509274N00554761EA020870226793
B1719434509280N00554764EA020860226624
B1719444509285N00554767EA020840226445
B1719454509290N00554770EA020830226256
B1719464509295N00554774EA020810226050
B1719474509300N00554777EA020790225838
B1719484509305N00554782EA020780225542
B1719494509310N00554786EA020760225499
B1719504509315N00554791EA020740225594
B1719514509320N00554795EA020750225626
B1719524509323N00554799EA020760225782
B1719534509327N00554803EA020760225612
B1719544509330N00554807EA020760225456
B1719554509334N00554812EA020750225254
B1719564509338N00554816EA020730225057
B1719574509342N00554820EA020720224989
B1719584509346N00554825EA020700224750
B1719594509350N00554828EA020680224609
B1720004509353N00554832EA020670224489
B1720014509357N00554837EA020650224353
B1720024509361N00554841EA020640224248
B1720034509365N00554846EA020620224124
B1720044509368N00554850EA020610224097
B1720054509372N00554855EA020600223961
B1720064509376N00554859EA020590223838
B1720074509379N00554864EA020590223797
B1720084509383N00554869EA020580223649
B1720094509386N00554875EA020570223560
B1720104509390N00554879EA020560223408
B1720114509393N00554884EA020550223430
B1720124509396N00554888EA020550223380
B1720134509400N00554891EA020540223222
B1720144509403N00554894EA020530223186
B1720154509407N00554898EA020520223063
B1720164509411N00554902EA020510222941
B1720174509415N00554905EA020500222839
B1720184509419N00554909EA020500222819
B1720194509422N00554913EA020500222986
B1720204509426N00554916EA020500222847
B1720214509430N00554919EA020500222805
B1720224509433N00554922EA020490222784
B1720234509437N00554925EA020490222685
B1720244509442N00554929EA020480222510
B1720254509446N00554933EA020470222540
B1720264509450N00554937EA020470222560
B1720274509454N00554941EA020460222570
B1720284509458N00554945EA020460222571
B1720294509462N00554949EA020460222682
B1720304509466N00554953EA020470222696
B1720314509471N00554958EA020470222613
B1720324509475N00554963EA020470222630
B1720334509479N00554967EA020470222636
B1720344509483N00554971EA020470222526
B1720354509487N00554975EA020460222435
B1720364509491N00554979EA020460222278
B1720374509496N00554984EA020450222114
B1720384509500N00554989EA020440221960
B1720394509505N00554993EA020430221809
B1720404509509N00554999EA020420221830
B1720414509513N00555003EA020410221889
B1720424509518N00555008EA020400221824
B1720434509523N00555012EA020400221806
B1720444509527N00555017EA020390221791
B1720454509532N00555022EA020390221791
B1720464509537N00555027EA020390221765
B1720474509542N00555032EA020390221716
B1720484509546N00555038EA020390221730
B1720494509550N00555043EA020390221666
B1720504509555N00555049EA020390221610
B1720514509559N00555054EA020390221757
B1720524509564N00555060EA020390221802
B1720534509568N00555065EA020400221918
B1720544509572N00555071EA020410222105
B1720554509575N00555076EA020420222389
B1720564509579N00555083EA020440222581
B1720574509583N00555089EA020460222711
B1720584509585N00555094EA020480223074
B1720594509588N00555099EA020510223322
B1721004509591N00555104EA020540223513
B1721014509594N00555109EA020570223823
B1721024509597N00555113EA020590224159
B1721034509600N00555118EA020630224573
B1721044509603N00555122EA020660224954
B1721054509606N00555126EA020690225247
B1721064509609N00555131EA020730225655
B1721074509612N00555136EA020760226002
B1721084509613N00555140EA020800226475
B1721094509615N00555144EA020840226661
B1721104509618N00555148EA020870226712
B1721114509621N00555152EA020880226923
B1721124509624N00555155EA020890227207
B1721134509625N00555157EA020900227495
B1721144509626N00555156EA020920227497
B1721154509627N00555154EA020930227491
B1721164509628N00555151EA020940227585
B1721174509628N00555147EA020940227799
B1721184509627N00555143EA020950227896
B1721194509626N00555138EA020960227816
B1721204509624N00555133EA020970228152
B1721214509623N00555128EA020980228434
B1721224509622N00555124EA021010228872
B1721234509622N00555120EA021040229144
B1721244509621N00555116EA021080229496
B1721254509620N00555113EA021110229720
B1721264509615N00555109EA021140229888
B1721274509608N00555109EA021170229753
B1721284509600N00555113EA021180229787
B1721294509595N00555124EA021190229861
B1721304509594N00555135EA021190230068
B1721314509597N00555143EA021200230638
B1721324509600N00555148EA021210231134
B1721334509603N00555149EA021240231506
B1721344509605N00555150EA021270231832
B1721354509607N00555151EA021310232124
B1721364509609N00555152EA021350232411
B1721374509611N00555151EA021380232623
B1721384509612N00555148EA021420232847
B1721394509611N00555143EA021450233049
B1721404509607N00555139EA021480233155
B1721414509601N00555136EA021500233530
B1721424509594N00555134EA021520233954
B1721434509588N00555136EA021550234310
B1721444509582N00555141EA021580234402
B1721454509577N00555148EA021610234529
B1721464509575N00555158EA021620234619
B1721474509575N00555168EA021630234849
B1721484509577N00555175EA021640235273
B1721494509580N00555180EA021660235647
B1721504509582N00555183EA021690236098
B1721514509584N00555186EA021720236391
B1721524509586N00555187EA021760236520
B1721534509587N00555187EA021790236661
B1721544509589N00555187EA021810236531
B1721554509591N00555187EA021800236542
B1721564509593N00555185EA021800236533
B1721574509594N00555180EA021790236426
B1721584509593N00555173EA021780236458
B1721594509591N00555166EA021780236583
B1722004509590N00555159EA021780236703
B1722014509588N00555153EA021800237122
B1722024509586N00555146EA021830237518
B1722034509583N00555141EA021860238054
B1722044509581N00555137EA021900238550
B1722054509579N00555133EA021950238971
B1722064509576N00555129EA022000239186
B1722074509571N00555127EA022040239162
B1722084509565N00555129EA022060239024
B1722094509559N00555137EA022060238900
B1722104509556N00555147EA022050238829
B1722114509558N00555157EA022040239017
B1722124509561N00555163EA022040239579
B1722134509564N00555168EA022050240162
B1722144509567N00555171EA022080240505
B1722154509569N00555174EA022120240933
B1722164509571N00555176EA022160241265
B1722174509573N00555178EA022200241585
B1722184509576N00555180EA022230241732
B1722194509579N00555180EA022270241939
B1722204509582N00555180EA022300242128
B1722214509584N00555179EA022330242320
B1722224509584N00555174EA022340242342
B1722234509582N00555168EA022330242104
B1722244509576N00555163EA022320242092
B1722254509569N00555160EA022320242178
B1722264509562N00555163EA022330242456
B1722274509556N00555169EA022350242792
B1722284509553N00555177EA022370242973
B1722294509553N00555186EA022390243044
B1722304509555N00555193EA022400243154
B1722314509559N00555197EA022420243345
B1722324509562N00555198EA022430243670
B1722334509564N00555196EA022450243865
B1722344509565N00555193EA022470243979
B1722354509566N00555190EA022490243862
B1722364509566N00555184EA022490243815
B1722374509563N00555178EA022490243846
B1722384509557N00555174EA022490243851
B1722394509549N00555174EA022490243887
B1722404509543N00555179EA022500244003
B1722414509538N00555186EA022510244379
B1722424509536N00555195EA022520244684
B1722434509537N00555202EA022540244800
B1722444509537N00555207EA022560245097
B1722454509539N00555211EA022580245107
B1722464509540N00555215EA022590245155
B1722474509542N00555219EA022600245180
B1722484509545N00555220EA022600245178
B1722494509548N00555221EA022600245173
B1722504509550N00555218EA022610245295
B1722514509551N00555213EA022610245367
B1722524509550N00555207EA022620245243
B1722534509547N00555201EA022620245355
B1722544509543N00555196EA022620245367
B1722554509538N00555193EA022620245476
B1722564509532N00555192EA022630245572
B1722574509526N00555193EA022630245527
B1722584509520N00555197EA022640245727
B1722594509515N00555203EA022650245934
B1723004509511N00555209EA022660246181
B1723014509509N00555215EA022680246328
B1723024509507N00555222EA022690246359
B1723034509508N00555229EA022710246200
B1723044509510N00555233EA022710246219
B1723054509513N00555236EA022710246282
B1723064509517N00555236EA022700246359
B1723074509520N00555236EA022700246595
B1723084509523N00555235EA022710246772
B1723094509525N00555232EA022730246849
B1723104509526N00555229EA022740246857
B1723114509526N00555225EA022750246723
B1723124509524N00555219EA022750246638
B1723134509520N00555214EA022750246509
B1723144509513N00555212EA022740246477
B1723154509507N00555212EA022740246449
B1723164509500N00555214EA022730246585
B1723174509495N00555217EA022740246602
B1723184509489N00555221EA022740246798
B1723194509485N00555227EA022750246736
B1723204509480N00555233EA022750246659
B1723214509475N00555240EA022760246789
B1723224509472N00555249EA022760246831
B1723234509470N00555257EA022760246988
B1723244509471N00555264EA022770246987
B1723254509474N00555270EA022780247104
B1723264509476N00555275EA022790247341
B1723274509478N00555279EA022800247553
B1723284509480N00555283EA022810247733
B1723294509482N00555287EA022830247813
B1723304509484N00555290EA022850248029
B1723314509486N00555294EA022870248128
B1723324509488N00555299EA022880248226
B1723334509489N00555304EA022900248297
B1723344509491N00555309EA022900248251
B1723354509493N00555312EA022890248232
B1723364509495N00555313EA022890248162
B1723374509497N00555312EA022880247950
B1723384509499N00555308EA022870247822
B1723394509499N00555303EA022850247772
B1723404509498N00555297EA022840247622
B1723414509494N00555291EA022830247569
B1723424509489N00555286EA022820247599
B1723434509484N00555282EA022810247468
B1723444509479N00555278EA022810247469
B1723454509475N00555275EA022810247426
B1723464509470N00555272EA022810247487
B1723474509466N00555269EA022810247429
B1723484509461N00555267EA022810247466
B1723494509456N00555267EA022810247322
B1723504509449N00555270EA022810247253
B1723514509444N00555276EA022800247001
B1723524509439N00555284EA022790247094
B1723534509437N00555293EA022790247032
B1723544509436N00555301EA022780247024
B1723554509436N00555308EA022780247095
B1723564509439N00555314EA022770246934
B1723574509443N00555317EA022760246884
B1723584509448N00555318EA022750246690
B1723594509453N00555315EA022740246648
B1724004509456N00555314EA022730246852
B1724014509459N00555313EA022740246825
B1724024509461N00555312EA022740246776
B1724034509464N00555311EA022740246556
B1724044509467N00555309EA022730246275
B1724054509471N00555307EA022710246046
B1724064509474N00555305EA022700245995
B1724074509478N00555303EA022680245927
B1724084509481N00555301EA022670245829
B1724094509484N00555300EA022650245744
B1724104509487N00555298EA022640245697
B1724114509491N00555296EA022630245447
B1724124509494N00555294EA022620245385
B1724134509498N00555292EA022600245205
B1724144509501N00555291EA022590245042
B1724154509504N00555290EA022570244783
B1724164509508N00555289EA022550244540
B1724174509512N00555287EA022540244353
B1724184509516N00555285EA022520244354
B1724194509520N00555283EA022510244359
B1724204509524N00555283EA022510244306
B1724214509527N00555283EA022510244265
B1724224509531N00555283EA022510244053
B1724234509535N00555283EA022500243871
B1724244509539N00555282EA022490243882
B1724254509543N00555281EA022480243904
B1724264509545N00555280EA022480244029
B1724274509546N00555280EA022480243994
B1724284509548N00555279EA022480243673
B1724294509551N00555277EA022470243244
B1724304509554N00555275EA022440242966
B1724314509557N00555274EA022420242898
B1724324509561N00555274EA022400242953
B1724334509564N00555273EA022400243387
B1724344509567N00555273EA022420243750
B1724354509569N00555272EA022440244056
B1724364509571N00555272EA022460244140
B1724374509573N00555270EA022490244288
B1724384509576N00555269EA022510244480
B1724394509580N00555266EA022530244708
B1724404509582N00555264EA022550244995
B1724414509585N00555261EA022580245269
B1724424509588N00555259EA022610245408
B1724434509590N00555257EA022630245657
B1724444509592N00555255EA022650245889
B1724454509595N00555255EA022670245911
B1724464509598N00555254EA022680245801
B1724474509601N00555252EA022670245713
B1724484509604N00555250EA022660245784
B1724494509608N00555249EA022660245971
B1724504509612N00555248EA022670246139
B1724514509615N00555248EA022680246389
B1724524509619N00555248EA022700246507
B1724534509622N00555247EA022720246767
B1724544509626N00555246EA022740247052
B1724554509630N00555244EA022760247208
B1724564509633N00555244EA022790247575
B1724574509637N00555245EA022810247862
B1724584509641N00555245EA022840248038
B1724594509644N00555245EA022870248299
B1725004509648N00555246EA022900248527
B1725014509651N00555248EA022930248782
B1725024509655N00555249EA022950248839
B1725034509658N00555250EA022960248983
B1725044509660N00555247EA022970249147
B1725054509659N00555243EA022980249271
B1725064509656N00555238EA022980249117
B1725074509650N00555236EA022980249218
B1725084509643N00555240EA022990249221
B1725094509638N00555248EA022990249302
B1725104509635N00555258EA023000249471
B1725114509636N00555267EA023010249649
B1725124509639N00555273EA023020249644
B1725134509643N00555275EA023020249635
B1725144509646N00555275EA023020249759
B1725154509649N00555276EA023020249854
B1725164509652N00555276EA023030250109
B1725174509654N00555277EA023040250218
B1725184509656N00555278EA023060250225
B1725194509658N00555278EA023070250339
B1725204509660N00555278EA023080250369
B1725214509662N00555279EA023090250391
B1725224509665N00555279EA023100250439
B1725234509667N00555280EA023110250469
B1725244509669N00555281EA023110250593
B1725254509671N00555279EA023110250437
B1725264509670N00555275EA023110250298
B1725274509667N00555271EA023100250161
B1725284509661N00555267EA023090250067
B1725294509654N00555267EA023090250356
B1725304509648N00555270EA023090250617
B1725314509642N00555276EA023110250876
B1725324509638N00555283EA023120250926
B1725334509634N00555291EA023140250962
B1725344509631N00555299EA023150251063
B1725354509629N00555307EA023160251154
B1725364509628N00555315EA023170251275
B1725374509629N00555323EA023180251260
B1725384509631N00555329EA023190251282
B1725394509635N00555332EA023190251228
B1725404509638N00555334EA023180251226
B1725414509641N00555335EA023170251216
B1725424509643N00555336EA023170251295
B1725434509646N00555336EA023160251167
B1725444509649N00555336EA023160251034
B1725454509652N00555335EA023150251009
B1725464509654N00555335EA023150250985
B1725474509657N00555334EA023150250968
B1725484509660N00555333EA023140250859
B1725494509663N00555333EA023130250767
B1725504509666N00555335EA023130250673
B1725514509669N00555338EA023120250488
B1725524509673N00555344EA023110250300
B1725534509676N00555349EA023090250229
B1725544509679N00555356EA023080250074
B1725554509683N00555363EA023070250052
B1725564509687N00555369EA023050250037
B1725574509690N00555375EA023060250182
B1725584509694N00555379EA023070250318
B1725594509696N00555384EA023070250466
B1726004509698N00555389EA023080250388
B1726014509701N00555395EA023080250230
B1726024509704N00555400EA023080250110
B1726034509707N00555405EA023070250022
B1726044509710N00555410EA023060249947
B1726054509713N00555416EA023050249954
B1726064509716N00555421EA023040249875
B1726074509719N00555426EA023030249872
B1726084509722N00555430EA023030249799
B1726094509726N00555435EA023020249614
B1726104509729N00555439EA023010249479
B1726114509733N00555444EA023000249349
B1726124509737N00555449EA022980249139
B1726134509741N00555455EA022970249102
B1726144509744N00555461EA022960249010
B1726154509747N00555466EA022950249008
B1726164509749N00555473EA022950249072
B1726174509752N00555479EA022950248964
B1726184509755N00555485EA022950248954
B1726194509758N00555490EA022950248954
B1726204509761N00555495EA022950248971
B1726214509764N00555499EA022950248773
B1726224509768N00555503EA022940248607
B1726234509771N00555509EA022930248433
B1726244509774N00555515EA022920248380
B1726254509778N00555520EA022910248333
B1726264509781N00555525EA022890248282
B1726274509785N00555529EA022880248117
B1726284509788N00555534EA022870248134
B1726294509791N00555538EA022860247938
B1726304509794N00555543EA022850247775
B1726314509798N00555548EA022830247404
B1726324509801N00555553EA022820247375
B1726334509805N00555558EA022800247229
B1726344509808N00555563EA022780247079
B1726354509812N00555568EA022760246836
B1726364509816N00555572EA022740246539
B1726374509820N00555577EA022720246423
B1726384509823N00555583EA022700246350
B1726394509827N00555589EA022690246349
B1726404509831N00555597EA022700246304
B1726414509834N00555605EA022700246571
B1726424509838N00555612EA022710246838
B1726434509841N00555620EA022720247147
B1726444509843N00555626EA022740247298
B1726454509846N00555632EA022760247124
B1726464509848N00555638EA022770246994
B1726474509851N00555645EA022770246753
B1726484509854N00555653EA022750246752
B1726494509857N00555660EA022750246813
B1726504509859N00555666EA022740246952
B1726514509862N00555672EA022740246802
B1726524509864N00555678EA022740246773
B1726534509867N00555685EA022740246790
B1726544509870N00555691EA022740246797
B1726554509873N00555698EA022740246872
B1726564509876N00555704EA022750247032
B1726574509878N00555709EA022760247186
B1726584509881N00555713EA022770247149
B1726594509885N00555717EA022780247009
B1727004509889N00555719EA022770246936
B1727014509892N00555718EA022770246884
B1727024509894N00555714EA022760246748
B1727034509893N00555710EA022750246783
B1727044509891N00555706EA022740246765
B1727054509889N00555704EA022730246800
B1727064509886N00555701EA022740246726
B1727074509883N00555698EA022740246669
B1727084509881N00555696EA022730246332
B1727094509880N00555691EA022720246207
B1727104509880N00555686EA022710246119
B1727114509881N00555682EA022710246388
B1727124509884N00555680EA022710246417
B1727134509887N00555681EA022720246567
B1727144509891N00555684EA022730246531
B1727154509895N00555688EA022730246524
B1727164509898N00555695EA022740246462
B1727174509901N00555704EA022740246205
B1727184509900N00555714EA022730245889
B1727194509897N00555724EA022710245645
B1727204509891N00555728EA022690245548
B1727214509885N00555728EA022670245399
B1727224509882N00555724EA022650245348
B1727234509880N00555718EA022620245298
B1727244509881N00555713EA022600245127
B1727254509882N00555709EA022590245015
B1727264509882N00555705EA022590245088
B1727274509883N00555702EA022590244836
B1727284509883N00555698EA022580244578
B1727294509884N00555692EA022560244259
B1727304509885N00555685EA022540244103
B1727314509885N00555677EA022530244145
B1727324509885N00555670EA022520244389
B1727334509886N00555664EA022530244307
B1727344509885N00555658EA022530244355
B1727354509885N00555652EA022540244505
B1727364509884N00555647EA022560244994
B1727374509884N00555643EA022580245187
B1727384509884N00555640EA022600245338
B1727394509883N00555638EA022620245353
B1727404509882N00555635EA022640245421
B1727414509880N00555630EA022650245459
B1727424509879N00555626EA022660245505
B1727434509877N00555622EA022660245681
B1727444509876N00555617EA022660245669
B1727454509875N00555613EA022670245631
B1727464509875N00555608EA022670245776
B1727474509878N00555605EA022680245844
B1727484509883N00555606EA022690246131
B1727494509887N00555610EA022700246450
B1727504509890N00555617EA022720246792
B1727514509891N00555626EA022750246884
B1727524509890N00555636EA022760246836
B1727534509886N00555645EA022780246855
B1727544509881N00555650EA022780246603
B1727554509874N00555649EA022770246782
B1727564509870N00555643EA022760246784
B1727574509869N00555636EA022750246784
B1727584509870N00555631EA022750246972
B1727594509871N00555626EA022760247178
B1728004509871N00555621EA022770247487
B1728014509870N00555617EA022800247777
B1728024509869N00555614EA022820248085
B1728034509869N00555612EA022850248230
B1728044509869N00555609EA022880248314
B1728054509869N00555606EA022900248543
B1728064509870N00555603EA022930248620
B1728074509870N00555599EA022950248894
B1728084509871N00555595EA022960249059
B1728094509872N00555592EA022980249213
B1728104509872N00555589EA023000249444
B1728114509872N00555587EA023010249450
B1728124509873N00555584EA023020249318
B1728134509874N00555581EA023010249238
B1728144509876N00555579EA023010249291
B1728154509880N00555578EA023010249348
B1728164509884N00555581EA023010249580
B1728174509888N00555585EA023020249677
B1728184509891N00555592EA023030249729
B1728194509891N00555602EA023040249934
B1728204509888N00555612EA023050250122
B1728214509883N00555620EA023070250385
B1728224509878N00555625EA023090250574
B1728234509874N00555626EA023110250507
B1728244509869N00555625EA023120250660
B1728254509866N00555620EA023130250755
B1728264509865N00555616EA023140250943
B1728274509865N00555612EA023150251079
B1728284509866N00555609EA023150251055
B1728294509867N00555605EA023160251146
B1728304509868N00555601EA023170251208
B1728314509869N00555598EA023180251305
B1728324509870N00555595EA023180251303
B1728334509870N00555591EA023180251166
B1728344509871N00555587EA023180251082
B1728354509874N00555584EA023170251011
B1728364509878N00555583EA023160250913
B1728374509882N00555585EA023160250933
B1728384509885N00555589EA023150250886
B1728394509888N00555595EA023150250867
B1728404509889N00555603EA023140250790
B1728414509890N00555611EA023130250634
B1728424509889N00555620EA023120250315
B1728434509885N00555629EA023110250240
B1728444509879N00555635EA023100250236
B1728454509872N00555636EA023100250599
B1728464509867N00555636EA023110250981
B1728474509863N00555634EA023130251296
B1728484509860N00555633EA023160251447
B1728494509856N00555633EA023180251442
B1728504509852N00555631EA023200251575
B1728514509849N00555628EA023220251641
B1728524509846N00555624EA023230251749
B1728534509844N00555622EA023240251925
B1728544509842N00555620EA023260252098
B1728554509842N00555618EA023250251973
B1728564509843N00555614EA023250251777
B1728574509846N00555612EA023240251750
B1728584509849N00555610EA023230251668
B1728594509852N00555610EA023220251680
B1729004509855N00555609EA023220251676
B1729014509858N00555610EA023220251680
B1729024509862N00555612EA023220251699
B1729034509866N00555618EA023220251675
B1729044509869N00555625EA023220251889
B1729054509870N00555633EA023240252176
B1729064509868N00555641EA023250252341
B1729074509864N00555646EA023270252213
B1729084509858N00555648EA023270252122
B1729094509852N00555647EA023280252280
B1729104509848N00555643EA023280252467
B1729114509846N00555639EA023290252516
B1729124509844N00555634EA023300252678
B1729134509844N00555630EA023300252575
B1729144509845N00555626EA023310252521
B1729154509844N00555620EA023310252698
B1729164509844N00555615EA023320252942
B1729174509844N00555610EA023330253236
B1729184509844N00555607EA023350253481
B1729194509845N00555604EA023380253601
B1729204509844N00555599EA023400253639
B1729214509843N00555594EA023410253637
B1729224509842N00555588EA023420253769
B1729234509842N00555584EA023430254060
B1729244509844N00555581EA023440254220
B1729254509847N00555580EA023460254252
B1729264509851N00555582EA023470254159
B1729274509855N00555589EA023470254104
B1729284509856N00555598EA023470254014
B1729294509853N00555607EA023460254148
B1729304509848N00555614EA023460254113
B1729314509841N00555614EA023460254014
B1729324509835N00555610EA023460254376
B1729334509832N00555605EA023460254558
B1729344509831N00555601EA023470254616
B1729354509830N00555597EA023490254638
B1729364509829N00555593EA023500254624
B1729374509828N00555588EA023510254726
B1729384509827N00555584EA023520254845
B1729394509827N00555581EA023530254813
B1729404509827N00555578EA023530254754
B1729414509828N00555575EA023520254686
B1729424509831N00555574EA023520254541
B1729434509834N00555574EA023510254481
B1729444509838N00555578EA023500254475
B1729454509840N00555585EA023490254476
B1729464509840N00555594EA023490254382
B1729474509838N00555603EA023480254325
B1729484509833N00555611EA023480254340
B1729494509827N00555615EA023480254384
B1729504509821N00555616EA023480254269
B1729514509816N00555615EA023470254134
B1729524509812N00555611EA023470254159
B1729534509810N00555607EA023460254053
B1729544509809N00555602EA023450253952
B1729554509809N00555597EA023440253757
B1729564509810N00555592EA023430253558
B1729574509812N00555588EA023410253350
B1729584509815N00555583EA023390253257
B1729594509818N00555579EA023370253159
B1730004509821N00555576EA023350253054
B1730014509824N00555573EA023340253062
B1730024509827N00555570EA023340253033
B1730034509828N00555567EA023340253060
B1730044509829N00555562EA023340252958
B1730054509830N00555558EA023330252821
B1730064509831N00555554EA023330252722
B1730074509832N00555550EA023320252686
B1730084509835N00555547EA023310252512
B1730094509838N00555543EA023300252549
B1730104509841N00555540EA023300252437
B1730114509843N00555536EA023290252427
B1730124509844N00555531EA023280252348
B1730134509846N00555527EA023280252345
B1730144509849N00555524EA023280252364
B1730154509853N00555522EA023280252390
B1730164509858N00555520EA023280252380
B1730174509863N00555518EA023270252254
B1730184509868N00555517EA023270252380
B1730194509874N00555516EA023270252362
B1730204509880N00555515EA023280252322
B1730214509885N00555514EA023280252451
B1730224509890N00555512EA023290252635
B1730234509894N00555510EA023300252772
B1730244509898N00555508EA023310252981
B1730254509902N00555507EA023330253190
B1730264509907N00555506EA023350253213
B1730274509911N00555507EA023360253333
B1730284509915N00555509EA023380253309
B1730294509918N00555513EA023390253398
B1730304509922N00555518EA023390253424
B1730314509924N00555524EA023390253441
B1730324509924N00555530EA023390253386
B1730334509924N00555537EA023380253146
B1730344509923N00555544EA023370253018
B1730354509920N00555552EA023360252880
B1730364509916N00555557EA023350252745
B1730374509911N00555559EA023330252515
B1730384509906N00555558EA023320252503
B1730394509902N00555554EA023310252426
B1730404509899N00555549EA023290252436
B1730414509898N00555544EA023290252421
B1730424509899N00555538EA023300252508
B1730434509901N00555534EA023300252527
B1730444509904N00555532EA023300252451
B1730454509909N00555531EA023300252411
B1730464509913N00555532EA023290252461
B1730474509917N00555535EA023290252464
B1730484509921N00555540EA023290252533
B1730494509923N00555546EA023290252478
B1730504509924N00555554EA023290252372
B1730514509924N00555562EA023280252152
B1730524509922N00555570EA023280252095
B1730534509920N00555578EA023270252033
B1730544509918N00555585EA023260252007
B1730554509916N00555593EA023260251902
B1730564509914N00555601EA023250251931
B1730574509912N00555609EA023250251930
B1730584509909N00555616EA023250251831
B1730594509905N00555622EA023240251857
B1731004509900N00555628EA023240251761
B1731014509894N00555630EA023240251869
B1731024509888N00555632EA023240251992
B1731034509883N00555632EA023250252271
B1731044509879N00555630EA023260252458
B1731054509876N00555628EA023280252607
B1731064509873N00555625EA023300252739
B1731074509871N00555622EA023310252737
B1731084509870N00555618EA023320252758
B1731094509871N00555614EA023330252724
B1731104509873N00555611EA023330252882
B1731114509877N00555610EA023340252985
B1731124509881N00555612EA023340253080
B1731134509885N00555616EA023350253203
B1731144509887N00555623EA023360253200
B1731154509887N00555632EA023370253211
B1731164509885N00555641EA023380253103
B1731174509880N00555649EA023380253280
B1731184509875N00555653EA023390253346
B1731194509870N00555654EA023390253448
B1731204509865N00555653EA023400253654
B1731214509861N00555650EA023410253779
B1731224509858N00555647EA023420253857
B1731234509856N00555644EA023430254013
B1731244509854N00555640EA023450254117
B1731254509853N00555636EA023460254103
B1731264509853N00555632EA023470254210
B1731274509854N00555628EA023470254381
B1731284509857N00555625EA023490254467
B1731294509861N00555624EA023500254719
B1731304509864N00555626EA023520254739
B1731314509866N00555630EA023530254896
B1731324509868N00555636EA023540254846
B1731334509868N00555644EA023530254933
B1731344509866N00555652EA023530254892
B1731354509863N00555660EA023530254973
B1731364509859N00555667EA023530255005
B1731374509853N00555671EA023540255124
B1731384509847N00555673EA023550255280
B1731394509843N00555672EA023550255210
B1731404509839N00555668EA023560255308
B1731414509836N00555664EA023570255403
B1731424509834N00555660EA023590255721
B1731434509833N00555656EA023610256023
B1731444509832N00555653EA023630256293
B1731454509832N00555650EA023650256495
B1731464509833N00555647EA023670256558
B1731474509834N00555645EA023690256587
B1731484509836N00555644EA023700256598
B1731494509839N00555644EA023690256679
B1731504509842N00555646EA023690256679
B1731514509845N00555650EA023690256639
B1731524509847N00555656EA023690256548
B1731534509847N00555665EA023680256572
B1731544509847N00555674EA023680256518
B1731554509844N00555683EA023680256478
B1731564509840N00555692EA023670256421
B1731574509834N00555698EA023680256421
B1731584509827N00555700EA023680256472
B1731594509822N00555700EA023680256523
B1732004509818N00555698EA023690256514
B1732014509816N00555693EA023690256605
B1732024509815N00555687EA023690256609
B1732034509814N00555681EA023700256988
B1732044509814N00555676EA023710257256
B1732054509813N00555672EA023730257647
B1732064509812N00555668EA023760257747
B1732074509810N00555664EA023790257769
B1732084509808N00555661EA023800257730
B1732094509806N00555656EA023810257677
B1732104509807N00555652EA023810257525
B1732114509809N00555649EA023800257498
B1732124509814N00555649EA023790257403
B1732134509818N00555652EA023790257713
B1732144509820N00555657EA023800258077
B1732154509821N00555665EA023810258241
B1732164509821N00555673EA023820258345
B1732174509820N00555682EA023840258308
B1732184509816N00555691EA023850258380
B1732194509811N00555697EA023860258397
B1732204509806N00555700EA023860258217
B1732214509800N00555700EA023850258159
B1732224509796N00555697EA023850258155
B1732234509793N00555692EA023850258289
B1732244509792N00555687EA023850258417
B1732254509790N00555683EA023860258452
B1732264509789N00555679EA023860258432
B1732274509788N00555675EA023870258343
B1732284509787N00555670EA023860258398
B1732294509788N00555666EA023860258246
B1732304509789N00555663EA023860258286
B1732314509792N00555661EA023850258223
B1732324509795N00555661EA023850258182
B1732334509800N00555663EA023850258028
B1732344509803N00555669EA023840258020
B1732354509805N00555676EA023830258027
B1732364509805N00555685EA023830257933
B1732374509803N00555694EA023820257959
B1732384509799N00555703EA023820257859
B1732394509793N00555709EA023820257959
B1732404509786N00555711EA023820258179
B1732414509780N00555711EA023840258380
B1732424509776N00555708EA023850258463
B1732434509773N00555704EA023870258683
B1732444509772N00555699EA023880258608
B1732454509771N00555695EA023890258718
B1732464509770N00555692EA023910258850
B1732474509770N00555688EA023920258819
B1732484509770N00555686EA023920258810
B1732494509770N00555683EA023910258760
B1732504509771N00555680EA023910258673
B1732514509774N00555678EA023900258535
B1732524509777N00555678EA023880258498
B1732534509781N00555681EA023870258475
B1732544509784N00555686EA023860258370
B1732554509787N00555692EA023850258327
B1732564509788N00555701EA023850258242
B1732574509787N00555710EA023850258234
B1732584509783N00555719EA023850258279
B1732594509778N00555727EA023850258315
B1733004509771N00555730EA023860258575
B1733014509766N00555730EA023870258606
B1733024509760N00555727EA023880258784
B1733034509757N00555723EA023890258931
B1733044509755N00555719EA023900259176
B1733054509755N00555717EA023920259172
B1733064509756N00555714EA023920258968
B1733074509757N00555711EA023920258883
B1733084509759N00555707EA023910258806
B1733094509760N00555704EA023900258850
B1733104509762N00555701EA023900258860
B1733114509764N00555698EA023900258843
B1733124509766N00555695EA023900258809
B1733134509767N00555693EA023900258832
B1733144509768N00555690EA023900258756
B1733154509770N00555688EA023890258520
B1733164509772N00555686EA023880258474
B1733174509776N00555686EA023870258324
B1733184509780N00555688EA023860258355
B1733194509784N00555692EA023850258236
B1733204509787N00555698EA023840258132
B1733214509789N00555705EA023830258162
B1733224509791N00555712EA023820258085
B1733234509794N00555719EA023810257915
B1733244509796N00555725EA023810257974
B1733254509800N00555730EA023810257920
B1733264509804N00555732EA023810257907
B1733274509807N00555734EA023810257885
B1733284509811N00555735EA023800257726
B1733294509814N00555735EA023800257745
B1733304509816N00555735EA023790257692
B1733314509819N00555734EA023790257531
B1733324509821N00555731EA023780257424
B1733334509822N00555727EA023770257350
B1733344509823N00555721EA023760257419
B1733354509823N00555716EA023760257432
B1733364509823N00555711EA023760257500
B1733374509822N00555705EA023770257528
B1733384509820N00555700EA023770257585
B1733394509819N00555695EA023780257520
B1733404509817N00555689EA023780257574
B1733414509816N00555684EA023780257454
B1733424509815N00555679EA023780257353
B1733434509814N00555674EA023770257273
B1733444509814N00555668EA023770257128
B1733454509814N00555663EA023760256913
B1733464509814N00555658EA023750256821
B1733474509814N00555653EA023730256730
B1733484509814N00555647EA023720256539
B1733494509814N00555642EA023710256437
B1733504509814N00555637EA023690256292
B1733514509816N00555631EA023670256136
B1733524509818N00555627EA023660256056
B1733534509822N00555625EA023640255918
B1733544509826N00555627EA023630255923
B1733554509829N00555630EA023630255968
B1733564509831N00555636EA023630256084
B1733574509832N00555643EA023640256065
B1733584509832N00555650EA023640256018
B1733594509830N00555658EA023650256101
B1734004509826N00555665EA023650256150
B1734014509821N00555670EA023650256190
B1734024509816N00555672EA023650256067
B1734034509810N00555672EA023640255994
B1734044509805N00555669EA023640255774
B1734054509803N00555664EA023630255617
B1734064509802N00555659EA023610255451
B1734074509804N00555654EA023600255322
B1734084509806N00555649EA023580255296
B1734094509810N00555646EA023560255212
B1734104509813N00555643EA023550255245
B1734114509816N00555641EA023550255289
B1734124509820N00555642EA023550255232
B1734134509823N00555643EA023550255187
B1734144509827N00555647EA023540254934
B1734154509830N00555652EA023540254845
B1734164509832N00555658EA023530254896
B1734174509835N00555664EA023520254950
B1734184509838N00555668EA023520255035
B1734194509841N00555673EA023530255050
B1734204509844N00555677EA023530254959
B1734214509847N00555683EA023530255070
B1734224509851N00555688EA023530255013
B1734234509854N00555693EA023530255158
B1734244509857N00555699EA023540255276
B1734254509861N00555705EA023550255324
B1734264509864N00555710EA023560255639
B1734274509866N00555716EA023570255764
B1734284509868N00555721EA023590255568
B1734294509870N00555727EA023590255394
B1734304509873N00555734EA023580255081
B1734314509876N00555742EA023560254960
B1734324509878N00555749EA023550255061
B1734334509880N00555755EA023540255056
B1734344509882N00555761EA023540255076
B1734354509885N00555767EA023540254939
B1734364509888N00555774EA023530254916
B1734374509891N00555781EA023530255054
B1734384509895N00555788EA023530255115
B1734394509898N00555795EA023540255349
B1734404509901N00555803EA023550255554
B1734414509904N00555810EA023560255764
B1734424509907N00555817EA023580255890
B1734434509911N00555824EA023600255951
B1734444509915N00555831EA023610255958
B1734454509919N00555839EA023620255888
B1734464509924N00555847EA023620255814
B1734474509928N00555854EA023610255715
B1734484509932N00555861EA023610255604
B1734494509936N00555868EA023600255407
B1734504509940N00555876EA023590255207
B1734514509944N00555885EA023570255023
B1734524509948N00555894EA023550254914
B1734534509951N00555903EA023530254892
B1734544509955N00555911EA023520254879
B1734554509959N00555920EA023510254846
B1734564509962N00555929EA023510254859
B1734574509964N00555939EA023520254891
B1734584509967N00555948EA023520254814
B1734594509970N00555957EA023520254728
B1735004509973N00555967EA023510254673
B1735014509976N00555977EA023510254502
B1735024509976N00555987EA023500254497
B1735034509976N00555998EA023480254379
B1735044509977N00556009EA023470254219
B1735054509978N00556019EA023470254246
B1735064509980N00556029EA023460254131
B1735074509983N00556038EA023440253925
B1735084509986N00556048EA023430253968
B1735094509990N00556059EA023420254022
B1735104509993N00556068EA023430254252
B1735114509996N00556076EA023440254343
B1735124509999N00556083EA023450254209
B1735134510001N00556091EA023450254189
B1735144510005N00556100EA023450253911
B1735154510009N00556108EA023440253833
B1735164510013N00556116EA023430253761
B1735174510017N00556123EA023420253778
B1735184510021N00556131EA023420253857
B1735194510025N00556139EA023420253818
B1735204510028N00556147EA023420253898
B1735214510032N00556155EA023420253859
B1735224510035N00556163EA023420253986
B1735234510039N00556171EA023420253913
B1735244510042N00556179EA023430253922
B1735254510045N00556186EA023420253768
B1735264510049N00556194EA023420253630
B1735274510053N00556200EA023410253516
B1735284510056N00556206EA023400253439
B1735294510059N00556212EA023390253379
B1735304510063N00556219EA023380253133
B1735314510067N00556226EA023360252830
B1735324510071N00556233EA023340252771
B1735334510076N00556240EA023320252634
B1735344510080N00556247EA023300252583
B1735354510085N00556253EA023290252557
B1735364510089N00556259EA023280252588
B1735374510093N00556266EA023280252491
B1735384510098N00556272EA023280252308
B1735394510102N00556279EA023270252217
B1735404510106N00556286EA023260252027
B1735414510110N00556293EA023250251949
B1735424510114N00556301EA023240251864
B1735434510118N00556308EA023230251958
B1735444510122N00556316EA023230252034
B1735454510125N00556323EA023240252178
B1735464510128N00556330EA023250252387
B1735474510131N00556336EA023260252498
B1735484510135N00556342EA023270252443
B1735494510139N00556347EA023280252301
B1735504510143N00556352EA023280252200
B1735514510147N00556356EA023270252208
B1735524510150N00556361EA023270252136
B1735534510153N00556365EA023260252113
B1735544510156N00556368EA023250251912
B1735554510159N00556371EA023240251680
B1735564510164N00556374EA023220251344
B1735574510169N00556378EA023200251217
B1735584510173N00556384EA023180251230
B1735594510176N00556389EA023170251314
B1736004510178N00556394EA023170251367
B1736014510181N00556399EA023170251136
B1736024510184N00556405EA023160250971
B1736034510187N00556411EA023150250875
B1736044510190N00556418EA023140250823
B1736054510192N00556424EA023130250844
B1736064510194N00556430EA023120250763
B1736074510197N00556435EA023110250516
B1736084510200N00556441EA023100250312
B1736094510202N00556447EA023090250295
B1736104510205N00556454EA023070250172
B1736114510208N00556460EA023060250186
B1736124510212N00556466EA023050250050
B1736134510216N00556470EA023050250039
B1736144510220N00556475EA023050250054
B1736154510224N00556480EA023050250130
B1736164510227N00556484EA023050250197
B1736174510231N00556489EA023060250150
B1736184510235N00556492EA023060250219
B1736194510238N00556496EA023070250278
B1736204510242N00556501EA023070250172
B1736214510246N00556505EA023070250167
B1736224510250N00556510EA023060250162
B1736234510254N00556514EA023060250154
B1736244510258N00556518EA023060250162
B1736254510262N00556522EA023060250154
B1736264510266N00556527EA023060250140
B1736274510270N00556531EA023060250145
B1736284510274N00556534EA023060250068
B1736294510279N00556536EA023050249824
B1736304510283N00556537EA023040249794
B1736314510288N00556538EA023030249671
B1736324510293N00556538EA023020249622
B1736334510297N00556537EA023010249617
B1736344510300N00556536EA023010249594
B1736354510304N00556535EA023000249592
B1736364510308N00556534EA023000249572
B1736374510312N00556533EA023000249471
B1736384510317N00556532EA023000249311
B1736394510321N00556531EA023000249352
B1736404510325N00556530EA022990249383
B1736414510329N00556529EA022990249392
B1736424510333N00556528EA022990249494
B1736434510338N00556527EA022990249316
B1736444510342N00556527EA022990249360
B1736454510346N00556526EA022990249372
B1736464510350N00556524EA022990249348
B1736474510354N00556523EA022990249333
B1736484510358N00556521EA022990249317
B1736494510361N00556520EA022990249382
B1736504510365N00556519EA022990249240
B1736514510369N00556518EA022990249161
B1736524510374N00556517EA022980249016
B1736534510378N00556517EA022970248978
B1736544510382N00556518EA022970249073
B1736554510386N00556518EA022960248936
B1736564510390N00556517EA022950248719
B1736574510394N00556516EA022940248437
B1736584510398N00556515EA022920248263
B1736594510402N00556514EA022900248152
B1737004510406N00556513EA022880247973
B1737014510411N00556512EA022870247818
B1737024510415N00556512EA022850247664
B1737034510420N00556512EA022830247545
B1737044510425N00556513EA022810247401
B1737054510429N00556513EA022810247328
B1737064510433N00556514EA022800247140
B1737074510437N00556513EA022780246888
B1737084510442N00556513EA022770246676
B1737094510447N00556513EA022740246483
B1737104510452N00556512EA022720246355
B1737114510456N00556511EA022710246354
B1737124510460N00556510EA022700246352
B1737134510464N00556509EA022700246242
B1737144510468N00556508EA022700246154
B1737154510473N00556508EA022690246021
B1737164510477N00556507EA022690246079
B1737174510482N00556508EA022680246110
B1737184510486N00556508EA022690246151
B1737194510491N00556507EA022690246306
B1737204510495N00556506EA022700246647
B1737214510499N00556506EA022720246854
B1737224510503N00556506EA022740247097
B1737234510508N00556507EA022760247277
B1737244510514N00556509EA022790247400
B1737254510519N00556509EA022810247677
B1737264510524N00556509EA022830247770
B1737274510529N00556507EA022850247814
B1737284510532N00556505EA022870247988
B1737294510536N00556504EA022880247925
B1737304510539N00556503EA022880247955
B1737314510542N00556502EA022870247882
B1737324510545N00556498EA022870247857
B1737334510546N00556493EA022860247823
B1737344510545N00556487EA022860247849
B1737354510542N00556482EA022860247968
B1737364510538N00556479EA022870248080
B1737374510533N00556476EA022870248275
B1737384510528N00556475EA022890248597
B1737394510524N00556475EA022910248738
B1737404510520N00556476EA022930248905
B1737414510516N00556477EA022940248900
B1737424510511N00556476EA022960248981
B1737434510508N00556472EA022970248914
B1737444510505N00556467EA022980249052
B1737454510505N00556462EA022980249225
B1737464510507N00556459EA022990249411
B1737474510510N00556458EA023000249483
B1737484510514N00556461EA023010249345
B1737494510516N00556468EA023010249268
B1737504510516N00556477EA023010249246
B1737514510513N00556483EA023010249588
B1737524510510N00556487EA023020249669
B1737534510506N00556491EA023030249798
B1737544510502N00556495EA023040249732
B1737554510497N00556496EA023040249607
B1737564510491N00556495EA023040249670
B1737574510487N00556490EA023040249619
B1737584510484N00556486EA023040249761
B1737594510483N00556481EA023040249995
B1738004510485N00556477EA023050249932
B1738014510488N00556475EA023050249920
B1738024510491N00556474EA023060250079
B1738034510495N00556477EA023060250154
B1738044510497N00556482EA023070250291
B1738054510499N00556488EA023080250234
B1738064510498N00556496EA023080250191
B1738074510496N00556504EA023080250153
B1738084510492N00556511EA023090250143
B1738094510486N00556513EA023090250227
B1738104510480N00556512EA023090250325
B1738114510476N00556509EA023100250303
B1738124510473N00556503EA023100250489
B1738134510473N00556498EA023100250446
B1738144510474N00556494EA023110250441
B1738154510475N00556490EA023110250482
B1738164510477N00556486EA023110250548
B1738174510479N00556484EA023120250540
B1738184510481N00556481EA023120250567
B1738194510484N00556480EA023120250546
B1738204510487N00556481EA023130250562
B1738214510490N00556485EA023120250490
B1738224510492N00556492EA023120250286
B1738234510492N00556502EA023110250001
B1738244510487N00556510EA023100250149
B1738254510480N00556515EA023090250170
B1738264510474N00556515EA023100250290
B1738274510470N00556512EA023100250406
B1738284510466N00556508EA023100250332
B1738294510464N00556503EA023110250341
B1738304510463N00556498EA023110250451
B1738314510463N00556493EA023120250510
B1738324510462N00556488EA023120250756
B1738334510462N00556485EA023130250702
B1738344510461N00556481EA023130250556
B1738354510461N00556477EA023130250442
B1738364510462N00556472EA023120250374
B1738374510465N00556469EA023110250399
B1738384510470N00556469EA023100250109
B1738394510474N00556471EA023090250167
B1738404510478N00556476EA023080250026
B1738414510480N00556483EA023070250071
B1738424510481N00556490EA023060250063
B1738434510482N00556497EA023060250176
B1738444510483N00556504EA023070250188
B1738454510484N00556511EA023070250168
B1738464510485N00556519EA023070250021
B1738474510485N00556526EA023070250084
B1738484510486N00556533EA023060249937
B1738494510487N00556540EA023060249939
B1738504510487N00556548EA023060249971
B1738514510486N00556555EA023060249935
B1738524510483N00556562EA023060249827
B1738534510478N00556568EA023060249734
B1738544510472N00556571EA023050249626
B1738554510466N00556571EA023050249726
B1738564510461N00556568EA023050249749
B1738574510458N00556564EA023050249836
B1738584510457N00556560EA023050249915
B1738594510457N00556557EA023060250020
B1739004510458N00556553EA023070249969
B1739014510460N00556551EA023070249955
B1739024510462N00556549EA023070250063
B1739034510465N00556548EA023070249944
B1739044510468N00556549EA023070249853
B1739054510471N00556552EA023060249766
B1739064510474N00556557EA023050249578
B1739074510476N00556564EA023040249323
B1739084510476N00556572EA023020249179
B1739094510475N00556582EA023000249071
B1739104510473N00556591EA022980248982
B1739114510471N00556599EA022970249079
B1739124510470N00556609EA022960248940
B1739134510470N00556618EA022960248941
B1739144510471N00556627EA022960248923
B1739154510472N00556636EA022960248930
B1739164510474N00556644EA022960248900
B1739174510475N00556651EA022960248995
B1739184510477N00556658EA022970248960
B1739194510479N00556665EA022970248921
B1739204510480N00556672EA022970248934
B1739214510480N00556680EA022970248984
B1739224510480N00556688EA022970249091
B1739234510480N00556696EA022970249092
B1739244510480N00556704EA022970249055
B1739254510479N00556712EA022980249155
B1739264510478N00556720EA022980249133
B1739274510477N00556727EA022980249018
B1739284510476N00556736EA022980249051
B1739294510476N00556745EA022980249051
B1739304510476N00556753EA022980249088
B1739314510476N00556762EA022980249179
B1739324510476N00556771EA022980249137
B1739334510475N00556779EA022980249147
B1739344510473N00556787EA022980249184
B1739354510471N00556795EA022980249186
B1739364510468N00556803EA022980249196
B1739374510465N00556811EA022990249381
B1739384510462N00556818EA022990249540
B1739394510459N00556824EA023000249601
B1739404510455N00556830EA023010249761
B1739414510451N00556835EA023030249898
B1739424510447N00556841EA023040249984
B1739434510443N00556846EA023050250066
B1739444510439N00556851EA023060250130
B1739454510435N00556854EA023070250212
B1739464510430N00556857EA023080250276
B1739474510425N00556860EA023090250378
B1739484510420N00556863EA023100250460
B1739494510415N00556865EA023110250671
B1739504510410N00556866EA023120250988
B1739514510406N00556868EA023140251103
B1739524510401N00556869EA023160251211
B1739534510396N00556870EA023180251300
B1739544510390N00556871EA023200251383
B1739554510385N00556872EA023210251448
B1739564510380N00556873EA023210251519
B1739574510375N00556874EA023210251515
B1739584510370N00556874EA023220251606
B1739594510365N00556874EA023220251713
B1740004510360N00556874EA023230251831
B1740014510355N00556874EA023240251873
B1740024510351N00556874EA023240251835
B1740034510346N00556874EA023240251796
B1740044510342N00556874EA023240251735
B1740054510337N00556874EA023240251689
B1740064510333N00556876EA023230251500
B1740074510328N00556878EA023230251502
B1740084510322N00556880EA023220251592
B1740094510318N00556881EA023220251603
B1740104510313N00556881EA023230251754
B1740114510309N00556880EA023230251634
B1740124510304N00556878EA023230251597
B1740134510300N00556876EA023230251538
B1740144510295N00556875EA023230251690
B1740154510291N00556873EA023230251783
B1740164510288N00556872EA023230251710
B1740174510284N00556870EA023240251826
B1740184510280N00556869EA023250251722
B1740194510276N00556867EA023250251762
B1740204510272N00556864EA023260251776
B1740214510269N00556861EA023260251809
B1740224510265N00556858EA023270251968
B1740234510262N00556855EA023270252136
B1740244510259N00556852EA023280252309
B1740254510255N00556850EA023300252348
B1740264510251N00556848EA023300252497
B1740274510247N00556846EA023310252391
B1740284510243N00556842EA023310252388
B1740294510239N00556839EA023310252436
B1740304510234N00556837EA023310252512
B1740314510229N00556835EA023320252713
B1740324510225N00556833EA023330252807
B1740334510222N00556830EA023330252819
B1740344510220N00556826EA023340252768
B1740354510222N00556822EA023330252500
B1740364510225N00556820EA023320252472
B1740374510230N00556822EA023320252537
B1740384510233N00556827EA023320252613
B1740394510235N00556832EA023320252871
B1740404510238N00556836EA023330253011
B1740414510240N00556839EA023340253245
B1740424510243N00556843EA023360253303
B1740434510245N00556846EA023370253479
B1740444510248N00556851EA023390253620
B1740454510250N00556855EA023410253776
B1740464510253N00556859EA023420253918
B1740474510255N00556864EA023430253955
B1740484510257N00556868EA023440253979
B1740494510260N00556873EA023440253962
B1740504510264N00556877EA023430253958
B1740514510268N00556881EA023440254079
B1740524510272N00556885EA023440254265
B1740534510276N00556888EA023450254303
B1740544510279N00556890EA023460254345
B1740554510283N00556892EA023470254305
B1740564510287N00556894EA023470254303
B1740574510290N00556896EA023480254492
B1740584510295N00556898EA023490254610
B1740594510299N00556900EA023510254847
B1741004510303N00556904EA023530255043
B1741014510307N00556908EA023540255327
B1741024510310N00556912EA023570255577
B1741034510314N00556916EA023590255734
B1741044510317N00556920EA023610255880
B1741054510321N00556924EA023630255814
B1741064510325N00556928EA023630255849
B1741074510330N00556931EA023630255824
B1741084510334N00556930EA023630255888
B1741094510337N00556927EA023630255895
B1741104510338N00556922EA023630255753
B1741114510335N00556916EA023620255793
B1741124510331N00556914EA023620255754
B1741134510326N00556914EA023620255926
B1741144510321N00556916EA023630256227
B1741154510317N00556918EA023650256522
B1741164510313N00556919EA023670256523
B1741174510309N00556919EA023690256635
B1741184510304N00556918EA023700256795
B1741194510299N00556917EA023720256994
B1741204510295N00556915EA023730257175
B1741214510292N00556912EA023750257436
B1741224510288N00556910EA023770257691
B1741234510285N00556908EA023790257644
B1741244510282N00556906EA023810257607
B1741254510278N00556904EA023800257518
B1741264510274N00556901EA023800257448
B1741274510271N00556897EA023790257495
B1741284510271N00556892EA023780257385
B1741294510274N00556887EA023770257239
B1741304510278N00556884EA023760257158
B1741314510283N00556886EA023750257172
B1741324510288N00556890EA023750257100
B1741334510291N00556896EA023750257231
B1741344510294N00556901EA023750257307
B1741354510296N00556906EA023760257488
B1741364510299N00556911EA023760257387
B1741374510303N00556917EA023760257342
B1741384510307N00556922EA023770257458
B1741394510311N00556928EA023770257665
B1741404510315N00556933EA023780257915
B1741414510318N00556937EA023800258160
B1741424510322N00556938EA023820258359
B1741434510326N00556939EA023840258479
B1741444510330N00556939EA023860258586
B1741454510334N00556936EA023870258817
B1741464510335N00556932EA023900259155
B1741474510334N00556928EA023920259243
B1741484510330N00556925EA023940259232
B1741494510324N00556925EA023950259417
B1741504510319N00556929EA023970259697
B1741514510316N00556934EA023990259812
B1741524510313N00556936EA024010259901
B1741534510309N00556935EA024020259955
B1741544510306N00556931EA024020259706
B1741554510304N00556926EA024010259762
B1741564510307N00556921EA024010259646
B1741574510313N00556919EA024000259513
B1741584510319N00556922EA023990259527
B1741594510323N00556929EA023980259684
B1742004510326N00556938EA023980260051
B1742014510328N00556944EA024000260448
B1742024510330N00556950EA024020260681
B1742034510334N00556954EA024040260763
B1742044510339N00556958EA024060260712
B1742054510343N00556960EA024080260892
B1742064510348N00556958EA024100261033
B1742074510350N00556953EA024110261014
B1742084510347N00556947EA024120260927
B1742094510342N00556944EA024110261056
B1742104510335N00556946EA024110261261
B1742114510330N00556949EA024120261520
B1742124510325N00556952EA024140261871
B1742134510321N00556954EA024160261972
B1742144510317N00556955EA024180262059
B1742154510313N00556956EA024200262037
B1742164510309N00556956EA024210262053
B1742174510305N00556954EA024230262188
B1742184510302N00556952EA024230262290
B1742194510301N00556948EA024230262307
B1742204510299N00556945EA024240262390
B1742214510300N00556941EA024240262301
B1742224510301N00556936EA024240262327
B1742234510304N00556933EA024240262335
B1742244510308N00556931EA024240262467
B1742254510313N00556932EA024240262638
B1742264510317N00556935EA024250262737
B1742274510320N00556940EA024260262946
B1742284510322N00556947EA024270263081
B1742294510324N00556954EA024280263164
B1742304510326N00556961EA024300263352
B1742314510328N00556966EA024320263578
B1742324510331N00556970EA024340263664
B1742334510335N00556971EA024350263765
B1742344510339N00556970EA024370263840
B1742354510341N00556965EA024380263865
B1742364510341N00556960EA024380263817
B1742374510338N00556955EA024380263802
B1742384510332N00556953EA024380263906
B1742394510326N00556955EA024380264200
B1742404510321N00556958EA024390264439
B1742414510317N00556962EA024410264658
B1742424510313N00556965EA024430264837
B1742434510308N00556967EA024450264794
B1742444510303N00556968EA024460264790
B1742454510299N00556966EA024470264807
B1742464510295N00556962EA024480264886
B1742474510294N00556957EA024490264951
B1742484510296N00556951EA024480264929
B1742494510301N00556949EA024480264931
B1742504510307N00556951EA024480265158
B1742514510311N00556957EA024490265410
B1742524510313N00556962EA024500265658
B1742534510315N00556967EA024520265832
B1742544510317N00556971EA024540265871
B1742554510321N00556974EA024550265834
B1742564510325N00556977EA024560265880
B1742574510329N00556977EA024570266073
B1742584510332N00556974EA024580266062
B1742594510333N00556968EA024580265935
B1743004510331N00556963EA024580265800
B1743014510326N00556959EA024570265940
B1743024510320N00556958EA024570265994
B1743034510314N00556960EA024580266182
B1743044510309N00556963EA024580266354
B1743054510304N00556966EA024590266563
B1743064510300N00556968EA024610266622
B1743074510295N00556968EA024620266747
B1743084510290N00556966EA024630266798
B1743094510287N00556962EA024640266808
B1743104510284N00556957EA024660267076
B1743114510284N00556952EA024670267111
B1743124510285N00556946EA024690267348
B1743134510289N00556943EA024700267306
B1743144510294N00556943EA024710267411
B1743154510299N00556947EA024720267450
B1743164510302N00556953EA024720267619
B1743174510302N00556962EA024730267783
B1743184510300N00556970EA024740267738
B1743194510295N00556976EA024740267669
B1743204510289N00556979EA024740267749
B1743214510283N00556980EA024750268041
B1743224510278N00556978EA024760268392
B1743234510275N00556975EA024770268570
B1743244510273N00556971EA024790268540
B1743254510271N00556967EA024800268552
B1743264510269N00556963EA024810268547
B1743274510267N00556960EA024820268521
B1743284510266N00556956EA024820268425
B1743294510267N00556952EA024810268330
B1743304510270N00556948EA024800268213
B1743314510274N00556946EA024790268180
B1743324510280N00556946EA024790268115
B1743334510284N00556950EA024780268236
B1743344510287N00556958EA024780268313
B1743354510287N00556967EA024790268410
B1743364510284N00556975EA024800268563
B1743374510280N00556981EA024810268551
B1743384510275N00556984EA024820268530
B1743394510269N00556984EA024820268596
B1743404510265N00556983EA024820268530
B1743414510261N00556980EA024820268652
B1743424510259N00556977EA024820268620
B1743434510257N00556973EA024820268586
B1743444510258N00556968EA024820268319
B1743454510259N00556963EA024810268199
B1743464510263N00556960EA024800268177
B1743474510268N00556961EA024790268252
B1743484510272N00556964EA024790268373
B1743494510276N00556969EA024800268411
B1743504510278N00556975EA024800268572
B1743514510280N00556981EA024810268677
B1743524510282N00556988EA024820268722
B1743534510283N00556994EA024830268894
B1743544510285N00557000EA024840268988
B1743554510288N00557007EA024850269122
B1743564510290N00557012EA024860269387
B1743574510294N00557017EA024880269401
B1743584510297N00557020EA024890269470
B1743594510301N00557021EA024900269529
B1744004510304N00557021EA024900269527
B1744014510306N00557019EA024910269588
B1744024510308N00557014EA024910269549
B1744034510308N00557009EA024900269413
B1744044510305N00557003EA024900269459
B1744054510300N00557000EA024900269590
B1744064510294N00556998EA024900269599
B1744074510289N00557000EA024910269653
B1744084510285N00556999EA024910269650
B1744094510282N00556995EA024910269326
B1744104510280N00556990EA024910269191
B1744114510282N00556984EA024900269181
B1744124510287N00556981EA024900269221
B1744134510291N00556982EA024900269397
B1744144510295N00556987EA024890269348
B1744154510297N00556995EA024890269460
B1744164510298N00557002EA024890269422
B1744174510298N00557009EA024900269427
B1744184510298N00557016EA024900269429
B1744194510299N00557023EA024900269409
B1744204510301N00557030EA024900269425
B1744214510304N00557035EA024900269388
B1744224510308N00557038EA024900269392
B1744234510313N00557038EA024900269448
B1744244510318N00557039EA024900269512
B1744254510322N00557040EA024910269862
B1744264510327N00557042EA024920270046
B1744274510332N00557045EA024940270237
B1744284510337N00557048EA024960270546
B1744294510343N00557050EA024980270808
B1744304510348N00557051EA025000271169
B1744314510354N00557052EA025030271419
B1744324510358N00557054EA025060271782
B1744334510362N00557055EA025090272072
B1744344510366N00557056EA025130272172
B1744354510370N00557057EA025150272270
B1744364510374N00557057EA025160272292
B1744374510378N00557055EA025160272246
B1744384510380N00557051EA025160272034
B1744394510379N00557045EA025150271716
B1744404510375N00557040EA025130271541
B1744414510369N00557039EA025120271556
B1744424510363N00557043EA025100271512
B1744434510358N00557050EA025100271689
B1744444510357N00557060EA025090271618
B1744454510359N00557069EA025100271637
B1744464510363N00557076EA025100271652
B1744474510368N00557078EA025110271604
B1744484510371N00557076EA025110271692
B1744494510373N00557070EA025110271649
B1744504510372N00557065EA025110271555
B1744514510370N00557060EA025110271612
B1744524510366N00557056EA025110271798
B1744534510363N00557054EA025110271772
B1744544510360N00557052EA025110271842
B1744554510356N00557051EA025120271885
B1744564510351N00557052EA025120271796
B1744574510347N00557055EA025120271811
B1744584510342N00557059EA025120271880
B1744594510339N00557065EA025120271903
B1745004510336N00557073EA025130272059
B1745014510336N00557082EA025140272157
B1745024510339N00557090EA025150272218
B1745034510343N00557095EA025150272379
B1745044510348N00557097EA025160272438
B1745054510352N00557096EA025170272428
B1745064510355N00557094EA025180272425
B1745074510357N00557091EA025180272356
B1745084510359N00557087EA025170272316
B1745094510359N00557082EA025170272256
B1745104510357N00557077EA025170272295
B1745114510355N00557072EA025160272284
B1745124510352N00557068EA025160272267
B1745134510348N00557066EA025160272254
B1745144510343N00557065EA025160272290
B1745154510338N00557064EA025160272373
B1745164510333N00557062EA025160272352
B1745174510329N00557058EA025170272426
B1745184510325N00557054EA025180272674
B1745194510323N00557049EA025190272945
B1745204510322N00557044EA025210273189
B1745214510324N00557041EA025230273314
B1745224510326N00557039EA025250273473
B1745234510329N00557038EA025270273497
B1745244510334N00557039EA025280273429
B1745254510338N00557044EA025280273391
B1745264510341N00557052EA025280273390
B1745274510342N00557061EA025270273238
B1745284510338N00557070EA025270273037
B1745294510332N00557073EA025260272824
B1745304510325N00557071EA025240272850
B1745314510320N00557066EA025230272951
B1745324510316N00557061EA025230273180
B1745334510313N00557057EA025250273637
B1745344510309N00557056EA025270274083
B1745354510306N00557055EA025300274269
B1745364510303N00557055EA025330274371
B1745374510300N00557053EA025350274343
B1745384510296N00557050EA025370274344
B1745394510293N00557046EA025370274359
B1745404510293N00557042EA025360274247
B1745414510296N00557039EA025350273910
B1745424510300N00557039EA025350273991
B1745434510305N00557043EA025340274072
B1745444510308N00557049EA025350274348
B1745454510308N00557057EA025360274558
B1745464510307N00557066EA025370274713
B1745474510303N00557073EA025390275046
B1745484510298N00557077EA025410275288
B1745494510294N00557078EA025440275464
B1745504510290N00557076EA025460275645
B1745514510286N00557073EA025480275797
B1745524510284N00557070EA025500275940
B1745534510282N00557066EA025520275981
B1745544510281N00557062EA025520275983
B1745554510282N00557059EA025520275820
B1745564510283N00557055EA025510275698
B1745574510287N00557053EA025490275406
B1745584510291N00557052EA025480275412
B1745594510295N00557053EA025470275552
B1746004510298N00557057EA025480275775
B1746014510301N00557063EA025490275963
B1746024510303N00557070EA025500276106
B1746034510303N00557077EA025520276306
B1746044510301N00557084EA025530276558
B1746054510298N00557091EA025550276613
B1746064510293N00557096EA025580276982
B1746074510288N00557099EA025600277290
B1746084510284N00557100EA025630277512
B1746094510279N00557100EA025660277847
B1746104510275N00557100EA025690278003
B1746114510270N00557098EA025710278095
B1746124510267N00557096EA025720277954
B1746134510265N00557093EA025710277845
B1746144510265N00557089EA025700277533
B1746154510267N00557084EA025680277267
B1746164510271N00557080EA025650277088
B1746174510276N00557077EA025630277154
B1746184510280N00557074EA025620277219
B1746194510283N00557072EA025620277318
B1746204510285N00557070EA025620277376
B1746214510288N00557068EA025620277231
B1746224510290N00557065EA025620277270
B1746234510292N00557061EA025630277393
B1746244510294N00557057EA025630277370
B1746254510296N00557052EA025640277434
B1746264510298N00557048EA025640277465
B1746274510301N00557046EA025650277492
B1746284510306N00557044EA025650277459
B1746294510311N00557044EA025660277644
B1746304510315N00557044EA025670277871
B1746314510319N00557043EA025680277832
B1746324510322N00557040EA025700277856
B1746334510325N00557036EA025700277750
B1746344510327N00557029EA025710277839
B1746354510326N00557024EA025710277860
B1746364510324N00557020EA025700277810
B1746374510319N00557019EA025700277644
B1746384510314N00557021EA025690277538
B1746394510309N00557026EA025680277563
B1746404510305N00557032EA025670277679
B1746414510302N00557039EA025670277924
B1746424510299N00557045EA025680278108
B1746434510296N00557051EA025700278445
B1746444510294N00557057EA025720278508
B1746454510291N00557064EA025740278672
B1746464510289N00557070EA025750278777
B1746474510287N00557078EA025770278992
B1746484510286N00557086EA025790279031
B1746494510285N00557094EA025810279223
B1746504510284N00557102EA025820279425
B1746514510283N00557110EA025840279630
B1746524510282N00557117EA025860279945
B1746534510281N00557125EA025880280040
B1746544510280N00557132EA025900280122
B1746554510278N00557138EA025920280276
B1746564510277N00557145EA025920280236
B1746574510275N00557153EA025920280286
B1746584510273N00557162EA025920280361
B1746594510271N00557170EA025920280562
B1747004510270N00557178EA025930280740
B1747014510269N00557185EA025940280982
B1747024510270N00557191EA025960281015
B1747034510270N00557198EA025980281111
B1747044510270N00557205EA025990281314
B1747054510270N00557213EA026010281436
B1747064510270N00557222EA026030281731
B1747074510270N00557229EA026050282019
B1747084510270N00557237EA026080282301
B1747094510270N00557243EA026100282438
B1747104510270N00557250EA026120282595
B1747114510271N00557258EA026140282530
B1747124510271N00557266EA026140282661
B1747134510271N00557274EA026140282775
B1747144510272N00557281EA026140282628
B1747154510272N00557288EA026140282566
B1747164510272N00557296EA026130282380
B1747174510272N00557304EA026120282192
B1747184510273N00557312EA026110282127
B1747194510273N00557321EA026100282170
B1747204510274N00557329EA026090282100
B1747214510274N00557337EA026090282241
B1747224510275N00557345EA026100282521
B1747234510276N00557352EA026120282912
B1747244510277N00557358EA026140283213
B1747254510278N00557363EA026170283527
B1747264510279N00557369EA026190283663
B1747274510280N00557375EA026220283885
B1747284510281N00557382EA026240284077
B1747294510282N00557389EA026260284248
B1747304510283N00557396EA026290284440
B1747314510284N00557401EA026310284632
B1747324510285N00557406EA026340284732
B1747334510286N00557411EA026350284914
B1747344510286N00557417EA026360284990
B1747354510287N00557423EA026360285090
B1747364510288N00557429EA026360285095
B1747374510290N00557436EA026370285300
B1747384510290N00557442EA026380285662
B1747394510291N00557448EA026400285930
B1747404510292N00557453EA026420286103
B1747414510293N00557458EA026450286363
B1747424510296N00557463EA026470286403
B1747434510299N00557467EA026490286648
B1747444510303N00557470EA026520286837
B1747454510307N00557469EA026540287138
B1747464510309N00557465EA026560287266
B1747474510309N00557458EA026580287279
B1747484510306N00557451EA026590287399
B1747494510301N00557448EA026600287670
B1747504510295N00557448EA026610287831
B1747514510289N00557451EA026630287968
B1747524510285N00557459EA026650288130
B1747534510283N00557467EA026660288442
B1747544510284N00557474EA026690288602
B1747554510286N00557480EA026710288803
B1747564510289N00557484EA026730289009
B1747574510292N00557488EA026750289385
B1747584510296N00557490EA026770289674
B1747594510300N00557490EA026800289837
B1748004510304N00557488EA026820290028
B1748014510307N00557485EA026840290256
B1748024510309N00557481EA026860290451
B1748034510308N00557475EA026890290686
B1748044510305N00557470EA026910290775
B1748054510299N00557468EA026930290983
B1748064510293N00557469EA026930290975
B1748074510287N00557473EA026930291085
B1748084510283N00557479EA026940291379
B1748094510280N00557487EA026950291540
B1748104510279N00557494EA026970291711
B1748114510279N00557501EA026990291942
B1748124510281N00557507EA027010292186
B1748134510285N00557511EA027030292235
B1748144510289N00557513EA027050292451
B1748154510292N00557510EA027070292595
B1748164510294N00557505EA027090292668
B1748174510293N00557499EA027100292836
B1748184510289N00557495EA027120293053
B1748194510283N00557494EA027140293183
B1748204510277N00557498EA027150293074
B1748214510272N00557506EA027140293151
B1748224510269N00557515EA027150293438
B1748234510268N00557524EA027160294082
B1748244510270N00557531EA027190294264
B1748254510273N00557536EA027210294485
B1748264510277N00557540EA027230294666
B1748274510281N00557543EA027250294756
B1748284510285N00557544EA027280294953
B1748294510289N00557542EA027300295116
B1748304510292N00557538EA027320295239
B1748314510293N00557533EA027330295352
B1748324510292N00557527EA027350295451
B1748334510289N00557522EA027370295646
B1748344510283N00557520EA027380295890
B1748354510277N00557521EA027400295830
B1748364510271N00557527EA027410296020
B1748374510267N00557535EA027420296214
B1748384510265N00557544EA027430296497
B1748394510267N00557553EA027450296645
B1748404510270N00557560EA027460296942
B1748414510274N00557564EA027480297124
B1748424510277N00557565EA027510297360
B1748434510280N00557563EA027530297492
B1748444510282N00557558EA027550297558
B1748454510282N00557552EA027560297529
B1748464510279N00557547EA027570297624
B1748474510274N00557542EA027570297839
B1748484510268N00557542EA027580298013
B1748494510261N00557545EA027590298307
B1748504510254N00557551EA027600298596
B1748514510250N00557559EA027620298768
B1748524510248N00557568EA027640298864
B1748534510249N00557576EA027660298914
B1748544510251N00557582EA027680299098
B1748554510256N00557586EA027690299062
B1748564510260N00557585EA027700299269
B1748574510263N00557583EA027720299390
B1748584510265N00557578EA027730299522
B1748594510263N00557572EA027750299677
B1749004510259N00557568EA027770299881
B1749014510254N00557565EA027790300245
B1749024510247N00557567EA027810300580
B1749034510241N00557572EA027840300873
B1749044510237N00557579EA027870301095
B1749054510237N00557587EA027890301028
B1749064510238N00557595EA027890301081
B1749074510242N00557600EA027890301033
B1749084510246N00557601EA027890301110
B1749094510249N00557599EA027890301358
B1749104510252N00557597EA027890301539
B1749114510255N00557596EA027910301709
B1749124510257N00557596EA027920301899
B1749134510260N00557596EA027940302097
B1749144510263N00557595EA027950302165
B1749154510266N00557593EA027970302212
B1749164510267N00557589EA027990302465
B1749174510267N00557584EA028010302415
B1749184510263N00557579EA028020302575
B1749194510257N00557577EA028030302481
B1749204510251N00557579EA028030302530
B1749214510245N00557585EA028040302875
B1749224510242N00557593EA028050303108
B1749234510240N00557602EA028070303491
B1749244510240N00557610EA028090303785
B1749254510241N00557618EA028110303963
B1749264510243N00557624EA028140304104
B1749274510245N00557629EA028160304261
B1749284510249N00557632EA028180304340
B1749294510252N00557632EA028190304399
B1749304510256N00557631EA028190304413
B1749314510258N00557627EA028190304649
B1749324510259N00557622EA028200304715
B1749334510257N00557616EA028210304751
B1749344510253N00557611EA028230304840
B1749354510246N00557609EA028240304927
B1749364510239N00557613EA028250304955
B1749374510234N00557621EA028260304973
B1749384510233N00557630EA028270305189
B1749394510236N00557639EA028280305203
B1749404510239N00557643EA028290305489
B1749414510244N00557644EA028300305531
B1749424510248N00557641EA028310305716
B1749434510249N00557636EA028320305722
B1749444510247N00557630EA028330305622
B1749454510242N00557624EA028340305764
B1749464510235N00557623EA028340305862
B1749474510229N00557626EA028340306018
B1749484510224N00557633EA028350306198
B1749494510223N00557642EA028360306233
B1749504510224N00557650EA028370306407
B1749514510226N00557657EA028380306639
B1749524510230N00557662EA028400306929
B1749534510234N00557665EA028410307056
B1749544510238N00557664EA028430307037
B1749554510241N00557661EA028450307287
B1749564510243N00557657EA028460307374
B1749574510244N00557651EA028480307423
B1749584510241N00557644EA028500307576
B1749594510237N00557639EA028520307618
B1750004510230N00557638EA028530307899
B1750014510224N00557641EA028550308099
B1750024510220N00557649EA028560308101
B1750034510217N00557657EA028580308365
B1750044510217N00557666EA028580308474
B1750054510219N00557674EA028590308732
B1750064510221N00557681EA028610309002
B1750074510222N00557687EA028620309127
B1750084510223N00557694EA028640309222
B1750094510224N00557701EA028650309363
B1750104510226N00557709EA028670309581
B1750114510229N00557716EA028680309625
B1750124510231N00557723EA028700309957
B1750134510233N00557730EA028720310171
B1750144510235N00557736EA028740310276
B1750154510237N00557743EA028750310391
B1750164510240N00557750EA028770310333
B1750174510242N00557757EA028780310575
B1750184510245N00557764EA028790310615
B1750194510247N00557771EA028800310873
B1750204510250N00557777EA028810310968
B1750214510253N00557783EA028820311097
B1750224510258N00557789EA028830311000
B1750234510262N00557794EA028830311180
B1750244510268N00557798EA028830311125
B1750254510273N00557802EA028830311299
B1750264510279N00557807EA028840311349
B1750274510284N00557812EA028850311459
B1750284510289N00557817EA028860311697
B1750294510295N00557821EA028870311650
B1750304510301N00557822EA028870311545
B1750314510306N00557823EA028870311593
B1750324510312N00557825EA028870311313
B1750334510317N00557828EA028860311047
B1750344510323N00557832EA028840310713
B1750354510329N00557834EA028820310579
B1750364510336N00557835EA028790310418
B1750374510341N00557837EA028770310480
B1750384510347N00557839EA028750310305
B1750394510352N00557843EA028740310212
B1750404510357N00557847EA028720310032
B1750414510362N00557851EA028710309881
B1750424510368N00557855EA028690309562
B1750434510374N00557859EA028670309367
B1750444510380N00557864EA028650309259
B1750454510386N00557870EA028640309112
B1750464510391N00557875EA028640309044
B1750474510396N00557880EA028630308882
B1750484510402N00557884EA028620308749
B1750494510408N00557890EA028610308524
B1750504510414N00557896EA028600308436
B1750514510420N00557902EA028580308414
B1750524510425N00557907EA028570308462
B1750534510431N00557911EA028560308303
B1750544510436N00557915EA028550308135
B1750554510442N00557920EA028540307810
B1750564510448N00557924EA028520307610
B1750574510454N00557927EA028500307556
B1750584510460N00557931EA028480307475
B1750594510466N00557935EA028470307377
B1751004510472N00557940EA028450307164
B1751014510478N00557945EA028430307011
B1751024510483N00557949EA028420306898
B1751034510489N00557955EA028400306680
B1751044510495N00557960EA028390306588
B1751054510501N00557966EA028380306458
B1751064510507N00557972EA028370306324
B1751074510513N00557977EA028360306118
B1751084510518N00557983EA028350305983
B1751094510524N00557989EA028330305772
B1751104510530N00557995EA028320305580
B1751114510537N00558000EA028300305309
B1751124510543N00558006EA028280305208
B1751134510548N00558013EA028260305090
B1751144510554N00558019EA028240304972
B1751154510560N00558025EA028230304762
B1751164510566N00558031EA028220304661
B1751174510572N00558036EA028220304478
B1751184510578N00558042EA028200304386
B1751194510584N00558048EA028190304182
B1751204510590N00558053EA028180304099
B1751214510597N00558059EA028160303811
B1751224510603N00558064EA028140303633
B1751234510609N00558069EA028130303453
B1751244510616N00558074EA028110303302
B1751254510622N00558079EA028090303154
B1751264510629N00558084EA028070302913
B1751274510635N00558088EA028050302877
B1751284510642N00558092EA028040302709
B1751294510648N00558097EA028040302603
B1751304510654N00558102EA028030302521
B1751314510660N00558107EA028030302442
B1751324510666N00558112EA028020302360
B1751334510673N00558116EA028010302118
B1751344510680N00558121EA027990301910
B1751354510687N00558124EA027980301805
B1751364510693N00558128EA027960301772
B1751374510700N00558132EA027940301607
B1751384510706N00558137EA027930301512
B1751394510712N00558141EA027910301411
B1751404510718N00558144EA027900301237
B1751414510724N00558148EA027880301066
B1751424510730N00558153EA027860300895
B1751434510737N00558159EA027850300720
B1751444510743N00558165EA027830300641
B1751454510749N00558170EA027820300507
B1751464510754N00558176EA027820300451
B1751474510759N00558181EA027820300374
B1751484510765N00558186EA027810300228
B1751494510770N00558192EA027800300068
B1751504510776N00558198EA027790300037
B1751514510781N00558204EA027780299982
B1751524510787N00558209EA027770299841
B1751534510792N00558214EA027750299684
B1751544510798N00558220EA027740299350
B1751554510804N00558225EA027710299169
B1751564510810N00558232EA027690298995
B1751574510817N00558238EA027670298908
B1751584510822N00558244EA027660298898
B1751594510828N00558250EA027650298752
B1752004510834N00558255EA027640298412
B1752014510839N00558260EA027620298191
B1752024510846N00558265EA027600297727
B1752034510852N00558271EA027560297389
B1752044510859N00558277EA027530297158
B1752054510866N00558283EA027500297017
B1752064510872N00558289EA027480296934
B1752074510878N00558294EA027460296839
B1752084510884N00558300EA027450296511
B1752094510890N00558305EA027430296213
B1752104510896N00558311EA027410295951
B1752114510902N00558317EA027380295795
B1752124510909N00558323EA027360295655
B1752134510915N00558328EA027340295654
B1752144510920N00558333EA027340295592
B1752154510925N00558338EA027340295494
B1752164510930N00558344EA027340295284
B1752174510936N00558350EA027320294916
B1752184510941N00558356EA027310294796
B1752194510947N00558362EA027290294588
B1752204510953N00558368EA027270294368
B1752214510959N00558374EA027260294244
B1752224510965N00558378EA027240294158
B1752234510971N00558382EA027220293976
B1752244510977N00558387EA027200293667
B1752254510983N00558394EA027180293450
B1752264510988N00558400EA027150293298
B1752274510994N00558407EA027130293042
B1752284511000N00558412EA027110292828
B1752294511006N00558418EA027100292723
B1752304511011N00558423EA027080292694
B1752314511017N00558428EA027070292460
B1752324511023N00558431EA027070292346
B1752334511029N00558435EA027050292107
B1752344511034N00558441EA027040291920
B1752354511039N00558447EA027020291841
B1752364511044N00558453EA027000291645
B1752374511049N00558459EA026980291535
B1752384511054N00558465EA026970291503
B1752394511058N00558471EA026970291445
B1752404511062N00558477EA026960291368
B1752414511067N00558484EA026960291303
B1752424511071N00558491EA026950291252
B1752434511076N00558498EA026940291315
B1752444511080N00558505EA026950291368
B1752454511085N00558513EA026950291303
B1752464511089N00558520EA026940291254
B1752474511094N00558527EA026940291110
B1752484511099N00558533EA026940291007
B1752494511104N00558541EA026930290801
B1752504511108N00558549EA026910290681
B1752514511113N00558556EA026900290638
B1752524511118N00558563EA026890290625
B1752534511123N00558568EA026880290617
B1752544511127N00558573EA026880290557
B1752554511131N00558579EA026870290464
B1752564511135N00558585EA026860290257
B1752574511139N00558592EA026850290082
B1752584511144N00558598EA026830289857
B1752594511149N00558605EA026820289631
B1753004511153N00558611EA026800289599
B1753014511158N00558619EA026780289422
B1753024511162N00558626EA026770289307
B1753034511165N00558634EA026750289137
B1753044511168N00558642EA026740289067
B1753054511171N00558650EA026720288799
B1753064511175N00558659EA026700288534
B1753074511178N00558668EA026680288393
B1753084511182N00558677EA026660288135
B1753094511185N00558686EA026640287978
B1753104511188N00558696EA026620287991
B1753114511191N00558704EA026620287898
B1753124511194N00558713EA026620287774
B1753134511197N00558721EA026620287767
B1753144511200N00558730EA026610287563
B1753154511203N00558739EA026610287480
B1753164511207N00558747EA026600287317
B1753174511210N00558756EA026590287255
B1753184511213N00558765EA026580287196
B1753194511217N00558774EA026570287039
B1753204511220N00558784EA026560286982
B1753214511224N00558793EA026540286855
B1753224511228N00558802EA026530286734
B1753234511231N00558811EA026520286593
B1753244511235N00558820EA026500286423
B1753254511238N00558829EA026490286337
B1753264511241N00558838EA026480286369
B1753274511245N00558847EA026470286218
B1753284511248N00558856EA026470286145
B1753294511251N00558865EA026460286069
B1753304511254N00558875EA026450285855
B1753314511257N00558885EA026440285720
B1753324511259N00558894EA026430285673
B1753334511262N00558903EA026420285436
B1753344511264N00558913EA026400285361
B1753354511266N00558922EA026390285278
B1753364511268N00558932EA026380285166
B1753374511270N00558942EA026370285046
B1753384511272N00558952EA026350284805
B1753394511273N00558962EA026340284646
B1753404511274N00558972EA026320284599
B1753414511276N00558983EA026310284462
B1753424511278N00558994EA026300284241
B1753434511280N00559005EA026280284210
B1753444511281N00559015EA026280284169
B1753454511283N00559026EA026270284112
B1753464511284N00559036EA026280284073
B1753474511287N00559046EA026270283902
B1753484511290N00559055EA026270283839
B1753494511294N00559065EA026260283840
B1753504511298N00559073EA026260283946
B1753514511302N00559081EA026250284058
B1753524511306N00559089EA026260284079
B1753534511310N00559098EA026260284092
B1753544511315N00559106EA026270284235
B1753554511319N00559114EA026270284388
B1753564511323N00559123EA026290284563
B1753574511326N00559132EA026300284574
B1753584511329N00559142EA026310284434
B1753594511331N00559152EA026320284494
B1754004511335N00559162EA026320284432
B1754014511339N00559171EA026310284441
B1754024511343N00559179EA026310284434
B1754034511347N00559187EA026310284411
B1754044511350N00559195EA026310284490
B1754054511355N00559203EA026310284301
B1754064511359N00559211EA026300284236
B1754074511363N00559220EA026290284081
B1754084511368N00559229EA026290284073
B1754094511373N00559238EA026270284058
B1754104511377N00559248EA026270284282
B1754114511382N00559256EA026280284302
B1754124511385N00559263EA026280284392
B1754134511389N00559269EA026290284388
B1754144511393N00559276EA026290284264
B1754154511398N00559283EA026280284101
B1754164511403N00559289EA026280284008
B1754174511408N00559296EA026270284001
B1754184511412N00559302EA026270284174
B1754194511417N00559308EA026270284336
B1754204511421N00559314EA026280284466
B1754214511425N00559320EA026290284472
B1754224511429N00559325EA026290284497
B1754234511434N00559331EA026300284423
B1754244511438N00559336EA026300284387
B1754254511443N00559342EA026290284320
B1754264511447N00559347EA026290284040
B1754274511452N00559352EA026280283810
B1754284511456N00559357EA026260283684
B1754294511461N00559363EA026240283452
B1754304511466N00559369EA026230283314
B1754314511471N00559375EA026210283315
B1754324511476N00559381EA026200283332
B1754334511481N00559386EA026190283246
B1754344511486N00559392EA026190283231
B1754354511491N00559397EA026190283215
B1754364511496N00559402EA026190283207
B1754374511500N00559408EA026190283191
B1754384511506N00559414EA026180283100
B1754394511510N00559419EA026180283069
B1754404511514N00559425EA026180283050
B1754414511517N00559429EA026170282965
B1754424511520N00559434EA026170282897
B1754434511524N00559440EA026150282682
B1754444511529N00559445EA026140282438
B1754454511534N00559450EA026120282448
B1754464511539N00559455EA026110282434
B1754474511544N00559459EA026100282404
B1754484511548N00559463EA026100282340
B1754494511552N00559466EA026090282170
B1754504511557N00559469EA026080282052
B1754514511562N00559473EA026070281860
B1754524511568N00559477EA026060281722
B1754534511573N00559481EA026050281795
B1754544511579N00559485EA026050281890
B1754554511586N00559488EA026050281914
B1754564511591N00559491EA026060281958
B1754574511596N00559495EA026060281975
B1754584511601N00559499EA026060281952
B1754594511606N00559502EA026070281935
B1755004511611N00559505EA026070281938
B1755014511616N00559509EA026070281933
B1755024511621N00559512EA026070281839
B1755034511626N00559516EA026060281837
B1755044511631N00559520EA026060281812
B1755054511636N00559523EA026060281829
B1755064511641N00559527EA026060281875
B1755074511647N00559530EA026060281969
B1755084511653N00559534EA026060281983
B1755094511659N00559537EA026070282094
B1755104511665N00559540EA026080282296
B1755114511671N00559543EA026090282409
B1755124511675N00559548EA026110282762
B1755134511679N00559552EA026130282889
B1755144511683N00559557EA026150283086
B1755154511687N00559562EA026180283265
B1755164511691N00559567EA026200283435
B1755174511694N00559572EA026220283485
B1755184511699N00559576EA026230283424
B1755194511703N00559578EA026220283381
B1755204511708N00559576EA026210283247
B1755214511712N00559572EA026200283114
B1755224511713N00559567EA026200283034
B1755234511712N00559561EA026190283107
B1755244511708N00559558EA026190283284
B1755254511704N00559557EA026200283226
B1755264511700N00559559EA026200283305
B1755274511696N00559563EA026210283409
B1755284511692N00559569EA026220283635
B1755294511688N00559574EA026230283896
B1755304511685N00559578EA026250283953
B1755314511681N00559580EA026270284080
B1755324511678N00559579EA026280284022
B1755334511675N00559575EA026290283986
B1755344511675N00559571EA026290284071
B1755354511678N00559567EA026290284042
B1755364511682N00559565EA026280283993
B1755374511688N00559567EA026280283938
B1755384511693N00559574EA026280283927
B1755394511695N00559584EA026280283876
B1755404511694N00559594EA026280283847
B1755414511690N00559602EA026270283868
B1755424511684N00559606EA026270284092
B1755434511681N00559606EA026280284004
B1755444511678N00559603EA026280284204
B1755454511676N00559599EA026290284265
B1755464511676N00559595EA026290284329
B1755474511675N00559592EA026300284397
B1755484511675N00559589EA026300284272
B1755494511675N00559585EA026300284274
B1755504511676N00559581EA026300284314
B1755514511677N00559578EA026300284385
B1755524511681N00559577EA026300284350
B1755534511686N00559577EA026300284234
B1755544511691N00559581EA026300284250
B1755554511695N00559587EA026300284144
B1755564511697N00559597EA026300284241
B1755574511697N00559607EA026300284210
B1755584511693N00559615EA026300284236
B1755594511688N00559620EA026300284193
B1756004511684N00559620EA026300284036
B1756014511681N00559616EA026290283712
B1756024511680N00559610EA026280283647
B1756034511681N00559605EA026260283703
B1756044511681N00559600EA026260283827
B1756054511680N00559597EA026260283843
B1756064511678N00559594EA026260283704
B1756074511675N00559590EA026260283638
B1756084511672N00559587EA026260283512
B1756094511668N00559583EA026250283567
B1756104511665N00559580EA026250283421
B1756114511662N00559577EA026240283420
B1756124511659N00559574EA026240283402
B1756134511655N00559572EA026230283471
B1756144511652N00559570EA026230283213
B1756154511648N00559567EA026220283269
B1756164511645N00559565EA026210283102
B1756174511641N00559562EA026200283063
B1756184511638N00559559EA026190283033
B1756194511635N00559556EA026190283074
B1756204511633N00559553EA026180282931
B1756214511631N00559550EA026180282810
B1756224511629N00559546EA026170282703
B1756234511626N00559542EA026160282640
B1756244511623N00559537EA026150282538
B1756254511620N00559533EA026140282416
B1756264511616N00559529EA026130282372
B1756274511613N00559524EA026120282338
B1756284511609N00559520EA026110282294
B1756294511606N00559516EA026100282124
B1756304511602N00559512EA026090282010
B1756314511598N00559507EA026080281913
B1756324511594N00559502EA026070281957
B1756334511591N00559497EA026070281819
B1756344511587N00559493EA026070281874
B1756354511584N00559488EA026070281749
B1756364511581N00559483EA026060281516
B1756374511577N00559478EA026050281453
B1756384511573N00559473EA026040281380
B1756394511570N00559467EA026020281224
B1756404511566N00559462EA026010281282
B1756414511562N00559457EA026000281197
B1756424511558N00559453EA025990281064
B1756434511554N00559449EA025980281013
B1756444511549N00559444EA025980281196
B1756454511545N00559440EA025990281280
B1756464511542N00559435EA025990281228
B1756474511538N00559431EA026000281324
B1756484511534N00559427EA026010281541
B1756494511530N00559422EA026020281698
B1756504511527N00559419EA026040281864
B1756514511524N00559417EA026060282057
B1756524511522N00559416EA026070281928
B1756534511520N00559415EA026080281603
B1756544511517N00559412EA026070281358
B1756554511514N00559408EA026040280947
B1756564511510N00559404EA026010280684
B1756574511506N00559400EA025990280587
B1756584511503N00559397EA025960280303
B1756594511499N00559394EA025930280282
B1757004511496N00559390EA025910280077
B1757014511493N00559386EA025880279618
B1757024511488N00559382EA025850279392
B1757034511484N00559376EA025820279155
B1757044511481N00559371EA025790279031
B1757054511478N00559365EA025770278969
B1757064511476N00559361EA025770278806
B1757074511473N00559358EA025770278511
B1757084511469N00559353EA025750278199
B1757094511466N00559348EA025730277868
B1757104511463N00559343EA025710277515
B1757114511459N00559337EA025680277368
B1757124511456N00559332EA025650277217
B1757134511452N00559327EA025630277067
B1757144511449N00559323EA025600276930
B1757154511445N00559317EA025580276688
B1757164511442N00559312EA025560276306
B1757174511437N00559307EA025540276193
B1757184511433N00559302EA025520276082
B1757194511429N00559297EA025500276093
B1757204511426N00559292EA025500275956
B1757214511423N00559287EA025500275729
B1757224511419N00559283EA025490275561
B1757234511416N00559278EA025480275301
B1757244511412N00559272EA025460275284
B1757254511409N00559266EA025450275199
B1757264511406N00559261EA025430275199
B1757274511403N00559257EA025420275058
B1757284511400N00559254EA025430275145
B1757294511397N00559251EA025430275220
B1757304511394N00559247EA025440275314
B1757314511391N00559244EA025440275301
B1757324511388N00559240EA025450275406
B1757334511384N00559236EA025460275366
B1757344511381N00559231EA025460275428
B1757354511377N00559228EA025470275781
B1757364511374N00559225EA025490276078
B1757374511371N00559224EA025510276291
B1757384511368N00559222EA025530276274
B1757394511365N00559220EA025540276208
B1757404511361N00559218EA025550276164
B1757414511359N00559214EA025550276058
B1757424511359N00559211EA025540275963
B1757434511361N00559208EA025520275695
B1757444511365N00559207EA025500275444
B1757454511370N00559207EA025480275215
B1757464511374N00559209EA025460275153
B1757474511378N00559211EA025440275166
B1757484511382N00559214EA025430275133
B1757494511385N00559216EA025430275169
B1757504511389N00559219EA025430275023
B1757514511393N00559220EA025430274928
B1757524511397N00559220EA025420274937
B1757534511400N00559219EA025420274984
B1757544511402N00559216EA025410274874
B1757554511402N00559212EA025400274762
B1757564511400N00559208EA025400274582
B1757574511397N00559204EA025390274422
B1757584511393N00559200EA025370274344
B1757594511390N00559196EA025360274345
B1758004511388N00559192EA025350274200
B1758014511386N00559187EA025350274202
B1758024511383N00559182EA025340274147
B1758034511380N00559178EA025340274003
B1758044511376N00559174EA025330273810
B1758054511372N00559169EA025320273602
B1758064511367N00559164EA025300273568
B1758074511363N00559160EA025290273368
B1758084511359N00559156EA025270273284
B1758094511356N00559151EA025260273142
B1758104511353N00559145EA025240272959
B1758114511351N00559140EA025220272705
B1758124511348N00559134EA025210272676
B1758134511346N00559129EA025190272572
B1758144511345N00559123EA025170272313
B1758154511343N00559117EA025160272153
B1758164511342N00559111EA025140271911
B1758174511340N00559104EA025120271897
B1758184511339N00559098EA025110271765
B1758194511338N00559092EA025090271657
B1758204511337N00559087EA025100271636
B1758214511335N00559082EA025090271468
B1758224511333N00559077EA025090271259
B1758234511331N00559072EA025070270914
B1758244511328N00559066EA025050270793
B1758254511327N00559059EA025040270708
B1758264511325N00559054EA025030270952
B1758274511323N00559049EA025040271150
B1758284511321N00559044EA025050271115
B1758294511318N00559040EA025060271222
B1758304511315N00559034EA025070271387
B1758314511313N00559029EA025080271482
B1758324511312N00559023EA025090271639
B1758334511310N00559020EA025100271890
B1758344511309N00559016EA025120271974
B1758354511308N00559011EA025130271948
B1758364511306N00559006EA025140271887
B1758374511304N00559001EA025130271881
B1758384511302N00558996EA025130271774
B1758394511300N00558992EA025130271744
B1758404511298N00558987EA025120271629
B1758414511296N00558982EA025110271526
B1758424511294N00558976EA025110271522
B1758434511292N00558969EA025100271646
B1758444511290N00558964EA025110271952
B1758454511289N00558959EA025120272135
B1758464511288N00558955EA025140272215
B1758474511286N00558951EA025150272165
B1758484511284N00558946EA025160271984
B1758494511282N00558940EA025140271774
B1758504511280N00558934EA025130271680
B1758514511279N00558927EA025120271624
B1758524511278N00558922EA025110271600
B1758534511276N00558917EA025100271512
B1758544511273N00558912EA025090271491
B1758554511271N00558906EA025080271365
B1758564511269N00558900EA025070271253
B1758574511267N00558894EA025060271261
B1758584511265N00558888EA025050271197
B1758594511264N00558883EA025050271146
B1759004511263N00558878EA025050271023
B1759014511262N00558872EA025040270806
B1759024511260N00558866EA025030270787
B1759034511259N00558860EA025020270607
B1759044511256N00558854EA025010270497
B1759054511254N00558848EA025000270374
B1759064511252N00558841EA024980270288
B1759074511250N00558835EA024970270191
B1759084511249N00558828EA024960269914
B1759094511246N00558821EA024940269894
B1759104511245N00558814EA024930269713
B1759114511243N00558807EA024920269632
B1759124511241N00558800EA024900269420
B1759134511238N00558792EA024890269355
B1759144511235N00558784EA024880269335
B1759154511232N00558776EA024880269437
B1759164511229N00558769EA024890269666
B1759174511226N00558763EA024900269898
B1759184511224N00558759EA024920270100
B1759194511221N00558754EA024940270445
B1759204511219N00558749EA024970270746
B1759214511217N00558744EA025000271009
B1759224511214N00558740EA025030271227
B1759234511211N00558737EA025060271351
B1759244511210N00558733EA025090271505
B1759254511210N00558729EA025110271504
B1759264511211N00558725EA025120271690
B1759274511215N00558722EA025130271727
B1759284511220N00558724EA025140271836
B1759294511223N00558731EA025140271785
B1759304511224N00558741EA025130271759
B1759314511220N00558751EA025140271988
B1759324511214N00558757EA025140272130
B1759334511208N00558757EA025150272110
B1759344511203N00558752EA025160272270
B1759354511201N00558745EA025170272467
B1759364511200N00558739EA025190272867
B1759374511199N00558734EA025210273320
B1759384511197N00558729EA025240273751
B1759394511195N00558725EA025280273923
B1759404511193N00558721EA025310274007
B1759414511191N00558717EA025340274230
B1759424511191N00558712EA025370274447
B1759434511194N00558709EA025400274634
B1759444511199N00558711EA025420274611
B1759454511203N00558719EA025430274513
B1759464511202N00558731EA025420274403
B1759474511196N00558738EA025410274414
B1759484511188N00558737EA025410274613
B1759494511183N00558730EA025400274964
B1759504511183N00558722EA025400275193
B1759514511186N00558715EA025410275449
B1759524511190N00558712EA025430275862
B1759534511194N00558710EA025470276411
B1759544511196N00558708EA025500276641
B1759554511198N00558705EA025540276761
B1759564511200N00558702EA025580276868
B1759574511203N00558701EA025600276906
B1759584511206N00558701EA025620276942
B1759594511209N00558701EA025620276995
B1800004511213N00558703EA025620276958
B1800014511216N00558710EA025620276833
B1800024511216N00558720EA025610276545
B1800034511212N00558730EA025600276170
B1800044511205N00558734EA025580276080
B1800054511199N00558731EA025560276087
B1800064511197N00558724EA025540275997
B1800074511199N00558719EA025520276077
B1800084511201N00558715EA025520276293
B1800094511201N00558712EA025540276493
B1800104511201N00558710EA025550276503
B1800114511199N00558708EA025560276562
B1800124511198N00558705EA025570276353
B1800134511197N00558701EA025560276182
B1800144511197N00558696EA025550276184
B1800154511199N00558692EA025550276174
B1800164511203N00558690EA025540276033
B1800174511208N00558690EA025530275813
B1800184511212N00558693EA025520275763
B1800194511216N00558698EA025510275629
B1800204511218N00558706EA025490275517
B1800214511216N00558716EA025480275182
B1800224511212N00558723EA025460274608
B1800234511205N00558724EA025430274347
B1800244511200N00558719EA025390274178
B1800254511198N00558712EA025360274136
B1800264511197N00558707EA025330274234
B1800274511195N00558703EA025340274280
B1800284511193N00558699EA025340274121
B1800294511190N00558694EA025340273847
B1800304511187N00558688EA025330273677
B1800314511185N00558682EA025310273460
B1800324511183N00558675EA025290273382
B1800334511181N00558668EA025280273398
B1800344511179N00558663EA025260273348
B1800354511176N00558658EA025260273254
B1800364511173N00558653EA025250273056
B1800374511170N00558648EA025240272970
B1800384511168N00558641EA025230272786
B1800394511166N00558634EA025220272778
B1800404511164N00558627EA025210272749
B1800414511162N00558621EA025210272909
B1800424511159N00558617EA025220273090
B1800434511158N00558612EA025230273114
B1800444511156N00558607EA025240273048
B1800454511154N00558603EA025240272932
B1800464511151N00558598EA025230272880
B1800474511149N00558592EA025230272733
B1800484511147N00558586EA025220272714
B1800494511145N00558580EA025210272726
B1800504511143N00558575EA025210272760
B1800514511142N00558569EA025210272725
B1800524511141N00558563EA025210272619
B1800534511140N00558557EA025200272539
B1800544511139N00558551EA025200272429
B1800554511137N00558546EA025190272342
B1800564511134N00558540EA025180272397
B1800574511132N00558535EA025180272354
B1800584511130N00558529EA025170272218
B1800594511127N00558524EA025160272190
B1801004511125N00558517EA025150272099
B1801014511124N00558511EA025150271919
B1801024511122N00558505EA025130271859
B1801034511121N00558500EA025130271740
B1801044511120N00558494EA025120271635
B1801054511119N00558488EA025100271429
B1801064511117N00558483EA025090271274
B1801074511115N00558477EA025070271097
B1801084511113N00558471EA025060270888
B1801094511111N00558466EA025040270750
B1801104511109N00558460EA025020270525
B1801114511107N00558454EA025000270306
B1801124511104N00558448EA024990270277
B1801134511102N00558442EA024970270055
B1801144511100N00558436EA024950269803
B1801154511097N00558430EA024930269731
B1801164511094N00558423EA024910269557
B1801174511092N00558417EA024900269413
B1801184511089N00558411EA024900269371
B1801194511087N00558404EA024890269213
B1801204511084N00558397EA024890269147
B1801214511081N00558391EA024880269083
B1801224511079N00558384EA024870268816
B1801234511076N00558377EA024860268787
B1801244511074N00558370EA024840268647
B1801254511072N00558363EA024830268409
B1801264511069N00558357EA024810268364
B1801274511067N00558350EA024790268247
B1801284511065N00558343EA024780268029
B1801294511062N00558337EA024760267981
B1801304511060N00558330EA024760267937
B1801314511057N00558324EA024750267863
B1801324511054N00558318EA024740267780
B1801334511052N00558311EA024740267635
B1801344511049N00558304EA024730267489
B1801354511047N00558297EA024710267329
B1801364511044N00558290EA024700267248
B1801374511041N00558284EA024680267060
B1801384511038N00558277EA024670266981
B1801394511036N00558270EA024650266823
B1801404511034N00558263EA024640266611
B1801414511032N00558255EA024620266519
B1801424511030N00558248EA024610266326
B1801434511028N00558241EA024590266242
B1801444511026N00558234EA024580266150
B1801454511024N00558226EA024560265979
B1801464511022N00558219EA024550265797
B1801474511021N00558212EA024530265635
B1801484511019N00558205EA024520265452
B1801494511017N00558197EA024500265298
B1801504511016N00558190EA024490265014
B1801514511014N00558183EA024470264860
B1801524511012N00558175EA024460264678
B1801534511010N00558168EA024440264474
B1801544511008N00558161EA024420264260
B1801554511006N00558153EA024400264157
B1801564511004N00558146EA024380263965
B1801574511002N00558139EA024360263773
B1801584511000N00558132EA024350263586
B1801594510998N00558125EA024330263366
B1802004510996N00558118EA024310263134
B1802014510994N00558111EA024290263024
B1802024510992N00558104EA024280262838
B1802034510990N00558098EA024270262747
B1802044510988N00558092EA024260262549
B1802054510986N00558086EA024240262358
B1802064510984N00558080EA024230262036
B1802074510982N00558074EA024210261700
B1802084510979N00558067EA024190261673
B1802094510977N00558060EA024170261678
B1802104510975N00558054EA024150261498
B1802114510974N00558048EA024140261318
B1802124510972N00558042EA024130261126
B1802134510970N00558036EA024110260961
B1802144510968N00558029EA024090260896
B1802154510967N00558023EA024080260641
B1802164510966N00558016EA024060260508
B1802174510964N00558010EA024050260455
B1802184510962N00558004EA024030260262
B1802194510960N00557997EA024020260179
B1802204510958N00557991EA024000259975
B1802214510956N00557985EA023990259883
B1802224510955N00557979EA023980259603
B1802234510953N00557973EA023960259524
B1802244510951N00557967EA023950259344
B1802254510949N00557961EA023940259233
B1802264510947N00557955EA023920259146
B1802274510945N00557949EA023920259079
B1802284510944N00557944EA023910258922
B1802294510942N00557938EA023900258874
B1802304510941N00557932EA023900258728
B1802314510939N00557927EA023890258774
B1802324510938N00557922EA023880258523
B1802334510937N00557916EA023870258408
B1802344510935N00557910EA023860258268
B1802354510933N00557904EA023850258185
B1802364510932N00557898EA023830258011
B1802374510930N00557892EA023820258042
B1802384510928N00557887EA023810257970
B1802394510927N00557881EA023810257819
B1802404510925N00557876EA023800257746
B1802414510923N00557870EA023790257668
B1802424510921N00557864EA023780257475
B1802434510919N00557858EA023770257390
B1802444510918N00557851EA023760257346
B1802454510917N00557845EA023750257321
B1802464510915N00557839EA023750257350
B1802474510913N00557833EA023750257467
B1802484510911N00557828EA023760257366
B1802494510909N00557823EA023750257284
B1802504510908N00557817EA023750257106
B1802514510906N00557811EA023740256904
B1802524510903N00557805EA023730256884
B1802534510902N00557799EA023720256706
B1802544510900N00557794EA023700256623
B1802554510898N00557789EA023690256544
B1802564510896N00557784EA023680256351
B1802574510894N00557778EA023660256056
B1802584510892N00557772EA023640255858
B1802594510890N00557767EA023620255762
B1803004510888N00557761EA023610255685
B1803014510886N00557756EA023590255571
B1803024510884N00557750EA023570255366
B1803034510882N00557745EA023550255110
B1803044510879N00557739EA023530254892
B1803054510877N00557733EA023510254666
B1803064510875N00557728EA023490254410
B1803074510872N00557722EA023470254274
B1803084510870N00557717EA023450254010
B1803094510867N00557711EA023430253994
B1803104510865N00557706EA023410253760
B1803114510863N00557700EA023400253518
B1803124510860N00557695EA023380253454
B1803134510857N00557689EA023360253289
B1803144510855N00557684EA023350253107
B1803154510852N00557679EA023330252928
B1803164510849N00557674EA023320252745
B1803174510846N00557669EA023300252593
B1803184510844N00557663EA023280252259
B1803194510842N00557658EA023260252003
B1803204510839N00557653EA023250251830
B1803214510836N00557648EA023230251652
B1803224510833N00557643EA023210251492
B1803234510831N00557637EA023180251258
B1803244510829N00557632EA023160250942
B1803254510827N00557626EA023130250601
B1803264510824N00557619EA023100250366
B1803274510822N00557612EA023070250129
B1803284510820N00557606EA023040249933
B1803294510818N00557600EA023020249660
B1803304510817N00557593EA023000249415
B1803314510815N00557587EA022970249252
B1803324510813N00557580EA022960248986
B1803334510812N00557574EA022930248611
B1803344510810N00557567EA022910248447
B1803354510808N00557561EA022890248252
B1803364510806N00557554EA022860247976
B1803374510804N00557547EA022840247787
B1803384510802N00557540EA022820247477
B1803394510800N00557533EA022790247359
B1803404510798N00557527EA022780247224
B1803414510796N00557521EA022780247116
B1803424510793N00557515EA022770246987
B1803434510791N00557509EA022760246747
B1803444510788N00557504EA022750246570
B1803454510786N00557498EA022730246323
B1803464510783N00557492EA022720246255
B1803474510781N00557486EA022700246019
B1803484510778N00557481EA022680245851
B1803494510775N00557475EA022650245551
B1803504510772N00557468EA022630245328
B1803514510769N00557462EA022610245107
B1803524510766N00557456EA022590245032
B1803534510763N00557449EA022570244886
B1803544510761N00557442EA022560244839
B1803554510759N00557436EA022560244927
B1803564510757N00557430EA022570244949
B1803574510756N00557426EA022580244910
B1803584510754N00557421EA022580244826
B1803594510751N00557417EA022570244652
B1804004510749N00557412EA022560244408
B1804014510746N00557407EA022540244356
B1804024510744N00557402EA022530244126
B1804034510741N00557397EA022510244198
B1804044510739N00557393EA022500244194
B1804054510737N00557388EA022490244049
B1804064510734N00557385EA022490243971
B1804074510731N00557381EA022490243871
B1804084510728N00557376EA022480243845
B1804094510725N00557371EA022480243709
B1804104510721N00557367EA022470243749
B1804114510717N00557364EA022470243865
B1804124510713N00557361EA022480244095
B1804134510710N00557359EA022480244044
B1804144510707N00557357EA022480243912
B1804154510703N00557354EA022480243637
B1804164510698N00557352EA022470243470
B1804174510693N00557348EA022450243279
B1804184510688N00557346EA022430243150
B1804194510683N00557343EA022420243128
B1804204510678N00557341EA022410243129
B1804214510673N00557340EA022410243147
B1804224510668N00557340EA022410243042
B1804234510663N00557340EA022400242911
B1804244510657N00557340EA022400242881
B1804254510652N00557340EA022390242744
B1804264510646N00557341EA022380242691
B1804274510641N00557342EA022370242531
B1804284510635N00557343EA022360242581
B1804294510630N00557344EA022350242536
B1804304510624N00557346EA022350242480
B1804314510618N00557347EA022340242395
B1804324510612N00557348EA022340242381
B1804334510606N00557348EA022340242391
B1804344510601N00557347EA022340242424
B1804354510595N00557346EA022340242457
B1804364510590N00557345EA022350242515
B1804374510585N00557344EA022350242512
B1804384510580N00557342EA022360242625
B1804394510575N00557340EA022370242775
B1804404510570N00557337EA022370242677
B1804414510565N00557334EA022370242550
B1804424510559N00557329EA022370242596
B1804434510554N00557325EA022370242535
B1804444510548N00557321EA022370242687
B1804454510543N00557318EA022370242741
B1804464510538N00557313EA022380242946
B1804474510533N00557308EA022390242995
B1804484510529N00557303EA022400243041
B1804494510525N00557297EA022410243273
B1804504510522N00557291EA022420243326
B1804514510518N00557285EA022440243488
B1804524510515N00557279EA022450243466
B1804534510512N00557273EA022450243488
B1804544510511N00557268EA022460243442
B1804554510512N00557263EA022470243438
B1804564510515N00557262EA022460243326
B1804574510518N00557264EA022450243196
B1804584510522N00557269EA022440243107
B1804594510523N00557276EA022430243216
B1805004510523N00557281EA022430243318
B1805014510523N00557286EA022430243384
B1805024510526N00557290EA022440243206
B1805034510529N00557294EA022440243234
B1805044510532N00557298EA022440243233
B1805054510534N00557302EA022430243385
B1805064510537N00557306EA022440243366
B1805074510540N00557310EA022440243376
B1805084510543N00557314EA022450243453
B1805094510546N00557318EA022450243521
B1805104510548N00557322EA022460243665
B1805114510550N00557327EA022460243792
B1805124510553N00557331EA022470243918
B1805134510555N00557335EA022480244036
B1805144510557N00557339EA022490244132
B1805154510559N00557343EA022500244240
B1805164510561N00557346EA022510244298
B1805174510565N00557350EA022520244301
B1805184510568N00557353EA022520244415
B1805194510571N00557356EA022520244447
B1805204510575N00557358EA022520244509
B1805214510578N00557358EA022530244547
B1805224510582N00557356EA022530244482
B1805234510585N00557351EA022530244441
B1805244510584N00557343EA022530244168
B1805254510581N00557337EA022520244123
B1805264510576N00557333EA022510244323
B1805274510570N00557331EA022520244584
B1805284510565N00557330EA022520244586
B1805294510561N00557329EA022530244636
B1805304510556N00557327EA022540244687
B1805314510552N00557325EA022550244618
B1805324510547N00557323EA022560244627
B1805334510542N00557320EA022570244629
B1805344510537N00557317EA022570244721
B1805354510533N00557313EA022590244912
B1805364510529N00557308EA022600245076
B1805374510527N00557303EA022610245035
B1805384510526N00557297EA022610245059
B1805394510528N00557293EA022610244980
B1805404510533N00557292EA022600244721
B1805414510537N00557296EA022590244530
B1805424510539N00557302EA022570244553
B1805434510540N00557309EA022560244773
B1805444510541N00557314EA022570244957
B1805454510542N00557319EA022580245064
B1805464510543N00557323EA022580245091
B1805474510545N00557327EA022590244982
B1805484510548N00557331EA022590244844
B1805494510551N00557335EA022580244847
B1805504510554N00557340EA022580244991
B1805514510558N00557344EA022580245021
B1805524510561N00557347EA022590245346
B1805534510564N00557350EA022600245657
B1805544510567N00557353EA022620245939
B1805554510569N00557357EA022650246151
B1805564510572N00557360EA022670246204
B1805574510575N00557363EA022690246332
B1805584510578N00557365EA022710246495
B1805594510582N00557367EA022730246545
B1806004510586N00557368EA022740246708
B1806014510589N00557369EA022750246878
B1806024510593N00557371EA022770246984
B1806034510597N00557373EA022780247186
B1806044510601N00557374EA022790247351
B1806054510604N00557372EA022800247342
B1806064510605N00557367EA022800247190
B1806074510603N00557360EA022790246992
B1806084510599N00557356EA022780246601
B1806094510592N00557355EA022760246679
B1806104510586N00557358EA022750246842
B1806114510581N00557359EA022760246996
B1806124510577N00557358EA022770246973
B1806134510573N00557356EA022780246982
B1806144510569N00557353EA022780246967
B1806154510565N00557350EA022790246937
B1806164510560N00557347EA022800247094
B1806174510556N00557344EA022800247162
B1806184510552N00557341EA022810247222
B1806194510548N00557338EA022820247446
B1806204510545N00557334EA022830247545
B1806214510544N00557329EA022840247463
B1806224510546N00557323EA022830247228
B1806234510551N00557322EA022820246902
B1806244510555N00557326EA022800246870
B1806254510558N00557332EA022790247068
B1806264510559N00557339EA022780247298
B1806274510561N00557344EA022790247447
B1806284510564N00557347EA022800247524
B1806294510567N00557349EA022810247586
B1806304510571N00557352EA022820247574
B1806314510575N00557356EA022830247712
B1806324510578N00557360EA022840247809
B1806334510580N00557365EA022850247925
B1806344510582N00557369EA022860247993
B1806354510586N00557372EA022870248022
B1806364510589N00557374EA022880248093
B1806374510593N00557375EA022880248198
B1806384510598N00557376EA022880248102
B1806394510601N00557375EA022880248253
B1806404510604N00557372EA022890248219
B1806414510605N00557368EA022890248187
B1806424510606N00557363EA022880247825
B1806434510603N00557357EA022880247646
B1806444510598N00557354EA022860247500
B1806454510591N00557353EA022850247586
B1806464510586N00557353EA022840247656
B1806474510582N00557352EA022830247609
B1806484510577N00557351EA022840247631
B1806494510572N00557348EA022840247669
B1806504510567N00557347EA022840247670
B1806514510562N00557345EA022840247670
B1806524510557N00557341EA022840247545
B1806534510552N00557337EA022840247550
B1806544510547N00557332EA022840247574
B1806554510542N00557328EA022840247676
B1806564510538N00557325EA022850247622
B1806574510534N00557321EA022850247619
B1806584510530N00557317EA022860247615
B1806594510526N00557311EA022860247754
B1807004510522N00557305EA022870248084
B1807014510519N00557300EA022880248242
B1807024510515N00557295EA022900248484
B1807034510512N00557290EA022920248519
B1807044510509N00557285EA022930248516
B1807054510506N00557279EA022950248699
B1807064510506N00557274EA022950248597
B1807074510509N00557271EA022940248365
B1807084510514N00557273EA022930248120
B1807094510517N00557279EA022920248294
B1807104510518N00557286EA022910248498
B1807114510518N00557292EA022920248885
B1807124510519N00557297EA022940249046
B1807134510521N00557303EA022960249100
B1807144510523N00557308EA022970249277
B1807154510526N00557312EA023000249545
B1807164510528N00557315EA023020249961
B1807174510530N00557317EA023050250102
B1807184510531N00557319EA023070250124
B1807194510533N00557322EA023090250015
B1807204510535N00557326EA023080249983
B1807214510539N00557329EA023070249910
B1807224510542N00557327EA023070249963
B1807234510544N00557322EA023060249603
B1807244510541N00557314EA023050249380
B1807254510536N00557307EA023030249378
B1807264510531N00557303EA023020249764
B1807274510527N00557299EA023040250059
B1807284510523N00557296EA023050250249
B1807294510519N00557293EA023070250213
B1807304510515N00557288EA023090250325
B1807314510512N00557282EA023110250298
B1807324510513N00557276EA023110249985
B1807334510518N00557274EA023090249547
B1807344510522N00557280EA023070249014
B1807354510522N00557289EA023040249139
B1807364510521N00557297EA023020249425
B1807374510521N00557301EA023020249839
B1807384510522N00557304EA023040250057
B1807394510524N00557307EA023060250192
B1807404510527N00557310EA023070250184
B1807414510530N00557315EA023070250259
B1807424510532N00557320EA023080250479
B1807434510534N00557325EA023090250816
B1807444510535N00557330EA023110250922
B1807454510536N00557335EA023130251040
B1807464510538N00557340EA023150251111
B1807474510540N00557345EA023170251356
B1807484510543N00557351EA023190251622
B1807494510545N00557355EA023220252067
B1807504510547N00557359EA023250252445
B1807514510549N00557363EA023290252660
B1807524510552N00557366EA023320252953
B1807534510555N00557369EA023350253154
B1807544510558N00557372EA023380253494
B1807554510561N00557375EA023410253788
B1807564510564N00557379EA023440253933
B1807574510567N00557381EA023460254124
B1807584510570N00557380EA023470254254
B1807594510573N00557377EA023480254320
B1808004510574N00557370EA023480254219
B1808014510572N00557365EA023470254160
B1808024510567N00557360EA023480254135
B1808034510561N00557358EA023480254316
B1808044510555N00557359EA023490254656
B1808054510550N00557361EA023500254988
B1808064510546N00557363EA023520255177
B1808074510542N00557364EA023540255116
B1808084510536N00557363EA023550255124
B1808094510530N00557360EA023570255351
B1808104510525N00557355EA023590255724
B1808114510521N00557349EA023610256179
B1808124510520N00557343EA023640256425
B1808134510521N00557338EA023670256750
B1808144510525N00557335EA023700256946
B1808154510530N00557337EA023720256946
B1808164510533N00557343EA023730257051
B1808174510535N00557349EA023740257405
B1808184510535N00557354EA023750257728
B1808194510535N00557358EA023770257959
B1808204510536N00557363EA023790258011
B1808214510537N00557367EA023810258029
B1808224510538N00557373EA023830258164
B1808234510540N00557378EA023840258467
B1808244510542N00557382EA023860258679
B1808254510545N00557385EA023880258784
B1808264510549N00557385EA023900258753
B1808274510553N00557382EA023900258626
B1808284510554N00557378EA023890258550
B1808294510553N00557372EA023890258301
B1808304510547N00557366EA023880258185
B1808314510541N00557363EA023860258097
B1808324510536N00557362EA023850258156
B1808334510532N00557361EA023850258132
B1808344510528N00557358EA023850258055
B1808354510524N00557354EA023840257835
B1808364510519N00557349EA023830257631
B1808374510514N00557343EA023820257632
B1808384510510N00557337EA023800257515
B1808394510506N00557331EA023790257573
B1808404510503N00557325EA023780257561
B1808414510500N00557319EA023780257564
B1808424510497N00557314EA023770257462
B1808434510494N00557308EA023760257258
B1808444510491N00557302EA023750256915
B1808454510487N00557295EA023730256873
B1808464510484N00557287EA023720256839
B1808474510480N00557281EA023710256892
B1808484510477N00557275EA023710256960
B1808494510474N00557269EA023710256923
B1808504510470N00557263EA023710256884
B1808514510467N00557256EA023710256778
B1808524510465N00557249EA023700256606
B1808534510462N00557242EA023700256650
B1808544510460N00557234EA023690256752
B1808554510458N00557226EA023690256777
B1808564510456N00557219EA023690256897
B1808574510455N00557213EA023700256922
B1808584510453N00557206EA023710257125
B1808594510451N00557200EA023720257237
B1809004510449N00557195EA023730257313
B1809014510446N00557189EA023750257396
B1809024510444N00557183EA023760257494
B1809034510442N00557177EA023770257492
B1809044510441N00557171EA023770257522
B1809054510439N00557165EA023780257535
B1809064510437N00557159EA023790257607
B1809074510434N00557153EA023790257688
B1809084510432N00557147EA023790257725
B1809094510429N00557141EA023790257862
B1809104510426N00557135EA023800257982
B1809114510424N00557129EA023800258016
B1809124510421N00557123EA023810258177
B1809134510419N00557117EA023820258149
B1809144510416N00557111EA023830258258
B1809154510412N00557105EA023840258291
B1809164510409N00557098EA023850258445
B1809174510406N00557092EA023860258727
B1809184510403N00557088EA023880258935
B1809194510400N00557084EA023900259023
B1809204510397N00557079EA023920259018
B1809214510394N00557074EA023920258858
B1809224510391N00557069EA023910258752
B1809234510388N00557063EA023910258742
B1809244510385N00557056EA023900258748
B1809254510382N00557050EA023890258880
B1809264510381N00557043EA023900258933
B1809274510380N00557036EA023910259187
B1809284510380N00557030EA023920259348
B1809294510379N00557026EA023930259572
B1809304510378N00557021EA023950259598
B1809314510377N00557017EA023960259542
B1809324510375N00557012EA023970259434
B1809334510372N00557007EA023970259560
B1809344510369N00557001EA023970259582
B1809354510367N00556995EA023970259766
B1809364510365N00556990EA023980259876
B1809374510363N00556986EA023980259838
B1809384510360N00556982EA023990259809
B1809394510356N00556979EA024000259720
B1809404510352N00556975EA024000259641
B1809414510348N00556971EA023990259584
B1809424510344N00556968EA023990259573
B1809434510340N00556966EA023980259452
B1809444510336N00556964EA023970259310
B1809454510331N00556961EA023960259163
B1809464510326N00556958EA023950258960
B1809474510321N00556954EA023930258867
B1809484510316N00556951EA023920258848
B1809494510311N00556949EA023910258993
B1809504510307N00556946EA023910258958
B1809514510303N00556944EA023920258855
B1809524510299N00556941EA023910258749
B1809534510295N00556938EA023910258617
B1809544510290N00556934EA023900258587
B1809554510286N00556930EA023890258562
B1809564510282N00556925EA023880258479
B1809574510278N00556921EA023870258468
B1809584510274N00556918EA023860258364
B1809594510270N00556914EA023850258259
B1810004510266N00556911EA023840258141
B1810014510262N00556906EA023830257980
B1810024510259N00556900EA023820257862
B1810034510256N00556894EA023810257870
B1810044510253N00556888EA023810257997
B1810054510251N00556883EA023810258027
B1810064510248N00556878EA023820258229
B1810074510244N00556874EA023830258368
B1810084510240N00556871EA023850258502
B1810094510234N00556868EA023870258792
B1810104510230N00556865EA023880258836
B1810114510225N00556863EA023900258880
B1810124510221N00556860EA023900258763
B1810134510217N00556855EA023890258685
B1810144510215N00556849EA023880258562
B1810154510217N00556842EA023880258507
B1810164510219N00556839EA023870258494
B1810174510224N00556840EA023870258482
B1810184510228N00556844EA023870258542
B1810194510231N00556849EA023870258624
B1810204510232N00556855EA023880258880
B1810214510233N00556860EA023890258998
B1810224510235N00556867EA023900259020
B1810234510237N00556872EA023910259107
B1810244510239N00556877EA023920259247
B1810254510242N00556882EA023930259317
B1810264510244N00556887EA023940259572
B1810274510246N00556891EA023960259883
B1810284510249N00556895EA023980260000
B1810294510250N00556899EA024000260273
B1810304510251N00556903EA024010260278
B1810314510252N00556908EA024020260164
B1810324510255N00556911EA024020260018
B1810334510258N00556913EA024010259895
B1810344510263N00556911EA024000259746
B1810354510266N00556905EA023990259647
B1810364510266N00556897EA023980259737
B1810374510263N00556891EA023980259885
B1810384510259N00556886EA023990260053
B1810394510255N00556882EA024000260104
B1810404510250N00556879EA024010260260
B1810414510246N00556875EA024020260309
B1810424510241N00556873EA024030260450
B1810434510237N00556869EA024050260557
B1810444510235N00556865EA024060260512
B1810454510234N00556859EA024060260429
B1810464510236N00556855EA024060260323
B1810474510240N00556852EA024050260219
B1810484510244N00556855EA024040260196
B1810494510249N00556862EA024030260015
B1810504510251N00556871EA024020260112
B1810514510250N00556879EA024020260387
B1810524510249N00556887EA024030260589
B1810534510248N00556894EA024040260797
B1810544510248N00556901EA024050260783
B1810554510249N00556908EA024060260761
B1810564510251N00556914EA024070260819
B1810574510253N00556921EA024080260916
B1810584510255N00556927EA024090260957
B1810594510257N00556933EA024090261090
B1811004510260N00556938EA024100261041
B1811014510262N00556943EA024100261146
B1811024510264N00556949EA024110261122
B1811034510266N00556955EA024110261142
B1811044510269N00556960EA024110261153
B1811054510273N00556964EA024110261241
B1811064510277N00556966EA024110261161
B1811074510281N00556965EA024110261186
B1811084510285N00556962EA024110260934
B1811094510286N00556957EA024100260771
B1811104510285N00556950EA024100260630
B1811114510281N00556945EA024090260613
B1811124510275N00556942EA024080260756
B1811134510270N00556941EA024080260926
B1811144510265N00556941EA024090261061
B1811154510261N00556939EA024090261127
B1811164510257N00556937EA024100261117
B1811174510253N00556935EA024110261112
B1811184510250N00556931EA024120261118
B1811194510249N00556927EA024120261101
B1811204510249N00556921EA024120261129
B1811214510251N00556917EA024120261280
B1811224510255N00556915EA024130261470
B1811234510260N00556916EA024140261502
B1811244510264N00556921EA024150261600
B1811254510266N00556929EA024160261701
B1811264510264N00556938EA024170261737
B1811274510260N00556945EA024180261743
B1811284510254N00556947EA024180261756
B1811294510249N00556947EA024180261740
B1811304510245N00556942EA024180261881
B1811314510244N00556936EA024180261834
B1811324510245N00556929EA024180261968
B1811334510247N00556924EA024180262260
B1811344510249N00556919EA024200262438
B1811354510250N00556915EA024210262504
B1811364510250N00556910EA024230262509
B1811374510250N00556906EA024240262515
B1811384510252N00556903EA024250262403
B1811394510255N00556901EA024240262395
B1811404510261N00556902EA024240262308
B1811414510264N00556907EA024230262497
B1811424510267N00556915EA024240262654
B1811434510267N00556923EA024240262681
B1811444510266N00556931EA024250262805
B1811454510262N00556938EA024270262944
B1811464510256N00556942EA024280263179
B1811474510251N00556944EA024300263322
B1811484510246N00556942EA024310263566
B1811494510242N00556939EA024330263791
B1811504510241N00556934EA024350263728
B1811514510241N00556930EA024370263693
B1811524510244N00556927EA024360263561
B1811534510248N00556924EA024350263499
B1811544510253N00556924EA024350263667
B1811554510257N00556926EA024360264076
B1811564510261N00556928EA024370264217
B1811574510264N00556930EA024380264303
B1811584510267N00556932EA024400264433
B1811594510270N00556935EA024420264433
B1812004510272N00556941EA024430264439
B1812014510273N00556951EA024440264400
B1812024510270N00556959EA024440264677
B1812034510267N00556967EA024440264631
B1812044510262N00556972EA024450264865
B1812054510257N00556975EA024460264956
B1812064510252N00556976EA024470264947
B1812074510247N00556975EA024480265027
B1812084510242N00556972EA024490265262
B1812094510239N00556967EA024500265437
B1812104510237N00556963EA024520265662
B1812114510237N00556958EA024530265767
B1812124510239N00556955EA024540265763
B1812134510243N00556953EA024550265821
B1812144510247N00556953EA024560265839
B1812154510251N00556958EA024560265813
B1812164510253N00556965EA024560265938
B1812174510253N00556974EA024560265807
B1812184510250N00556983EA024560265876
B1812194510243N00556989EA024560265894
B1812204510237N00556989EA024570266029
B1812214510232N00556987EA024580266247
B1812224510229N00556982EA024590266528
B1812234510227N00556977EA024600266677
B1812244510226N00556973EA024620266785
B1812254510226N00556969EA024630266716
B1812264510226N00556965EA024640266708
B1812274510227N00556961EA024640266619
B1812284510229N00556958EA024640266435
B1812294510232N00556957EA024630266372
B1812304510237N00556958EA024620266319
B1812314510240N00556964EA024610266360
B1812324510242N00556971EA024610266375
B1812334510243N00556979EA024610266457
B1812344510242N00556988EA024610266521
B1812354510239N00556995EA024620266500
B1812364510233N00557000EA024630266582
B1812374510227N00557001EA024630266444
B1812384510221N00556999EA024630266557
B1812394510217N00556995EA024630266697
B1812404510216N00556990EA024640266558
B1812414510218N00556987EA024630266212
B1812424510221N00556984EA024620266184
B1812434510226N00556983EA024600266077
B1812444510231N00556984EA024590266075
B1812454510236N00556985EA024580266123
B1812464510240N00556986EA024580266214
B1812474510243N00556987EA024590266367
B1812484510247N00556989EA024590266321
B1812494510251N00556990EA024600266306
B1812504510255N00556992EA024610266403
B1812514510259N00556994EA024620266722
B1812524510262N00556996EA024630267077
B1812534510265N00556999EA024650267346
B1812544510268N00557002EA024680267629
B1812554510271N00557006EA024710267724
B1812564510274N00557010EA024740267961
B1812574510278N00557014EA024760268011
B1812584510281N00557017EA024780268265
B1812594510285N00557018EA024790268255
B1813004510289N00557016EA024790268118
B1813014510291N00557011EA024780268068
B1813024510291N00557005EA024780268092
B1813034510288N00556998EA024780268177
B1813044510283N00556995EA024780268440
B1813054510277N00556994EA024790268837
B1813064510272N00556997EA024820269123
B1813074510268N00557003EA024840269166
B1813084510266N00557012EA024860269237
B1813094510267N00557021EA024880269290
B1813104510272N00557025EA024880269114
B1813114510277N00557023EA024880269289
B1813124510282N00557019EA024870269330
B1813134510286N00557014EA024880269833
B1813144510289N00557011EA024900270167
B1813154510292N00557010EA024930270375
B1813164510295N00557010EA024950270450
B1813174510298N00557007EA024980270527
B1813184510298N00557003EA025000270452
B1813194510295N00556998EA025000270237
B1813204510288N00556997EA024990270087
B1813214510282N00557002EA024980269903
B1813224510279N00557013EA024970269886
B1813234510283N00557022EA024960269803
B1813244510288N00557026EA024950269932
B1813254510292N00557027EA024940270275
B1813264510295N00557027EA024960270568
B1813274510298N00557029EA024970270661
B1813284510302N00557030EA024990270619
B1813294510306N00557033EA025000270520
B1813304510310N00557034EA025010270677
B1813314510314N00557035EA025010270682
B1813324510318N00557033EA025000270546
B1813334510320N00557029EA025000270487
B1813344510321N00557024EA024990270210
B1813354510318N00557018EA024980270044
B1813364510312N00557015EA024970269988
B1813374510306N00557017EA024960269955
B1813384510301N00557024EA024950269933
B1813394510298N00557033EA024940269915
B1813404510295N00557041EA024940270089
B1813414510292N00557048EA024950270297
B1813424510289N00557054EA024950270209
B1813434510284N00557060EA024960270326
B1813444510278N00557064EA024980270624
B1813454510272N00557065EA025000270990
B1813464510268N00557063EA025020271146
B1813474510265N00557059EA025050271345
B1813484510264N00557054EA025070271316
B1813494510264N00557050EA025090271570
B1813504510267N00557047EA025110271619
B1813514510270N00557048EA025120271658
B1813524510273N00557053EA025110271632
B1813534510275N00557061EA025110271610
B1813544510274N00557071EA025110271752
B1813554510270N00557079EA025120271909
B1813564510263N00557083EA025140272127
B1813574510257N00557083EA025150272487
B1813584510253N00557082EA025170272770
B1813594510250N00557079EA025190272887
B1814004510248N00557075EA025210272868
B1814014510247N00557071EA025230272806
B1814024510246N00557067EA025230272884
B1814034510248N00557064EA025220272706
B1814044510251N00557062EA025210272542
B1814054510255N00557060EA025200272455
B1814064510260N00557059EA025180272312
B1814074510264N00557056EA025170272335
B1814084510267N00557052EA025160272335
B1814094510269N00557047EA025150272324
B1814104510270N00557042EA025160272360
B1814114510271N00557036EA025160272342
B1814124510271N00557030EA025160272261
B1814134510271N00557023EA025150272278
B1814144510271N00557017EA025150272136
B1814154510270N00557010EA025140272089
B1814164510269N00557004EA025140271992
B1814174510269N00556997EA025130271837
B1814184510268N00556991EA025120271795
B1814194510268N00556985EA025110271631
B1814204510267N00556978EA025100271549
B1814214510266N00556972EA025090271372
B1814224510266N00556965EA025070271232
B1814234510265N00556958EA025060271082
B1814244510265N00556951EA025050271045
B1814254510264N00556944EA025030270959
B1814264510263N00556938EA025020270887
B1814274510263N00556932EA025010270606
B1814284510261N00556925EA024990270379
B1814294510259N00556918EA024970269975
B1814304510257N00556910EA024940269746
B1814314510255N00556902EA024920269569
B1814324510254N00556895EA024900269514
B1814334510252N00556888EA024880269335
B1814344510250N00556882EA024870269130
B1814354510248N00556875EA024860268811
B1814364510245N00556867EA024840268699
B1814374510244N00556860EA024830268414
B1814384510242N00556852EA024800268349
B1814394510240N00556845EA024780268167
B1814404510238N00556838EA024760267993
B1814414510237N00556830EA024740267646
B1814424510236N00556823EA024720267410
B1814434510234N00556815EA024700267275
B1814444510232N00556807EA024670267089
B1814454510230N00556800EA024650266855
B1814464510228N00556793EA024630266612
B1814474510225N00556785EA024610266489
B1814484510223N00556778EA024590266178
B1814494510221N00556771EA024570265935
B1814504510218N00556764EA024540265783
B1814514510216N00556757EA024520265503
B1814524510213N00556750EA024500265333
B1814534510210N00556743EA024480265053
B1814544510207N00556736EA024460264863
B1814554510204N00556729EA024440264664
B1814564510201N00556722EA024420264363
B1814574510198N00556715EA024410264164
B1814584510195N00556708EA024400264074
B1814594510192N00556701EA024390263891
B1815004510190N00556694EA024370263641
B1815014510187N00556687EA024350263481
B1815024510185N00556680EA024330263223
B1815034510182N00556672EA024310263049
B1815044510179N00556665EA024300262876
B1815054510177N00556658EA024280262720
B1815064510174N00556650EA024260262576
B1815074510172N00556643EA024240262423
B1815084510169N00556636EA024220262291
B1815094510167N00556628EA024210262157
B1815104510165N00556621EA024190261931
B1815114510163N00556613EA024180261733
B1815124510161N00556605EA024160261647
B1815134510159N00556598EA024150261436
B1815144510157N00556591EA024130261239
B1815154510155N00556585EA024120261053
B1815164510153N00556577EA024100260878
B1815174510152N00556569EA024080260618
B1815184510150N00556562EA024060260612
B1815194510147N00556555EA024050260575
B1815204510145N00556549EA024050260320
B1815214510142N00556542EA024040260272
B1815224510140N00556535EA024020260040
B1815234510137N00556527EA024010259896
B1815244510135N00556520EA024000259715
B1815254510132N00556513EA023980259628
B1815264510129N00556507EA023970259561
B1815274510127N00556500EA023950259312
B1815284510124N00556493EA023940259143
B1815294510121N00556485EA023920258988
B1815304510119N00556479EA023900258811
B1815314510116N00556472EA023890258752
B1815324510114N00556465EA023890258603
B1815334510111N00556458EA023910258591
B1815344510109N00556450EA023860258458
B1815354510107N00556444EA023840258234
B1815364510104N00556437EA023820258023
B1815374510101N00556430EA023810257870
B1815384510099N00556422EA023800257646
B1815394510096N00556414EA023780257597
B1815404510094N00556407EA023770257506
B1815414510091N00556400EA023770257519
B1815424510088N00556394EA023760257363
B1815434510086N00556387EA023740257266
B1815444510084N00556380EA023740257037
B1815454510081N00556373EA023740256856
B1815464510078N00556367EA023740256700
B1815474510074N00556360EA023730256679
B1815484510071N00556354EA023710256596
B1815494510069N00556348EA023700256315
B1815504510066N00556341EA023680256117
B1815514510062N00556335EA023660255981
B1815524510059N00556328EA023640255755
B1815534510056N00556321EA023620255664
B1815544510054N00556314EA023600255532
B1815554510052N00556307EA023580255333
B1815564510050N00556300EA023570255244
B1815574510048N00556293EA023550255002
B1815584510045N00556286EA023540254872
B1815594510043N00556279EA023510254751
B1816004510041N00556271EA023470254559
B1816014510039N00556264EA023440254359
B1816024510037N00556258EA023410254110
B1816034510034N00556251EA023410253973
B1816044510031N00556244EA023410253767
B1816054510028N00556238EA023420253524
B1816064510024N00556232EA023420253390
B1816074510021N00556225EA023410253257
B1816084510017N00556219EA023390253094
B1816094510014N00556213EA023360252872
B1816104510012N00556206EA023340252654
B1816114510011N00556199EA023310252401
B1816124510009N00556191EA023290252286
B1816134510008N00556184EA023270252102
B1816144510005N00556177EA023250251980
B1816154510004N00556169EA023230251719
B1816164510003N00556162EA023210251506
B1816174510002N00556154EA023190251219
B1816184510000N00556147EA023180251092
B1816194509999N00556139EA023180250836
B1816204509997N00556131EA023160250659
B1816214509996N00556124EA023140250514
B1816224509995N00556116EA023120250344
B1816234509994N00556109EA023100250051
B1816244509993N00556101EA023080249897
B1816254509992N00556093EA023060249787
B1816264509991N00556085EA023040249595
B1816274509991N00556077EA023020249318
B1816284509989N00556070EA023000249280
B1816294509988N00556062EA022980249029
B1816304509986N00556055EA022960248837
B1816314509984N00556048EA022940248634
B1816324509982N00556041EA022920248432
B1816334509980N00556033EA022900248269
B1816344509978N00556026EA022880248078
B1816354509976N00556019EA022860247848
B1816364509973N00556013EA022850247692
B1816374509971N00556006EA022830247445
B1816384509969N00555999EA022810247107
B1816394509967N00555992EA022790246827
B1816404509965N00555985EA022760246610
B1816414509962N00555977EA022730246476
B1816424509960N00555970EA022710246334
B1816434509958N00555963EA022690246375
B1816444509957N00555956EA022690246138
B1816454509955N00555950EA022680245851
B1816464509952N00555943EA022660245693
B1816474509950N00555935EA022650245405
B1816484509948N00555927EA022630245223
B1816494509947N00555919EA022610245131
B1816504509946N00555911EA022590245154
B1816514509945N00555904EA022570245010
B1816524509942N00555896EA022560244949
B1816534509939N00555889EA022550244884
B1816544509937N00555881EA022550244784
B1816554509936N00555873EA022540244761
B1816564509934N00555864EA022530244685
B1816574509932N00555856EA022530244627
B1816584509929N00555850EA022530244754
B1816594509927N00555844EA022540244877
B1817004509926N00555838EA022540244729
B1817014509924N00555832EA022550244534
B1817024509921N00555825EA022540244489
B1817034509918N00555819EA022530244441
B1817044509914N00555811EA022530244499
B1817054509911N00555804EA022530244698
B1817064509909N00555798EA022530244853
B1817074509906N00555792EA022550244977
B1817084509903N00555787EA022560245046
B1817094509900N00555782EA022570244946
B1817104509897N00555777EA022580244982
B1817114509895N00555771EA022580244853
B1817124509893N00555765EA022580244943
B1817134509891N00555759EA022580244947
B1817144509889N00555754EA022580244924
B1817154509886N00555749EA022580244860
B1817164509883N00555743EA022580244890
B1817174509881N00555736EA022570244706
B1817184509878N00555730EA022570244812
B1817194509875N00555724EA022570244828
B1817204509872N00555719EA022570244967
B1817214509870N00555714EA022570244815
B1817224509867N00555709EA022570244785
B1817234509866N00555704EA022570244702
B1817244509864N00555698EA022560244658
B1817254509863N00555693EA022550244427
B1817264509861N00555688EA022540244394
B1817274509860N00555682EA022530244178
B1817284509859N00555676EA022510244016
B1817294509858N00555670EA022500244023
B1817304509857N00555664EA022490244015
B1817314509855N00555659EA022480244055
B1817324509853N00555655EA022490244156
B1817334509851N00555652EA022490244058
B1817344509849N00555649EA022490243898
B1817354509848N00555645EA022480243646
B1817364509846N00555640EA022470243447
B1817374509843N00555635EA022450243279
B1817384509840N00555631EA022430243144
B1817394509836N00555627EA022410242958
B1817404509832N00555624EA022390242858
B1817414509828N00555622EA022370242633
B1817424509823N00555619EA022360242482
B1817434509818N00555615EA022330242258
B1817444509813N00555612EA022320242212
B1817454509808N00555609EA022310242303
B1817464509803N00555607EA022310242323
B1817474509799N00555606EA022320242202
B1817484509794N00555604EA022320241982
B1817494509790N00555601EA022300241679
B1817504509785N00555599EA022290241370
B1817514509780N00555595EA022260241110
B1817524509774N00555590EA022240240905
B1817534509767N00555585EA022210240894
B1817544509762N00555580EA022190240985
B1817554509758N00555576EA022190241027
B1817564509754N00555573EA022200241009
B1817574509749N00555571EA022210240960
B1817584509745N00555567EA022210240956
B1817594509741N00555563EA022200240840
B1818004509738N00555557EA022200240932
B1818014509736N00555550EA022200241109
B1818024509734N00555545EA022210241441
B1818034509733N00555540EA022230241527
B1818044509731N00555536EA022250241792
B1818054509730N00555531EA022260241849
B1818064509728N00555527EA022280241955
B1818074509726N00555522EA022290242055
B1818084509725N00555517EA022310242103
B1818094509723N00555512EA022320242265
B1818104509722N00555508EA022340242472
B1818114509722N00555503EA022360242577
B1818124509723N00555499EA022370242675
B1818134509726N00555496EA022380242731
B1818144509730N00555494EA022390242759
B1818154509734N00555496EA022400242846
B1818164509738N00555501EA022400242808
B1818174509740N00555510EA022400242912
B1818184509740N00555518EA022410243006
B1818194509737N00555524EA022410243009
B1818204509731N00555529EA022400242801
B1818214509724N00555528EA022390242656
B1818224509720N00555524EA022380242731
B1818234509718N00555517EA022380243042
B1818244509717N00555512EA022390243362
B1818254509716N00555507EA022410243477
B1818264509714N00555503EA022430243579
B1818274509712N00555499EA022440243679
B1818284509710N00555495EA022460243894
B1818294509710N00555491EA022480243900
B1818304509710N00555487EA022490244054
B1818314509713N00555484EA022510244019
B1818324509716N00555484EA022500243954
B1818334509720N00555486EA022500243872
B1818344509724N00555492EA022500243890
B1818354509726N00555500EA022490243788
B1818364509726N00555510EA022480243869
B1818374509724N00555518EA022490244101
B1818384509719N00555521EA022500244364
B1818394509715N00555522EA022510244460
B1818404509711N00555521EA022530244552
B1818414509707N00555521EA022550244612
B1818424509702N00555522EA022560244632
B1818434509696N00555523EA022570244582
B1818444509690N00555523EA022560244443
B1818454509683N00555522EA022550244225
B1818464509675N00555521EA022550244395
B1818474509669N00555520EA022550244634
B1818484509663N00555519EA022560244736
B1818494509657N00555519EA022570244887
B1818504509652N00555520EA022580244736
B1818514509646N00555522EA022580244631
B1818524509639N00555523EA022580244788
B1818534509633N00555525EA022580244747
B1818544509627N00555527EA022590244968
B1818554509622N00555530EA022590245042
B1818564509618N00555532EA022600245105
B1818574509613N00555533EA022610245109
B1818584509607N00555535EA022620245190
B1818594509602N00555535EA022630245147
B1819004509596N00555536EA022630245162
B1819014509590N00555537EA022620245030
B1819024509583N00555537EA022620245097
B1819034509577N00555538EA022620245076
B1819044509571N00555539EA022610245053
B1819054509565N00555539EA022610245079
B1819064509560N00555540EA022610245025
B1819074509555N00555540EA022610245009
B1819084509549N00555540EA022610244977
B1819094509544N00555539EA022600244808
B1819104509538N00555538EA022590244837
B1819114509532N00555538EA022590244980
B1819124509528N00555537EA022590245028
B1819134509523N00555537EA022600244962
B1819144509518N00555537EA022590244733
B1819154509512N00555538EA022580244521
B1819164509505N00555539EA022570244475
B1819174509499N00555540EA022560244457
B1819184509494N00555540EA022550244428
B1819194509489N00555539EA022540244347
B1819204509484N00555538EA022540244246
B1819214509478N00555536EA022530244098
B1819224509473N00555534EA022520243933
B1819234509467N00555531EA022510243985
B1819244509462N00555529EA022500243972
B1819254509457N00555526EA022490243976
B1819264509453N00555523EA022490243808
B1819274509448N00555521EA022490243711
B1819284509442N00555518EA022490243660
B1819294509436N00555514EA022480243497
B1819304509431N00555511EA022470243414
B1819314509425N00555508EA022460243457
B1819324509420N00555506EA022450243424
B1819334509415N00555503EA022450243205
B1819344509409N00555499EA022430243189
B1819354509404N00555495EA022420242942
B1819364509399N00555490EA022410242932
B1819374509394N00555485EA022400243021
B1819384509389N00555480EA022410243268
B1819394509385N00555477EA022420243340
B1819404509381N00555473EA022430243346
B1819414509377N00555469EA022440243229
B1819424509372N00555466EA022430243044
B1819434509366N00555463EA022420242841
B1819444509360N00555459EA022410242736
B1819454509354N00555455EA022400242877
B1819464509349N00555450EA022400242989
B1819474509345N00555446EA022400242927
B1819484509340N00555443EA022400242942
B1819494509335N00555440EA022400242910
B1819504509329N00555437EA022400242970
B1819514509324N00555434EA022400242930
B1819524509318N00555431EA022410242981
B1819534509313N00555427EA022410243069
B1819544509308N00555424EA022410243051
B1819554509303N00555420EA022410242955
B1819564509298N00555416EA022410242939
B1819574509293N00555413EA022410242911
B1819584509288N00555408EA022410242909
B1819594509282N00555404EA022410242887
B1820004509277N00555400EA022400242849
B1820014509272N00555398EA022400242742
B1820024509267N00555396EA022400242631
B1820034509261N00555394EA022390242491
B1820044509255N00555391EA022370242374
B1820054509249N00555388EA022360242275
B1820064509243N00555385EA022350242168
B1820074509238N00555383EA022340242105
B1820084509232N00555380EA022330241949
B1820094509226N00555377EA022310241879
B1820104509220N00555375EA022300241781
B1820114509215N00555372EA022290241728
B1820124509210N00555370EA022280241514
B1820134509205N00555368EA022270241340
B1820144509200N00555365EA022250241181
B1820154509196N00555361EA022230240735
B1820164509191N00555357EA022210240445
B1820174509186N00555353EA022180240214
B1820184509180N00555349EA022150240080
B1820194509175N00555344EA022120239969
B1820204509170N00555341EA022100239860
B1820214509165N00555336EA022100239779
B1820224509160N00555333EA022100239580
B1820234509155N00555329EA022090239483
B1820244509150N00555325EA022080239256
B1820254509144N00555322EA022070239071
B1820264509139N00555318EA022050238915
B1820274509133N00555315EA022040238830
B1820284509127N00555311EA022020238778
B1820294509122N00555308EA022010238625
B1820304509116N00555306EA022000238560
B1820314509110N00555303EA021990238479
B1820324509104N00555302EA021980238373
B1820334509098N00555300EA021960238174
B1820344509093N00555297EA021950238021
B1820354509088N00555293EA021940237920
B1820364509083N00555288EA021940237959
B1820374509078N00555284EA021930237879
B1820384509073N00555281EA021930237782
B1820394509069N00555276EA021920237609
B1820404509064N00555272EA021910237580
B1820414509060N00555267EA021900237472
B1820424509056N00555263EA021890237310
B1820434509051N00555259EA021880237104
B1820444509045N00555255EA021860237055
B1820454509040N00555251EA021850236925
B1820464509035N00555247EA021840236829
B1820474509030N00555244EA021830236736
B1820484509025N00555241EA021810236405
B1820494509019N00555238EA021790236233
B1820504509013N00555234EA021770236067
B1820514509008N00555230EA021750235915
B1820524509002N00555226EA021740235985
B1820534508997N00555223EA021740235965
B1820544508992N00555221EA021740235825
B1820554508986N00555219EA021740235861
B1820564508981N00555215EA021740235628
B1820574508975N00555211EA021730235568
B1820584508970N00555208EA021720235430
B1820594508965N00555205EA021720235300
B1821004508959N00555202EA021710235263
B1821014508953N00555199EA021700235085
B1821024508947N00555197EA021680234883
B1821034508941N00555195EA021660234775
B1821044508935N00555194EA021640234642
B1821054508929N00555192EA021630234457
B1821064508923N00555190EA021610234277
B1821074508917N00555188EA021580233952
B1821084508911N00555185EA021560233715
B1821094508904N00555182EA021540233664
B1821104508898N00555178EA021520233545
B1821114508893N00555174EA021510233507
B1821124508887N00555171EA021510233599
B1821134508882N00555169EA021510233344
B1821144508876N00555167EA021500233170
B1821154508871N00555163EA021490232906
B1821164508865N00555160EA021470232870
B1821174508860N00555156EA021460232653
B1821184508855N00555152EA021440232508
B1821194508849N00555149EA021420232338
B1821204508843N00555146EA021400232189
B1821214508838N00555143EA021380231965
B1821224508833N00555140EA021360231744
B1821234508827N00555137EA021340231694
B1821244508822N00555134EA021330231348
B1821254508816N00555132EA021300231060
B1821264508810N00555128EA021270230854
B1821274508804N00555124EA021250230627
B1821284508798N00555121EA021220230517
B1821294508792N00555119EA021200230445
B1821304508786N00555117EA021200230269
B1821314508780N00555115EA021190230097
B1821324508775N00555113EA021180229811
B1821334508768N00555110EA021160229591
B1821344508762N00555107EA021140229446
B1821354508756N00555105EA021120229208
B1821364508749N00555103EA021100229186
B1821374508743N00555101EA021090229092
B1821384508737N00555098EA021070228887
B1821394508731N00555096EA021050228745
B1821404508725N00555094EA021040228526
B1821414508718N00555092EA021020228496
B1821424508712N00555090EA021020228387
B1821434508706N00555088EA021020228278
B1821444508700N00555086EA021020228159
B1821454508694N00555084EA021010227934
B1821464508688N00555081EA021000227808
B1821474508681N00555079EA020990227692
B1821484508675N00555076EA020980227483
B1821494508669N00555073EA020970227374
B1821504508663N00555070EA020950227270
B1821514508657N00555066EA020940227197
B1821524508652N00555063EA020920226913
B1821534508646N00555059EA020910226838
B1821544508640N00555056EA020890226741
B1821554508634N00555052EA020870226648
B1821564508628N00555049EA020860226548
B1821574508622N00555046EA020840226346
B1821584508616N00555043EA020830226267
B1821594508610N00555040EA020820226168
B1822004508604N00555038EA020810226040
B1822014508598N00555035EA020800225906
B1822024508591N00555033EA020780225873
B1822034508585N00555031EA020770225740
B1822044508579N00555028EA020760225537
B1822054508573N00555026EA020750225427
B1822064508567N00555024EA020730225208
B1822074508560N00555023EA020720225180
B1822084508554N00555021EA020710224941
B1822094508548N00555018EA020690224828
B1822104508542N00555016EA020680224614
B1822114508536N00555013EA020670224534
B1822124508530N00555009EA020660224459
B1822134508524N00555006EA020650224258
B1822144508518N00555003EA020640224138
B1822154508512N00555000EA020630224006
B1822164508506N00554998EA020620223900
B1822174508499N00554994EA020610223999
B1822184508493N00554992EA020600223892
B1822194508487N00554989EA020590223673
B1822204508481N00554986EA020570223541
B1822214508475N00554983EA020560223431
B1822224508469N00554980EA020550223313
B1822234508463N00554977EA020550223314
B1822244508457N00554974EA020540223226
B1822254508451N00554971EA020530223137
B1822264508445N00554969EA020520222921
B1822274508438N00554966EA020510222885
B1822284508432N00554963EA020500222739
B1822294508425N00554961EA020490222696
B1822304508419N00554959EA020480222573
B1822314508413N00554957EA020470222453
B1822324508407N00554955EA020460222327
B1822334508400N00554953EA020450222278
B1822344508394N00554952EA020440222130
B1822354508387N00554950EA020430222080
B1822364508381N00554948EA020420221965
B1822374508375N00554947EA020420221943
B1822384508369N00554946EA020410221723
B1822394508362N00554945EA020400221681
B1822404508356N00554943EA020390221518
B1822414508349N00554942EA020380221475
B1822424508343N00554941EA020380221434
B1822434508337N00554940EA020380221442
B1822444508331N00554939EA020380221384
B1822454508326N00554938EA020370221228
B1822464508320N00554938EA020370221056
B1822474508314N00554938EA020360220934
B1822484508307N00554938EA020350220893
B1822494508301N00554938EA020340220770
B1822504508295N00554937EA020330220672
B1822514508290N00554935EA020320220627
B1822524508285N00554933EA020310220611
B1822534508280N00554929EA020310220666
B1822544508276N00554925EA020310220651
B1822554508273N00554920EA020310220611
B1822564508270N00554914EA020310220524
B1822574508268N00554907EA020310220439
B1822584508267N00554900EA020300220318
B1822594508266N00554893EA020300220206
B1823004508264N00554886EA020290220255
B1823014508262N00554880EA020290220329
B1823024508259N00554876EA020290220427
B1823034508255N00554873EA020290220497
B1823044508252N00554871EA020290220208
B1823054508247N00554870EA020290220002
B1823064508241N00554869EA020280219868
B1823074508236N00554871EA020270219723
B1823084508230N00554873EA020260219752
B1823094508224N00554874EA020250219779
B1823104508219N00554875EA020240219629
B1823114508213N00554876EA020240219563
B1823124508208N00554876EA020230219510
B1823134508203N00554873EA020220219508
B1823144508198N00554869EA020220219447
B1823154508194N00554865EA020210219300
B1823164508190N00554859EA020200219255
B1823174508187N00554854EA020180219131
B1823184508184N00554848EA020170219069
B1823194508182N00554843EA020160218905
B1823204508180N00554837EA020150218903
B1823214508177N00554831EA020150218961
B1823224508174N00554825EA020150219072
B1823234508171N00554820EA020160219063
B1823244508168N00554815EA020160219184
B1823254508166N00554810EA020170219296
B1823264508165N00554804EA020180219239
B1823274508164N00554798EA020180219187
B1823284508165N00554792EA020180219087
B1823294508168N00554788EA020170218844
B1823304508173N00554786EA020160218600
B1823314508177N00554787EA020150218664
B1823324508181N00554791EA020140218853
B1823334508184N00554794EA020140219018
B1823344508186N00554796EA020150219105
B1823354508188N00554796EA020150219008
B1823364508191N00554796EA020150218706
B1823374508195N00554795EA020140218517
B1823384508199N00554791EA020130218408
B1823394508201N00554786EA020110218204
B1823404508200N00554779EA020100218083
B1823414508199N00554771EA020080217839
B1823424508197N00554764EA020060217797
B1823434508196N00554757EA020040217673
B1823444508195N00554749EA020030217599
B1823454508195N00554742EA020010217495
B1823464508196N00554735EA020000217362
B1823474508197N00554728EA019990217263
B1823484508198N00554721EA019990217257
B1823494508199N00554715EA019980217103
B1823504508199N00554709EA019980216933
B1823514508199N00554702EA019970216869
B1823524508200N00554696EA019960216633
B1823534508201N00554689EA019940216404
B1823544508202N00554682EA019920216305
B1823554508203N00554676EA019910216320
B1823564508204N00554669EA019900216348
B1823574508206N00554664EA019890216210
B1823584508208N00554657EA019880216118
B1823594508209N00554651EA019870216073
B1824004508211N00554644EA019870216035
B1824014508212N00554637EA019870216054
B1824024508213N00554630EA019870216177
B1824034508215N00554624EA019880216104
B1824044508216N00554618EA019880216242
B1824054508217N00554611EA019880216298
B1824064508219N00554605EA019890216164
B1824074508221N00554599EA019890216244
B1824084508223N00554593EA019880216228
B1824094508225N00554589EA019890216300
B1824104508226N00554584EA019890216274
B1824114508228N00554580EA019890216280
B1824124508231N00554575EA019890216122
B1824134508233N00554570EA019890216181
B1824144508236N00554565EA019890216214
B1824154508238N00554561EA019890216303
B1824164508239N00554557EA019900216322
B1824174508239N00554552EA019900216387
B1824184508240N00554548EA019900216352
B1824194508241N00554543EA019900216246
B1824204508242N00554539EA019900216131
B1824214508241N00554533EA019890216088
B1824224508239N00554528EA019880215831
B1824234508235N00554523EA019870215725
B1824244508229N00554521EA019860215795
B1824254508225N00554522EA019850215606
B1824264508220N00554525EA019840215545
B1824274508216N00554530EA019830215440
B1824284508212N00554534EA019820215411
B1824294508207N00554535EA019810215235
B1824304508202N00554533EA019800215006
B1824314508196N00554529EA019780214729
B1824324508190N00554524EA019770214698
B1824334508186N00554519EA019750214603
B1824344508181N00554514EA019730214682
B1824354508177N00554509EA019730214688
B1824364508174N00554505EA019730214550
B1824374508171N00554500EA019730214230
B1824384508168N00554493EA019720214039
B1824394508165N00554487EA019700213840
B1824404508162N00554480EA019690213724
B1824414508158N00554474EA019670213672
B1824424508155N00554469EA019660213540
B1824434508152N00554464EA019640213424
B1824444508148N00554460EA019630213320
B1824454508143N00554456EA019610213038
B1824464508137N00554453EA019590212785
B1824474508131N00554450EA019570212587
B1824484508125N00554447EA019550212492
B1824494508120N00554444EA019530212310
B1824504508114N00554440EA019520212235
B1824514508108N00554437EA019520212153
B1824524508102N00554434EA019520212184
B1824534508097N00554431EA019520212126
B1824544508091N00554427EA019520212098
B1824554508086N00554423EA019510211954
B1824564508080N00554418EA019500211887
B1824574508075N00554414EA019500211818
B1824584508069N00554412EA019490211830
B1824594508063N00554409EA019490211874
B1825004508058N00554406EA019480211702
B1825014508051N00554402EA019470211486
B1825024508045N00554399EA019450211206
B1825034508038N00554396EA019430211116
B1825044508031N00554393EA019410211178
B1825054508026N00554391EA019400211022
B1825064508020N00554388EA019390210867
B1825074508015N00554386EA019380210604
B1825084508009N00554383EA019360210304
B1825094508002N00554379EA019340210274
B1825104507996N00554375EA019320210161
B1825114507990N00554371EA019310210171
B1825124507985N00554367EA019310210125
B1825134507979N00554364EA019310210085
B1825144507974N00554361EA019310209954
B1825154507968N00554357EA019300209679
B1825164507962N00554354EA019280209492
B1825174507957N00554350EA019260209120
B1825184507951N00554345EA019240209151
B1825194507946N00554340EA019220209001
B1825204507940N00554335EA019200208993
B1825214507935N00554330EA019190208773
B1825224507930N00554325EA019170208574
B1825234507925N00554319EA019150208468
B1825244507920N00554314EA019140208254
B1825254507915N00554309EA019120208140
B1825264507910N00554303EA019110208075
B1825274507905N00554298EA019110207993
B1825284507901N00554293EA019100207840
B1825294507897N00554288EA019100207722
B1825304507893N00554283EA019090207600
B1825314507888N00554277EA019090207498
B1825324507884N00554272EA019080207373
B1825334507880N00554265EA019060207188
B1825344507876N00554258EA019050207199
B1825354507873N00554251EA019040207016
B1825364507869N00554244EA019030207135
B1825374507865N00554238EA019020207136
B1825384507861N00554233EA019030207355
B1825394507858N00554228EA019040207429
B1825404507855N00554224EA019050207440
B1825414507852N00554218EA019050207385
B1825424507850N00554212EA019050207224
B1825434507847N00554206EA019040207130
B1825444507844N00554199EA019030207054
B1825454507842N00554192EA019020206904
B1825464507839N00554185EA019010206738
B1825474507836N00554179EA019000206642
B1825484507833N00554172EA018990206546
B1825494507830N00554166EA018980206452
B1825504507827N00554159EA018970206359
B1825514507824N00554153EA018960206234
B1825524507821N00554146EA018950206209
B1825534507817N00554141EA018950206180
B1825544507814N00554134EA018950206148
B1825554507811N00554128EA018950206128
B1825564507808N00554122EA018940205938
B1825574507805N00554116EA018930205882
B1825584507803N00554109EA018920205735
B1825594507800N00554102EA018910205658
B1826004507797N00554096EA018900205537
B1826014507794N00554090EA018890205509
B1826024507790N00554084EA018880205478
B1826034507788N00554078EA018870205205
B1826044507785N00554072EA018850205130
B1826054507782N00554065EA018840205000
B1826064507778N00554058EA018830204982
B1826074507775N00554051EA018820204881
B1826084507772N00554044EA018810204891
B1826094507769N00554037EA018800204783
B1826104507766N00554030EA018800204553
B1826114507763N00554023EA018790204540
B1826124507760N00554015EA018790204475
B1826134507758N00554008EA018780204422
B1826144507755N00554001EA018780204452
B1826154507752N00553994EA018780204448
B1826164507748N00553988EA018770204372
B1826174507745N00553981EA018770204307
B1826184507741N00553975EA018770204233
B1826194507737N00553969EA018760204125
B1826204507732N00553964EA018760204190
B1826214507728N00553958EA018750204136
B1826224507723N00553953EA018750204282
B1826234507719N00553948EA018750204262
B1826244507715N00553943EA018760204220
B1826254507710N00553938EA018760204370
B1826264507706N00553933EA018760204231
B1826274507702N00553927EA018760204139
B1826284507698N00553921EA018750204038
B1826294507694N00553915EA018750204045
B1826304507690N00553909EA018740204060
B1826314507686N00553902EA018730204089
B1826324507683N00553896EA018730204038
B1826334507680N00553890EA018730204018
B1826344507676N00553884EA018730204067
B1826354507672N00553879EA018730203960
B1826364507668N00553873EA018730203860
B1826374507664N00553867EA018720203740
B1826384507660N00553860EA018720203654
B1826394507657N00553853EA018710203505
B1826404507654N00553846EA018700203420
B1826414507652N00553838EA018690203416
B1826424507650N00553830EA018680203329
B1826434507648N00553823EA018680203369
B1826444507647N00553816EA018670203319
B1826454507645N00553809EA018660203382
B1826464507644N00553801EA018660203273
B1826474507644N00553793EA018650203204
B1826484507643N00553786EA018660203441
B1826494507643N00553780EA018670203711
B1826504507642N00553775EA018680203720
B1826514507640N00553769EA018690203636
B1826524507638N00553763EA018690203432
B1826534507637N00553756EA018680203200
B1826544507636N00553748EA018670203163
B1826554507636N00553741EA018660203276
B1826564507637N00553735EA018650203203
B1826574507636N00553729EA018650203193
B1826584507636N00553723EA018650203070
B1826594507636N00553717EA018650202992
B1827004507637N00553711EA018640202831
B1827014507637N00553704EA018640202687
B1827024507638N00553697EA018620202527
B1827034507638N00553690EA018610202589
B1827044507639N00553684EA018600202446
B1827054507640N00553678EA018590202315
B1827064507640N00553672EA018580202292
B1827074507642N00553665EA018570202015
B1827084507643N00553658EA018550201857
B1827094507645N00553651EA018540201729
B1827104507646N00553645EA018520201694
B1827114507648N00553638EA018510201528
B1827124507649N00553632EA018500201423
B1827134507650N00553625EA018480201333
B1827144507651N00553618EA018470201164
B1827154507652N00553611EA018460201094
B1827164507653N00553604EA018440200997
B1827174507654N00553597EA018430200879
B1827184507655N00553591EA018430200732
B1827194507656N00553584EA018420200605
B1827204507657N00553578EA018420200500
B1827214507658N00553571EA018410200316
B1827224507659N00553565EA018400200250
B1827234507661N00553558EA018380200100
B1827244507662N00553551EA018370200172
B1827254507664N00553545EA018360200121
B1827264507665N00553539EA018370200127
B1827274507666N00553534EA018370200013
B1827284507666N00553527EA018360199868
B1827294507666N00553520EA018350199797
B1827304507667N00553513EA018340199686
B1827314507668N00553507EA018340199652
B1827324507669N00553500EA018330199708
B1827334507669N00553494EA018320199624
B1827344507669N00553487EA018310199458
B1827354507670N00553481EA018300199300
B1827364507670N00553474EA018290199190
B1827374507671N00553467EA018280199181
B1827384507672N00553460EA018270199165
B1827394507673N00553454EA018260199042
B1827404507674N00553447EA018250198837
B1827414507675N00553441EA018250198650
B1827424507676N00553434EA018230198450
B1827434507677N00553427EA018220198270
B1827444507678N00553420EA018210198191
B1827454507680N00553413EA018190198024
B1827464507682N00553407EA018180197900
B1827474507683N00553400EA018160197798
B1827484507686N00553394EA018150197512
B1827494507688N00553387EA018130197423
B1827504507690N00553380EA018120197345
B1827514507692N00553374EA018110197352
B1827524507694N00553368EA018100197292
B1827534507697N00553362EA018100197140
B1827544507699N00553355EA018110197049
B1827554507701N00553349EA018100197024
B1827564507702N00553342EA018100196998
B1827574507704N00553336EA018090196865
B1827584507706N00553330EA018090196782
B1827594507709N00553323EA018080196602
B1828004507710N00553316EA018070196590
B1828014507711N00553308EA018060196596
B1828024507712N00553301EA018050196589
B1828034507714N00553295EA018040196412
B1828044507715N00553289EA018030196290
B1828054507718N00553282EA018020196024
B1828064507720N00553275EA018010195965
B1828074507722N00553268EA018000195825
B1828084507723N00553262EA017990195722
B1828094507724N00553256EA017980195643
B1828104507726N00553250EA017960195412
B1828114507727N00553243EA017950195297
B1828124507730N00553237EA017930195201
B1828134507731N00553230EA017920195296
B1828144507734N00553225EA017910195330
B1828154507736N00553220EA017920195332
B1828164507738N00553215EA017920195134
B1828174507740N00553209EA017910194879
B1828184507743N00553203EA017890194637
B1828194507746N00553197EA017880194516
B1828204507748N00553191EA017860194447
B1828214507750N00553185EA017850194448
B1828224507752N00553180EA017840194492
B1828234507755N00553175EA017830194462
B1828244507758N00553170EA017840194564
B1828254507761N00553165EA017840194436
B1828264507763N00553159EA017830194305
B1828274507764N00553153EA017830194133
B1828284507765N00553146EA017820194058
B1828294507766N00553140EA017800193986
B1828304507768N00553134EA017790193828
B1828314507769N00553129EA017780193652
B1828324507771N00553123EA017760193405
B1828334507772N00553117EA017740193165
B1828344507774N00553110EA017720192855
B1828354507776N00553103EA017690192719
B1828364507777N00553097EA017670192505
B1828374507777N00553091EA017650192493
B1828384507778N00553085EA017630192395
B1828394507780N00553080EA017620192150
B1828404507782N00553075EA017600191920
B1828414507784N00553068EA017590191706
B1828424507785N00553062EA017570191660
B1828434507787N00553056EA017560191655
B1828444507789N00553051EA017550191437
B1828454507790N00553046EA017530191142
B1828464507790N00553040EA017520190931
B1828474507789N00553034EA017500190792
B1828484507789N00553028EA017480190695
B1828494507790N00553022EA017470190533
B1828504507790N00553016EA017450190393
B1828514507791N00553010EA017440190301
B1828524507790N00553004EA017440190240
B1828534507789N00552998EA017440190195
B1828544507788N00552992EA017430190097
B1828554507787N00552986EA017430189966
B1828564507785N00552980EA017420189892
B1828574507784N00552973EA017410189818
B1828584507782N00552967EA017400189855
B1828594507781N00552962EA017390189730
B1829004507779N00552956EA017390189694
B1829014507778N00552950EA017380189487
B1829024507777N00552944EA017360189183
B1829034507776N00552937EA017350188953
B1829044507774N00552930EA017330188892
B1829054507773N00552923EA017310188848
B1829064507772N00552918EA017300188801
B1829074507770N00552912EA017290188626
B1829084507768N00552906EA017280188436
B1829094507766N00552899EA017260188239
B1829104507764N00552892EA017240188087
B1829114507763N00552885EA017220187966
B1829124507762N00552878EA017210187829
B1829134507760N00552872EA017200187793
B1829144507760N00552865EA017200187807
B1829154507759N00552859EA017200187711
B1829164507758N00552852EA017210187777
B1829174507758N00552845EA017200187649
B1829184507758N00552838EA017200187668
B1829194507758N00552830EA017190187698
B1829204507758N00552822EA017190187698
B1829214507758N00552816EA017190187741
B1829224507757N00552809EA017200187825
B1829234507756N00552803EA017200187771
B1829244507757N00552796EA017210187704
B1829254507757N00552789EA017210187778
B1829264507758N00552783EA017210187835
B1829274507758N00552778EA017210187880
B1829284507759N00552772EA017210187903
B1829294507758N00552766EA017220187956
B1829304507758N00552760EA017220187812
B1829314507758N00552753EA017220187856
B1829324507758N00552746EA017220187998
B1829334507758N00552740EA017220188071
B1829344507757N00552733EA017230188185
B1829354507756N00552727EA017240188338
B1829364507755N00552722EA017250188434
B1829374507754N00552717EA017260188351
B1829384507754N00552711EA017260188233
B1829394507754N00552704EA017260188239
B1829404507754N00552698EA017250188155
B1829414507754N00552691EA017250188268
B1829424507754N00552685EA017250188226
B1829434507753N00552679EA017250188174
B1829444507753N00552673EA017250188036
B1829454507753N00552667EA017240187986
B1829464507755N00552661EA017230187816
B1829474507756N00552655EA017220187744
B1829484507757N00552649EA017220187722
B1829494507758N00552643EA017210187705
B1829504507758N00552638EA017200187670
B1829514507759N00552632EA017200187655
B1829524507760N00552626EA017200187508
B1829534507760N00552621EA017190187540
B1829544507760N00552614EA017190187488
B1829554507760N00552608EA017190187473
B1829564507760N00552601EA017180187309
B1829574507758N00552595EA017170187159
B1829584507756N00552589EA017160186908
B1829594507752N00552583EA017140186646
B1830004507748N00552577EA017120186416
B1830014507743N00552571EA017100186486
B1830024507740N00552565EA017090186486
B1830034507738N00552560EA017080186351
B1830044507736N00552554EA017080186275
B1830054507734N00552548EA017070185974
B1830064507732N00552541EA017060185626
B1830074507729N00552534EA017030185451
B1830084507726N00552527EA017010185425
B1830094507722N00552524EA017000185488
B1830104507718N00552524EA016990185318
B1830114507713N00552530EA016980184956
B1830124507711N00552540EA016960184509
B1830134507712N00552551EA016940184291
B1830144507716N00552558EA016910184398
B1830154507720N00552564EA016890184460
B1830164507724N00552566EA016890184406
B1830174507727N00552569EA016890184256
B1830184507731N00552573EA016880183865
B1830194507736N00552577EA016870183548
B1830204507740N00552582EA016850183468
B1830214507742N00552589EA016830183349
B1830224507741N00552596EA016810182894
B1830234507736N00552601EA016780182115
B1830244507728N00552599EA016740181624
B1830254507722N00552593EA016680181393
B1830264507719N00552585EA016650181598
B1830274507718N00552581EA016630181629
B1830284507715N00552579EA016640181564
B1830294507712N00552577EA016640181281
B1830304507709N00552572EA016630180887
B1830314507706N00552565EA016610180389
B1830324507704N00552558EA016580180232
B1830334507702N00552551EA016560180304
B1830344507699N00552545EA016540180589
B1830354507697N00552542EA016540180651
B1830364507694N00552538EA016550180579
B1830374507690N00552536EA016540180278
B1830384507685N00552534EA016540180074
B1830394507680N00552531EA016520179968
B1830404507675N00552529EA016510179942
B1830414507670N00552529EA016500179903
B1830424507665N00552530EA016500179909
B1830434507660N00552536EA016500179852
B1830444507658N00552545EA016500179720
B1830454507660N00552555EA016490179480
B1830464507666N00552561EA016470179132
B1830474507672N00552563EA016440179010
B1830484507677N00552563EA016420179202
B1830494507680N00552562EA016420179305
B1830504507682N00552561EA016420179218
B1830514507684N00552561EA016420178980
B1830524507688N00552559EA016410178680
B1830534507693N00552555EA016390178414
B1830544507697N00552553EA016370178411
B1830554507700N00552554EA016360178352
B1830564507702N00552563EA016350177890
B1830574507701N00552572EA016320177218
B1830584507693N00552579EA016280176977
B1830594507685N00552579EA016240176699
B1831004507679N00552577EA016210176842
B1831014507674N00552574EA016200177019
B1831024507669N00552575EA016210177096
B1831034507666N00552576EA016220176845
B1831044507661N00552577EA016220176665
B1831054507656N00552578EA016210176443
B1831064507651N00552581EA016190176249
B1831074507647N00552587EA016170175912
B1831084507642N00552593EA016150175735
B1831094507638N00552600EA016130175675
B1831104507635N00552608EA016110175661
B1831114507633N00552615EA016090175657
B1831124507633N00552624EA016070175570
B1831134507636N00552631EA016060175306
B1831144507640N00552637EA016040175039
B1831154507645N00552641EA016020174814
B1831164507650N00552643EA016000174709
B1831174507654N00552646EA015990174778
B1831184507659N00552649EA015990174607
B1831194507662N00552653EA015990174582
B1831204507666N00552656EA015980174487
B1831214507670N00552660EA015980174384
B1831224507675N00552663EA015970174260
B1831234507680N00552664EA015960174153
B1831244507685N00552665EA015950174135
B1831254507689N00552666EA015940174065
B1831264507693N00552667EA015930174040
B1831274507696N00552667EA015920173980
B1831284507699N00552667EA015910173953
B1831294507701N00552667EA015900173936
B1831304507702N00552667EA015910173908
B1831314507702N00552667EA015910173887
B1831324507702N00552667EA015910173887
B1831334507702N00552667EA015910173887
B1831344507702N00552667EA015910173887
B1831354507702N00552667EA015910173887
B1831364507702N00552667EA015910173887
B1831374507702N00552667EA015910173887
B1831384507702N00552667EA015910173887
B1831394507702N00552667EA015910173887
B1831404507702N00552667EA015910173887
B1831414507702N00552667EA015910173887
B1831424507702N00552667EA015910173887
B1831434507702N00552667EA015910173887
B1831444507702N00552667EA015910173887
B1831454507702N00552667EA015910173887
B1831464507702N00552667EA015910173887
LXCTFAICIVLCOMPLIANT true
G2F3FA49531CDCF00D9B797B85A2B2877861D2D79DDDE501F71DA969E1F5E1B85
G14B9ADD401F45703DE7642BEDE540ACD32AD0E45EE673E9FA7C5246A6A24A4B6
G39C97AE745F95BFF850D90770E374104F65F6636778A270143F046F6C560D4D1
GF02D82AE7BA6B56BE1CA2EE9D48AE10A06EE0A9287F571CC385813D5697A71EA
GA136DAB46DAC7593BE8397EF327A23D96DCA91879D5FA88E1B446E8622F7A588
G6E0CBDADE6D8144CA8D0F32269C76542299E9483671E6CA8021F6C312F589BBC
G434041C68F9812A111A0AF773CC868C335E1B3B0E44D4825FF0A3C52A4F33BAC
G0A5A9885AE72C696163487B7306F542C327B7839962DB4FDC94A8D9ACBE1E87D
